word	reference
aaron	Mosiah 27:34
aaron	Mosiah 29:2
aaron	Mosiah 29:3
aaron	Mosiah 29:3
aaron	Alma 8:13
aaron	Alma 20:2
aaron	Alma 21:1
aaron	Alma 21:4
aaron	Alma 21:5
aaron	Alma 21:7
aaron	Alma 21:9
aaron	Alma 21:13
aaron	Alma 22:1
aaron	Alma 22:4
aaron	Alma 22:7
aaron	Alma 22:8
aaron	Alma 22:10
aaron	Alma 22:12
aaron	Alma 22:13
aaron	Alma 22:14
aaron	Alma 22:15
aaron	Alma 22:16
aaron	Alma 22:17
aaron	Alma 22:18
aaron	Alma 22:19
aaron	Alma 22:20
aaron	Alma 22:21
aaron	Alma 22:22
aaron	Alma 22:24
aaron	Alma 22:25
aaron	Alma 22:26
aaron	Alma 22:35
aaron	Alma 23:1
aaron	Alma 23:4
aaron	Alma 23:16
aaron	Alma 25:6
aaron	Alma 25:17
aaron	Alma 26:10
aaron	Alma 27:19
aaron	Alma 27:25
aaron	Alma 31:6
aaron	Alma 31:32
aaron	Alma 50:14
aaron	Alma 50:14
aaron	Mormon 2:9
aaron	Ether 1:15
aaron	Ether 1:16
aaron	Ether 10:31
aaron	Ether 10:31
aaron	Moroni 9:17
aaswer	Alma 11:21
abel	Helaman 6:27
abhorrest	2 Nephi 17:16
abhorreth	1 Nephi 21:7
abhorreth	2 Nephi 9:49
abinadi	Mosiah 11:20
abinadi	Mosiah 11:26
abinadi	Mosiah 11:27
abinadi	Mosiah 11:27
abinadi	Mosiah 11:28
abinadi	Mosiah 11:29
abinadi	Mosiah 12:1
abinadi	Mosiah 12:1
abinadi	Mosiah 12:8
abinadi	Mosiah 12:17
abinadi	Mosiah 12:25
abinadi	Mosiah 12:33
abinadi	Mosiah 12:37
abinadi	Mosiah 13:5
abinadi	Mosiah 13:25
abinadi	Mosiah 15:1
abinadi	Mosiah 16:1
abinadi	Mosiah 17:1
abinadi	Mosiah 17:2
abinadi	Mosiah 17:2
abinadi	Mosiah 17:2
abinadi	Mosiah 17:4
abinadi	Mosiah 17:5
abinadi	Mosiah 17:7
abinadi	Mosiah 17:9
abinadi	Mosiah 17:20
abinadi	Mosiah 18:1
abinadi	Mosiah 20:21
abinadi	Mosiah 21:30
abinadi	Mosiah 21:30
abinadi	Mosiah 24:5
abinadi	Mosiah 24:9
abinadi	Mosiah 26:15
abinadi	Alma 5:11
abinadi	Alma 25:9
abinadi	Alma 25:11
abinadi	Mormon 1:19
abinadom	Omni 1:10
abinadom	Omni 1:12
abish	Alma 19:16
ablom	Ether 9:3
abominations	1 Nephi 1:13
abominations	1 Nephi 1:19
abominations	1 Nephi 12:23
abominations	1 Nephi 14:9
abominations	1 Nephi 14:10
abominations	1 Nephi 14:12
abominations	1 Nephi 14:13
abominations	1 Nephi 14:16
abominations	2 Nephi 10:15
abominations	2 Nephi 25:2
abominations	2 Nephi 27:1
abominations	2 Nephi 27:8
abominations	2 Nephi 28:14
abominations	2 Nephi 28:17
abominations	Jacob 2:10
abominations	Jacob 2:31
abominations	Mosiah 3:7
abominations	Mosiah 3:25
abominations	Mosiah 7:20
abominations	Mosiah 7:26
abominations	Mosiah 11:20
abominations	Mosiah 12:1
abominations	Mosiah 12:7
abominations	Mosiah 12:8
abominations	Mosiah 28:15
abominations	Mosiah 29:18
abominations	Mosiah 29:18
abominations	Mosiah 29:24
abominations	Mosiah 29:36
abominations	Alma 4:3
abominations	Alma 13:17
abominations	Alma 21:3
abominations	Alma 37:21
abominations	Alma 37:22
abominations	Alma 37:23
abominations	Alma 37:25
abominations	Alma 37:25
abominations	Alma 37:26
abominations	Alma 37:27
abominations	Alma 37:29
abominations	Alma 37:29
abominations	Alma 37:29
abominations	Alma 50:21
abominations	Helaman 3:14
abominations	Helaman 6:24
abominations	Helaman 6:28
abominations	Helaman 6:34
abominations	Helaman 7:27
abominations	Helaman 9:23
abominations	Helaman 13:14
abominations	Helaman 13:15
abominations	Helaman 13:16
abominations	Helaman 13:17
abominations	3 Nephi 2:3
abominations	3 Nephi 5:3
abominations	3 Nephi 7:15
abominations	3 Nephi 9:2
abominations	3 Nephi 9:5
abominations	3 Nephi 9:7
abominations	3 Nephi 9:8
abominations	3 Nephi 9:10
abominations	3 Nephi 9:11
abominations	3 Nephi 9:12
abominations	3 Nephi 16:10
abominations	3 Nephi 30:2
abominations	3 Nephi 30:2
abominations	4 Nephi 1:39
abominations	Mormon 2:18
abominations	Mormon 2:18
abominations	Mormon 2:18
abominations	Mormon 2:27
abominations	Mormon 8:31
abominations	Mormon 8:40
abominations	Ether 10:7
abominations	Ether 11:22
abominations	Ether 14:25
abominations	Moroni 9:15
abraham	1 Nephi 6:4
abraham	1 Nephi 15:18
abraham	1 Nephi 17:40
abraham	1 Nephi 19:10
abraham	1 Nephi 22:9
abraham	2 Nephi 8:2
abraham	2 Nephi 27:33
abraham	2 Nephi 29:14
abraham	Jacob 4:5
abraham	Mosiah 7:19
abraham	Mosiah 23:23
abraham	Alma 5:24
abraham	Alma 7:25
abraham	Alma 13:15
abraham	Alma 13:15
abraham	Alma 29:11
abraham	Alma 36:2
abraham	Helaman 3:30
abraham	Helaman 8:16
abraham	Helaman 8:17
abraham	Helaman 8:18
abraham	Helaman 8:18
abraham	Helaman 8:19
abraham	3 Nephi 4:30
abraham	3 Nephi 20:25
abraham	3 Nephi 20:27
abraham	Mormon 5:20
abraham	Mormon 9:11
abraham	Ether 13:11
abridgement	Mormon 5:9
accounts	3 Nephi 5:16
acknowledgeth	Moroni 10:6
acres	2 Nephi 15:10
adhear	Alma 60:34
adminster	Mosiah 4:16
admonitions	2 Nephi 4:13
adulterers	3 Nephi 24:5
advantages	3 Nephi 2:18
adversaries	2 Nephi 19:11
adversaries	2 Nephi 21:13
adversaries	Alma 1:22
adversaries	3 Nephi 20:17
adversaries	3 Nephi 21:13
advocateth	Moroni 7:28
affairs	Mosiah 1:15
affairs	Mosiah 11:4
affairs	Mosiah 26:37
affairs	Mosiah 26:37
affairs	Mosiah 29:11
affairs	Mosiah 29:42
affairs	Alma 1:28
affairs	Alma 46:7
affairs	Alma 49:11
affairs	Alma 51:12
affairs	Alma 56:1
affairs	Alma 58:4
affairs	Alma 60:1
affairs	Helaman 3:1
affairs	Helaman 16:8
affairs	Helaman 16:12
affairs	3 Nephi 7:13
affairs	4 Nephi 1:40
affections	Alma 37:36
afflictions	1 Nephi 1:1
afflictions	1 Nephi 15:5
afflictions	1 Nephi 15:5
afflictions	1 Nephi 16:20
afflictions	1 Nephi 16:35
afflictions	1 Nephi 17:6
afflictions	1 Nephi 17:20
afflictions	1 Nephi 18:16
afflictions	1 Nephi 18:19
afflictions	2 Nephi 1:5
afflictions	2 Nephi 2:1
afflictions	2 Nephi 2:2
afflictions	2 Nephi 3:1
afflictions	2 Nephi 3:3
afflictions	2 Nephi 4:20
afflictions	2 Nephi 4:26
afflictions	2 Nephi 4:29
afflictions	Jacob 3:1
afflictions	Mosiah 1:17
afflictions	Mosiah 7:23
afflictions	Mosiah 7:28
afflictions	Mosiah 8:7
afflictions	Mosiah 9:3
afflictions	Mosiah 11:25
afflictions	Mosiah 12:4
afflictions	Mosiah 21:5
afflictions	Mosiah 21:6
afflictions	Mosiah 21:14
afflictions	Mosiah 24:10
afflictions	Mosiah 24:13
afflictions	Mosiah 24:14
afflictions	Mosiah 25:6
afflictions	Mosiah 26:38
afflictions	Alma 4:3
afflictions	Alma 4:13
afflictions	Alma 4:15
afflictions	Alma 7:5
afflictions	Alma 7:5
afflictions	Alma 7:11
afflictions	Alma 14:26
afflictions	Alma 17:5
afflictions	Alma 17:11
afflictions	Alma 17:30
afflictions	Alma 20:29
afflictions	Alma 22:34
afflictions	Alma 25:6
afflictions	Alma 26:27
afflictions	Alma 26:30
afflictions	Alma 28:8
afflictions	Alma 31:31
afflictions	Alma 31:33
afflictions	Alma 31:38
afflictions	Alma 32:6
afflictions	Alma 33:11
afflictions	Alma 33:11
afflictions	Alma 34:3
afflictions	Alma 34:40
afflictions	Alma 34:41
afflictions	Alma 34:41
afflictions	Alma 36:2
afflictions	Alma 36:3
afflictions	Alma 36:27
afflictions	Alma 38:5
afflictions	Alma 53:13
afflictions	Alma 53:15
afflictions	Alma 56:7
afflictions	Alma 56:16
afflictions	Alma 60:3
afflictions	Alma 60:17
afflictions	Alma 61:2
afflictions	Alma 61:3
afflictions	Alma 62:37
afflictions	Alma 62:41
afflictions	Alma 62:50
afflictions	Helaman 12:3
afflictions	Helaman 15:12
afflictions	3 Nephi 2:19
afflictions	3 Nephi 6:13
afflictions	Mormon 5:1
agates	3 Nephi 22:12
agosh	Ether 14:15
agosh	Ether 14:16
agreements	Alma 37:27
ahah	Ether 1:9
ahah	Ether 1:10
ahah	Ether 11:10
ahah	Ether 11:11
ahaz	2 Nephi 17:1
ahaz	2 Nephi 17:3
ahaz	2 Nephi 17:10
ahaz	2 Nephi 17:12
ahaz	2 Nephi 24:28
aiath	2 Nephi 20:28
akish	Ether 8:10
akish	Ether 8:11
akish	Ether 8:11
akish	Ether 8:13
akish	Ether 8:14
akish	Ether 8:14
akish	Ether 8:15
akish	Ether 8:15
akish	Ether 8:17
akish	Ether 8:17
akish	Ether 9:1
akish	Ether 9:4
akish	Ether 9:5
akish	Ether 9:6
akish	Ether 9:7
akish	Ether 9:10
akish	Ether 9:11
akish	Ether 9:11
akish	Ether 9:11
akish	Ether 9:12
akish	Ether 9:12
akish	Ether 14:3
akish	Ether 14:4
akish	Ether 14:14
allotteth	Alma 29:4
altered	Alma 11:4
altered	Alma 49:11
altered	Alma 51:2
altered	Alma 51:3
altered	Alma 51:4
altered	Alma 51:5
altered	Helaman 4:22
altered	Mormon 9:32
altered	Mormon 9:33
altering	Alma 51:3
amaleki	Omni 1:12
amaleki	Omni 1:23
amaleki	Omni 1:30
amaleki	Words of Mormon 1:3
amaleki	Words of Mormon 1:10
amaleki	Mosiah 7:6
amalekite	Alma 21:5
amalekites	Alma 21:2
amalekites	Alma 21:3
amalekites	Alma 21:4
amalekites	Alma 21:4
amalekites	Alma 21:16
amalekites	Alma 22:7
amalekites	Alma 23:14
amalekites	Alma 24:1
amalekites	Alma 24:1
amalekites	Alma 24:28
amalekites	Alma 24:29
amalekites	Alma 27:2
amalekites	Alma 27:12
amalekites	Alma 43:6
amalekites	Alma 43:6
amalekites	Alma 43:13
amalekites	Alma 43:20
amalekites	Alma 43:44
amalickiah	Alma 46:3
amalickiah	Alma 46:4
amalickiah	Alma 46:5
amalickiah	Alma 46:6
amalickiah	Alma 46:7
amalickiah	Alma 46:10
amalickiah	Alma 46:11
amalickiah	Alma 46:28
amalickiah	Alma 46:29
amalickiah	Alma 46:30
amalickiah	Alma 46:30
amalickiah	Alma 46:30
amalickiah	Alma 46:31
amalickiah	Alma 46:32
amalickiah	Alma 46:33
amalickiah	Alma 47:1
amalickiah	Alma 47:3
amalickiah	Alma 47:4
amalickiah	Alma 47:8
amalickiah	Alma 47:11
amalickiah	Alma 47:12
amalickiah	Alma 47:13
amalickiah	Alma 47:13
amalickiah	Alma 47:13
amalickiah	Alma 47:14
amalickiah	Alma 47:15
amalickiah	Alma 47:15
amalickiah	Alma 47:16
amalickiah	Alma 47:18
amalickiah	Alma 47:19
amalickiah	Alma 47:20
amalickiah	Alma 47:21
amalickiah	Alma 47:21
amalickiah	Alma 47:22
amalickiah	Alma 47:25
amalickiah	Alma 47:27
amalickiah	Alma 47:27
amalickiah	Alma 47:30
amalickiah	Alma 47:32
amalickiah	Alma 47:33
amalickiah	Alma 47:34
amalickiah	Alma 47:35
amalickiah	Alma 48:1
amalickiah	Alma 48:7
amalickiah	Alma 49:10
amalickiah	Alma 49:11
amalickiah	Alma 49:25
amalickiah	Alma 51:9
amalickiah	Alma 51:11
amalickiah	Alma 51:12
amalickiah	Alma 51:23
amalickiah	Alma 51:23
amalickiah	Alma 51:25
amalickiah	Alma 51:27
amalickiah	Alma 51:30
amalickiah	Alma 51:32
amalickiah	Alma 51:33
amalickiah	Alma 51:37
amalickiah	Alma 52:1
amalickiah	Alma 52:3
amalickiah	Alma 52:3
amalickiah	Alma 54:16
amalickiah	Alma 55:5
amalickiah	Alma 62:35
amalickiahites	Alma 46:28
amalickiahites	Alma 46:29
amalickiahites	Alma 46:35
amalickiahites	Alma 49:9
amaron	Omni 1:3
amaron	Omni 1:4
amgid	Ether 10:32
amgid	Ether 10:32
aminadab	Helaman 5:39
aminadab	Helaman 5:39
aminadab	Helaman 5:41
aminadi	Alma 10:2
aminadi	Alma 10:2
aminadi	Alma 10:3
amlici	Alma 2:1
amlici	Alma 2:2
amlici	Alma 2:2
amlici	Alma 2:3
amlici	Alma 2:4
amlici	Alma 2:5
amlici	Alma 2:7
amlici	Alma 2:8
amlici	Alma 2:9
amlici	Alma 2:10
amlici	Alma 2:11
amlici	Alma 2:11
amlici	Alma 2:14
amlici	Alma 2:29
amlici	Alma 2:31
amlici	Alma 2:31
amlicites	Alma 2:11
amlicites	Alma 2:12
amlicites	Alma 2:13
amlicites	Alma 2:15
amlicites	Alma 2:16
amlicites	Alma 2:17
amlicites	Alma 2:17
amlicites	Alma 2:17
amlicites	Alma 2:18
amlicites	Alma 2:19
amlicites	Alma 2:19
amlicites	Alma 2:20
amlicites	Alma 2:21
amlicites	Alma 2:22
amlicites	Alma 2:22
amlicites	Alma 2:24
amlicites	Alma 2:24
amlicites	Alma 2:27
amlicites	Alma 2:28
amlicites	Alma 2:34
amlicites	Alma 2:35
amlicites	Alma 3:3
amlicites	Alma 3:4
amlicites	Alma 3:13
amlicites	Alma 3:18
amlicites	Alma 3:20
amlicites	Alma 3:20
ammah	Alma 20:2
ammah	Alma 21:11
ammaron	4 Nephi 1:47
ammaron	4 Nephi 1:48
ammaron	4 Nephi 1:49
ammaron	Mormon 1:2
ammaron	Mormon 1:2
ammaron	Mormon 1:5
ammaron	Mormon 2:17
ammaron	Mormon 2:17
ammaron	Mormon 2:17
ammaron	Mormon 4:23
ammon	2 Nephi 21:14
ammon	Mosiah 7:3
ammon	Mosiah 7:6
ammon	Mosiah 7:12
ammon	Mosiah 7:13
ammon	Mosiah 7:14
ammon	Mosiah 7:16
ammon	Mosiah 8:2
ammon	Mosiah 8:5
ammon	Mosiah 8:6
ammon	Mosiah 8:6
ammon	Mosiah 8:13
ammon	Mosiah 8:16
ammon	Mosiah 8:19
ammon	Mosiah 21:22
ammon	Mosiah 21:23
ammon	Mosiah 21:25
ammon	Mosiah 21:26
ammon	Mosiah 21:28
ammon	Mosiah 21:28
ammon	Mosiah 21:29
ammon	Mosiah 21:32
ammon	Mosiah 21:33
ammon	Mosiah 21:36
ammon	Mosiah 22:1
ammon	Mosiah 22:11
ammon	Mosiah 27:34
ammon	Alma 17:18
ammon	Alma 17:19
ammon	Alma 17:20
ammon	Alma 17:21
ammon	Alma 17:22
ammon	Alma 17:23
ammon	Alma 17:24
ammon	Alma 17:24
ammon	Alma 17:25
ammon	Alma 17:25
ammon	Alma 17:27
ammon	Alma 17:27
ammon	Alma 17:29
ammon	Alma 17:30
ammon	Alma 17:32
ammon	Alma 17:33
ammon	Alma 17:34
ammon	Alma 17:35
ammon	Alma 17:36
ammon	Alma 17:37
ammon	Alma 17:39
ammon	Alma 18:2
ammon	Alma 18:10
ammon	Alma 18:10
ammon	Alma 18:12
ammon	Alma 18:14
ammon	Alma 18:15
ammon	Alma 18:16
ammon	Alma 18:18
ammon	Alma 18:19
ammon	Alma 18:22
ammon	Alma 18:24
ammon	Alma 18:26
ammon	Alma 18:28
ammon	Alma 18:28
ammon	Alma 18:30
ammon	Alma 18:32
ammon	Alma 18:34
ammon	Alma 18:36
ammon	Alma 19:2
ammon	Alma 19:3
ammon	Alma 19:6
ammon	Alma 19:9
ammon	Alma 19:10
ammon	Alma 19:11
ammon	Alma 19:12
ammon	Alma 19:14
ammon	Alma 19:14
ammon	Alma 19:15
ammon	Alma 19:17
ammon	Alma 19:18
ammon	Alma 19:21
ammon	Alma 19:22
ammon	Alma 19:22
ammon	Alma 19:22
ammon	Alma 19:23
ammon	Alma 19:24
ammon	Alma 19:25
ammon	Alma 19:27
ammon	Alma 19:31
ammon	Alma 19:33
ammon	Alma 20:1
ammon	Alma 20:2
ammon	Alma 20:3
ammon	Alma 20:4
ammon	Alma 20:5
ammon	Alma 20:7
ammon	Alma 20:8
ammon	Alma 20:14
ammon	Alma 20:15
ammon	Alma 20:15
ammon	Alma 20:17
ammon	Alma 20:19
ammon	Alma 20:20
ammon	Alma 20:20
ammon	Alma 20:21
ammon	Alma 20:21
ammon	Alma 20:22
ammon	Alma 20:24
ammon	Alma 20:25
ammon	Alma 20:26
ammon	Alma 20:28
ammon	Alma 20:28
ammon	Alma 20:29
ammon	Alma 20:30
ammon	Alma 21:1
ammon	Alma 21:14
ammon	Alma 21:18
ammon	Alma 21:19
ammon	Alma 21:23
ammon	Alma 22:1
ammon	Alma 22:2
ammon	Alma 22:3
ammon	Alma 22:6
ammon	Alma 22:35
ammon	Alma 23:1
ammon	Alma 23:6
ammon	Alma 24:5
ammon	Alma 24:5
ammon	Alma 25:17
ammon	Alma 26:1
ammon	Alma 26:10
ammon	Alma 26:10
ammon	Alma 26:11
ammon	Alma 27:4
ammon	Alma 27:4
ammon	Alma 27:7
ammon	Alma 27:9
ammon	Alma 27:11
ammon	Alma 27:13
ammon	Alma 27:15
ammon	Alma 27:16
ammon	Alma 27:17
ammon	Alma 27:25
ammon	Alma 27:25
ammon	Alma 27:26
ammon	Alma 28:1
ammon	Alma 28:8
ammon	Alma 30:1
ammon	Alma 30:19
ammon	Alma 30:20
ammon	Alma 31:6
ammon	Alma 31:32
ammon	Alma 35:8
ammon	Alma 35:8
ammon	Alma 35:9
ammon	Alma 35:10
ammon	Alma 35:11
ammon	Alma 35:13
ammon	Alma 35:14
ammon	Alma 37:9
ammon	Alma 43:11
ammon	Alma 43:13
ammon	Alma 47:29
ammon	Alma 48:18
ammon	Alma 49:30
ammon	Alma 53:10
ammon	Alma 53:10
ammon	Alma 53:11
ammon	Alma 56:3
ammon	Alma 58:39
ammon	Alma 62:17
ammon	Alma 62:27
ammon	Alma 62:29
ammon	Helaman 3:12
ammon	Helaman 5:21
ammon	Ether 12:15
ammonihah	Alma 8:6
ammonihah	Alma 8:7
ammonihah	Alma 8:8
ammonihah	Alma 8:9
ammonihah	Alma 8:14
ammonihah	Alma 8:16
ammonihah	Alma 8:18
ammonihah	Alma 8:18
ammonihah	Alma 9:1
ammonihah	Alma 10:1
ammonihah	Alma 14:23
ammonihah	Alma 15:1
ammonihah	Alma 15:15
ammonihah	Alma 15:16
ammonihah	Alma 16:2
ammonihah	Alma 16:3
ammonihah	Alma 16:9
ammonihah	Alma 16:11
ammonihah	Alma 25:2
ammonihah	Alma 49:1
ammonihah	Alma 49:3
ammonihah	Alma 49:10
ammonihah	Alma 49:11
ammonihah	Alma 49:14
ammonihah	Alma 49:15
ammonihah	Helaman 5:10
ammonihahites	Alma 16:9
ammonites	Alma 56:57
ammonites	Alma 57:6
ammoron	Alma 52:3
ammoron	Alma 52:3
ammoron	Alma 52:12
ammoron	Alma 54:1
ammoron	Alma 54:4
ammoron	Alma 54:4
ammoron	Alma 54:5
ammoron	Alma 54:15
ammoron	Alma 54:16
ammoron	Alma 54:23
ammoron	Alma 55:1
ammoron	Alma 55:1
ammoron	Alma 55:2
ammoron	Alma 55:3
ammoron	Alma 56:18
ammoron	Alma 56:20
ammoron	Alma 57:1
ammoron	Alma 57:3
ammoron	Alma 57:17
ammoron	Alma 59:7
ammoron	Alma 62:33
ammoron	Alma 62:35
ammoron	Alma 62:35
ammoron	Helaman 1:16
amnigaddah	Ether 1:14
amnigaddah	Ether 1:15
amnigaddah	Ether 10:31
amnigaddah	Ether 10:31
amnihu	Alma 2:15
amnor	Alma 2:22
amnor	Alma 11:6
amnor	Alma 11:11
amoron	Moroni 9:7
amos	4 Nephi 1:19
amos	4 Nephi 1:21
amos	4 Nephi 1:21
amos	4 Nephi 1:47
amoz	2 Nephi 12:1
amoz	2 Nephi 23:1
amulek	Alma 8:21
amulek	Alma 8:22
amulek	Alma 8:23
amulek	Alma 8:26
amulek	Alma 8:27
amulek	Alma 8:29
amulek	Alma 8:30
amulek	Alma 9:1
amulek	Alma 9:34
amulek	Alma 9:34
amulek	Alma 10:1
amulek	Alma 10:2
amulek	Alma 10:7
amulek	Alma 10:12
amulek	Alma 10:16
amulek	Alma 10:17
amulek	Alma 10:24
amulek	Alma 10:25
amulek	Alma 10:28
amulek	Alma 10:31
amulek	Alma 11:20
amulek	Alma 11:21
amulek	Alma 11:21
amulek	Alma 11:22
amulek	Alma 11:23
amulek	Alma 11:27
amulek	Alma 11:34
amulek	Alma 11:36
amulek	Alma 11:39
amulek	Alma 11:46
amulek	Alma 11:46
amulek	Alma 12:1
amulek	Alma 12:1
amulek	Alma 12:1
amulek	Alma 12:1
amulek	Alma 12:7
amulek	Alma 12:8
amulek	Alma 12:12
amulek	Alma 12:24
amulek	Alma 14:2
amulek	Alma 14:2
amulek	Alma 14:3
amulek	Alma 14:5
amulek	Alma 14:7
amulek	Alma 14:9
amulek	Alma 14:10
amulek	Alma 14:12
amulek	Alma 14:14
amulek	Alma 14:17
amulek	Alma 14:23
amulek	Alma 14:25
amulek	Alma 14:27
amulek	Alma 14:28
amulek	Alma 14:28
amulek	Alma 14:29
amulek	Alma 14:29
amulek	Alma 14:29
amulek	Alma 15:1
amulek	Alma 15:3
amulek	Alma 15:4
amulek	Alma 15:15
amulek	Alma 15:16
amulek	Alma 15:16
amulek	Alma 15:18
amulek	Alma 16:13
amulek	Alma 16:15
amulek	Alma 31:6
amulek	Alma 31:32
amulek	Alma 34:1
amulek	Alma 35:1
amulek	Helaman 5:10
amulek	Helaman 5:41
amulek	Ether 12:13
amulon	Mosiah 23:31
amulon	Mosiah 23:31
amulon	Mosiah 23:32
amulon	Mosiah 23:33
amulon	Mosiah 23:34
amulon	Mosiah 23:35
amulon	Mosiah 23:39
amulon	Mosiah 24:1
amulon	Mosiah 24:1
amulon	Mosiah 24:4
amulon	Mosiah 24:5
amulon	Mosiah 24:8
amulon	Mosiah 24:9
amulon	Mosiah 24:11
amulon	Mosiah 25:12
amulon	Alma 21:2
amulon	Alma 24:1
amulon	Alma 25:4
amulon	Alma 25:7
amulon	Alma 25:8
amulonites	Alma 21:3
amulonites	Alma 21:4
amulonites	Alma 23:14
amulonites	Alma 24:1
amulonites	Alma 24:1
amulonites	Alma 24:28
amulonites	Alma 24:29
anathoth	2 Nephi 20:30
ancients	2 Nephi 13:14
ancients	Ether 9:5
ancients	Ether 10:33
ancles	1 Nephi 18:15
angelah	Mormon 2:4
angels	1 Nephi 1:8
angels	1 Nephi 11:30
angels	1 Nephi 16:38
angels	2 Nephi 4:24
angels	2 Nephi 9:9
angels	2 Nephi 9:16
angels	2 Nephi 31:13
angels	2 Nephi 31:14
angels	2 Nephi 32:2
angels	2 Nephi 32:2
angels	2 Nephi 32:3
angels	Jacob 3:11
angels	Jacob 7:5
angels	Jacob 7:17
angels	Omni 1:25
angels	Mosiah 26:27
angels	Alma 9:21
angels	Alma 10:20
angels	Alma 10:21
angels	Alma 12:29
angels	Alma 13:22
angels	Alma 13:24
angels	Alma 13:25
angels	Alma 13:26
angels	Alma 18:30
angels	Alma 19:34
angels	Alma 21:5
angels	Alma 24:14
angels	Alma 27:4
angels	Alma 32:23
angels	Alma 36:22
angels	Helaman 5:11
angels	Helaman 5:36
angels	Helaman 5:39
angels	Helaman 5:48
angels	Helaman 13:37
angels	Helaman 16:14
angels	3 Nephi 7:15
angels	3 Nephi 7:15
angels	3 Nephi 7:18
angels	3 Nephi 9:2
angels	3 Nephi 17:24
angels	3 Nephi 17:24
angels	3 Nephi 19:14
angels	3 Nephi 19:15
angels	3 Nephi 27:30
angels	3 Nephi 28:30
angels	Moroni 7:17
angels	Moroni 7:22
angels	Moroni 7:25
angels	Moroni 7:29
angels	Moroni 7:36
angels	Moroni 7:37
angels	Moroni 10:14
angles	Helaman 10:6
ani	Alma 21:11
animals	1 Nephi 18:25
animals	2 Nephi 5:11
animals	Alma 22:31
animals	Ether 9:18
animals	Ether 10:19
answereth	Alma 11:29
antiomno	Alma 20:4
antion	Alma 11:19
antionah	Alma 12:20
antionam	Alma 43:5
antionum	Alma 31:3
antionum	Alma 43:15
antionum	Alma 43:22
antionum	Mormon 6:14
antiparah	Alma 56:14
antiparah	Alma 56:31
antiparah	Alma 56:33
antiparah	Alma 56:34
antiparah	Alma 57:1
antiparah	Alma 57:2
antiparah	Alma 57:3
antiparah	Alma 57:4
antiparah	Alma 57:4
antipas	Alma 47:7
antipas	Alma 47:9
antipas	Alma 47:10
antipus	Alma 56:9
antipus	Alma 56:10
antipus	Alma 56:10
antipus	Alma 56:15
antipus	Alma 56:18
antipus	Alma 56:30
antipus	Alma 56:33
antipus	Alma 56:37
antipus	Alma 56:37
antipus	Alma 56:38
antipus	Alma 56:38
antipus	Alma 56:43
antipus	Alma 56:46
antipus	Alma 56:49
antipus	Alma 56:50
antipus	Alma 56:51
antipus	Alma 56:51
antipus	Alma 56:53
antipus	Alma 56:54
antipus	Alma 56:57
antum	Mormon 1:3
apostles	1 Nephi 11:34
apostles	1 Nephi 11:35
apostles	1 Nephi 11:36
apostles	1 Nephi 12:9
apostles	1 Nephi 13:24
apostles	1 Nephi 13:26
apostles	1 Nephi 13:39
apostles	1 Nephi 13:40
apostles	1 Nephi 13:41
apostles	1 Nephi 14:20
apostles	Mormon 9:18
apostles	Ether 12:41
apostles	Moroni 2:2
appeared	Mosiah 27:11
appeared	Mosiah 27:32
appeared	Alma 8:14
appeared	Alma 10:7
appeared	Alma 17:2
appeared	Alma 30:53
appeared	3 Nephi 11:8
appeareth	Jacob 2:5
appeareth	Helaman 12:15
appeareth	3 Nephi 24:2
appears	1 Nephi 22:3
archeantus	Moroni 9:2
ariseth	2 Nephi 12:19
ariseth	2 Nephi 12:21
armies	1 Nephi 4:2
armies	1 Nephi 17:27
armies	Jacob 7:25
armies	Words of Mormon 1:13
armies	Words of Mormon 1:13
armies	Mosiah 11:18
armies	Mosiah 20:7
armies	Mosiah 23:1
armies	Mosiah 23:1
armies	Mosiah 23:30
armies	Mosiah 29:23
armies	Alma 2:16
armies	Alma 16:2
armies	Alma 16:5
armies	Alma 16:7
armies	Alma 16:8
armies	Alma 18:21
armies	Alma 22:33
armies	Alma 25:2
armies	Alma 27:23
armies	Alma 27:24
armies	Alma 27:24
armies	Alma 28:1
armies	Alma 28:1
armies	Alma 35:13
armies	Alma 35:13
armies	Alma 35:13
armies	Alma 43:4
armies	Alma 43:13
armies	Alma 43:15
armies	Alma 43:15
armies	Alma 43:16
armies	Alma 43:17
armies	Alma 43:19
armies	Alma 43:21
armies	Alma 43:22
armies	Alma 43:23
armies	Alma 43:24
armies	Alma 43:40
armies	Alma 43:42
armies	Alma 43:52
armies	Alma 43:53
armies	Alma 44:23
armies	Alma 46:11
armies	Alma 46:31
armies	Alma 46:32
armies	Alma 46:34
armies	Alma 47:8
armies	Alma 47:14
armies	Alma 47:20
armies	Alma 47:27
armies	Alma 47:31
armies	Alma 48:5
armies	Alma 48:8
armies	Alma 48:8
armies	Alma 49:1
armies	Alma 49:17
armies	Alma 49:21
armies	Alma 49:22
armies	Alma 50:1
armies	Alma 50:7
armies	Alma 50:10
armies	Alma 50:10
armies	Alma 50:12
armies	Alma 51:10
armies	Alma 51:11
armies	Alma 51:18
armies	Alma 51:36
armies	Alma 52:13
armies	Alma 52:15
armies	Alma 52:20
armies	Alma 52:23
armies	Alma 52:23
armies	Alma 53:6
armies	Alma 53:7
armies	Alma 53:8
armies	Alma 54:6
armies	Alma 54:7
armies	Alma 54:10
armies	Alma 54:12
armies	Alma 54:16
armies	Alma 55:21
armies	Alma 56:49
armies	Alma 56:57
armies	Alma 57:30
armies	Alma 57:31
armies	Alma 58:29
armies	Alma 58:30
armies	Alma 58:32
armies	Alma 58:37
armies	Alma 59:3
armies	Alma 59:8
armies	Alma 60:5
armies	Alma 60:8
armies	Alma 60:19
armies	Alma 60:25
armies	Alma 62:7
armies	Alma 62:13
armies	Alma 62:22
armies	Alma 62:24
armies	Alma 62:30
armies	Alma 62:33
armies	Alma 62:34
armies	Alma 62:43
armies	Helaman 1:17
armies	Helaman 1:19
armies	Helaman 1:26
armies	Helaman 4:6
armies	Helaman 4:7
armies	Helaman 4:9
armies	Helaman 4:19
armies	Helaman 8:11
armies	Helaman 11:32
armies	3 Nephi 3:8
armies	3 Nephi 3:14
armies	3 Nephi 3:17
armies	3 Nephi 3:18
armies	3 Nephi 3:21
armies	3 Nephi 4:1
armies	3 Nephi 4:6
armies	3 Nephi 4:7
armies	3 Nephi 4:8
armies	3 Nephi 4:9
armies	3 Nephi 4:9
armies	3 Nephi 4:10
armies	3 Nephi 4:13
armies	3 Nephi 4:15
armies	3 Nephi 4:21
armies	3 Nephi 4:24
armies	3 Nephi 4:24
armies	3 Nephi 4:25
armies	Mormon 2:1
armies	Mormon 2:3
armies	Mormon 2:26
armies	Mormon 3:6
armies	Mormon 3:6
armies	Mormon 4:1
armies	Mormon 4:2
armies	Mormon 4:4
armies	Mormon 5:1
armies	Mormon 6:7
armies	Ether 13:27
armies	Ether 14:19
armies	Ether 14:27
armies	Ether 14:27
armies	Ether 14:28
armies	Ether 14:28
armies	Ether 14:31
armies	Ether 15:10
armies	Ether 15:10
armies	Moroni 9:17
armour	1 Nephi 4:19
armour	Mosiah 21:7
armour	Alma 3:5
armour	Alma 43:21
armour	Alma 46:13
armour	3 Nephi 4:7
armours	Alma 46:21
armss	Alma 50:26
arpad	2 Nephi 20:9
arrived	1 Nephi 17:14
arrived	Mosiah 21:26
arrived	Mosiah 22:13
arrived	Mosiah 24:25
arrived	Alma 56:15
arriven	Mosiah 10:15
arriven	Alma 17:13
arriven	Alma 20:30
arrows	1 Nephi 16:14
arrows	1 Nephi 16:15
arrows	2 Nephi 15:28
arrows	2 Nephi 17:24
arrows	Mosiah 9:16
arrows	Mosiah 10:8
arrows	Alma 2:12
arrows	Alma 3:5
arrows	Alma 17:7
arrows	Alma 43:20
arrows	Alma 49:2
arrows	Alma 49:2
arrows	Alma 49:4
arrows	Alma 49:19
arrows	Alma 49:22
arrows	Alma 49:24
arrows	Alma 50:4
arrows	Helaman 1:14
arrows	Helaman 16:2
arrows	Helaman 16:2
arrows	Helaman 16:6
arrows	Helaman 16:6
arrriven	Helaman 13:24
arts	1 Nephi 16:38
arts	Alma 10:15
arts	Helaman 16:21
arts	Ether 13:16
ascendeth	1 Nephi 15:30
ascendeth	2 Nephi 9:16
ascendeth	Jacob 2:35
ascendeth	Jacob 6:10
ascendeth	Mosiah 2:38
ascendeth	Mosiah 3:27
ascendeth	Alma 12:17
asketh	2 Nephi 4:35
asketh	3 Nephi 12:42
asketh	3 Nephi 14:8
asketh	3 Nephi 27:29
asmuch	2 Nephi 27:25
assemblies	2 Nephi 14:5
asses	Ether 9:19
assurances	Alma 58:11
assyria	2 Nephi 17:17
assyria	2 Nephi 17:18
assyria	2 Nephi 17:20
assyria	2 Nephi 18:4
assyria	2 Nephi 18:7
assyria	2 Nephi 20:12
assyria	2 Nephi 21:11
assyria	2 Nephi 21:16
assyrian	2 Nephi 20:5
assyrian	2 Nephi 20:24
assyrian	2 Nephi 24:25
atempt	Alma 55:30
atoneth	Mosiah 3:11
atoneth	Mosiah 3:16
atoneth	Alma 22:14
atoneth	Alma 42:15
attempts	Alma 49:22
attempts	Alma 55:29
availeth	Mosiah 3:15
availeth	Alma 34:28
availeth	Moroni 8:22
avengeth	Mormon 8:41
avengeth	Ether 8:22
awaiteth	Helaman 13:6
awaits	Alma 54:7
awaked	Alma 5:7
awaketh	2 Nephi 27:3
awaketh	2 Nephi 27:3
axe	2 Nephi 20:15
axe	Enos 1:20
axe	Alma 5:52
axe	Mormon 6:9
babes	2 Nephi 13:4
babes	3 Nephi 26:16
bablings	Alma 1:32
babtized	3 Nephi 18:30
babylon	1 Nephi 1:13
babylon	1 Nephi 10:3
babylon	1 Nephi 20:14
babylon	1 Nephi 20:20
babylon	2 Nephi 23:1
babylon	2 Nephi 23:19
babylon	2 Nephi 24:4
babylon	2 Nephi 24:22
babylon	2 Nephi 25:10
babylon	2 Nephi 25:15
babylon	Omni 1:15
bacause	Helaman 7:5
bands	1 Nephi 7:17
bands	1 Nephi 7:18
bands	1 Nephi 18:15
bands	2 Nephi 8:25
bands	2 Nephi 13:20
bands	Mosiah 7:8
bands	Mosiah 7:13
bands	Mosiah 15:8
bands	Mosiah 15:9
bands	Mosiah 15:20
bands	Mosiah 15:23
bands	Mosiah 16:7
bands	Mosiah 23:12
bands	Alma 4:14
bands	Alma 5:7
bands	Alma 5:9
bands	Alma 5:10
bands	Alma 7:12
bands	Alma 8:31
bands	Alma 11:41
bands	Alma 11:42
bands	Alma 14:24
bands	Alma 14:28
bands	Alma 17:24
bands	Alma 22:14
bands	Alma 58:1
bands	Helaman 6:21
bands	3 Nephi 20:37
banks	2 Nephi 18:7
banks	Alma 48:8
banks	Alma 49:22
banks	Alma 49:22
baptise	1 Nephi 10:9
baptise	1 Nephi 10:9
baptise	1 Nephi 10:9
baptised	1 Nephi 10:10
baptised	1 Nephi 10:10
baptised	1 Nephi 11:27
baptised	1 Nephi 11:27
baptised	2 Nephi 9:23
baptised	2 Nephi 9:24
baptised	Alma 49:30
barges	Ether 2:6
barges	Ether 2:16
barges	Ether 2:16
barges	Ether 2:18
barges	Ether 6:4
barns	3 Nephi 13:26
bashan	2 Nephi 12:13
bats	2 Nephi 12:20
battles	Alma 25:3
battles	Alma 53:2
battles	Mormon 1:11
baz	2 Nephi 18:1
baz	2 Nephi 18:3
beareth	1 Nephi 12:18
beareth	3 Nephi 11:32
beareth	3 Nephi 11:32
beareth	3 Nephi 28:11
beareth	Ether 5:4
beareth	Ether 12:41
beareth	Moroni 7:45
beasts	1 Nephi 7:16
beasts	1 Nephi 16:31
beasts	1 Nephi 16:32
beasts	1 Nephi 17:11
beasts	1 Nephi 18:25
beasts	2 Nephi 2:15
beasts	2 Nephi 5:24
beasts	2 Nephi 23:21
beasts	2 Nephi 23:22
beasts	Enos 1:3
beasts	Enos 1:20
beasts	Jarom 1:6
beasts	Mosiah 8:8
beasts	Mosiah 8:21
beasts	Mosiah 12:2
beasts	Mosiah 12:11
beasts	Mosiah 17:17
beasts	Mosiah 18:4
beasts	Alma 2:37
beasts	Alma 2:38
beasts	Alma 16:10
beasts	Alma 25:12
beasts	Helaman 7:19
beasts	3 Nephi 4:2
beasts	3 Nephi 20:16
beasts	3 Nephi 21:12
beasts	3 Nephi 28:22
beasts	3 Nephi 28:22
beasts	4 Nephi 1:33
beasts	4 Nephi 1:33
beasts	Mormon 8:24
beasts	Ether 9:34
beasts	Ether 10:26
beasts	Moroni 9:10
beaz	Mormon 4:20
becaus	Alma 62:1
becometh	Jacob 4:6
becometh	Mosiah 2:37
becometh	Mosiah 3:19
becometh	Mosiah 3:19
becometh	Mosiah 8:18
becometh	Alma 5:41
becometh	Alma 24:30
becometh	Alma 40:7
becometh	Alma 40:9
becometh	Helaman 13:31
becometh	Helaman 14:15
beds	1 Nephi 18:17
bees	Ether 2:3
befal	Helaman 8:8
beforetime	3 Nephi 18:34
began	1 Nephi 1:18
began	1 Nephi 3:14
began	1 Nephi 3:20
began	1 Nephi 3:31
began	1 Nephi 4:30
began	1 Nephi 5:17
began	1 Nephi 8:8
began	1 Nephi 8:12
began	1 Nephi 14:16
began	1 Nephi 16:20
began	1 Nephi 16:21
began	1 Nephi 17:2
began	1 Nephi 17:17
began	1 Nephi 17:19
began	1 Nephi 18:9
began	1 Nephi 18:9
began	1 Nephi 18:10
began	1 Nephi 18:10
began	1 Nephi 18:13
began	1 Nephi 18:14
began	1 Nephi 18:15
began	1 Nephi 18:24
began	2 Nephi 5:11
began	2 Nephi 5:13
began	Jacob 1:9
began	Jacob 1:15
began	Jacob 1:16
began	Jacob 1:16
began	Jacob 2:12
began	Jacob 3:13
began	Jacob 5:3
began	Jacob 5:4
began	Jacob 5:6
began	Jacob 5:6
began	Jacob 5:17
began	Jacob 5:73
began	Jacob 5:73
began	Jacob 5:73
began	Jacob 7:2
began	Jacob 7:26
began	Enos 1:9
began	Enos 1:11
began	Enos 1:25
began	Jarom 1:7
began	Omni 1:25
began	Mosiah 2:8
began	Mosiah 4:4
began	Mosiah 6:4
began	Mosiah 6:4
began	Mosiah 9:8
began	Mosiah 9:9
began	Mosiah 9:11
began	Mosiah 9:13
began	Mosiah 9:13
began	Mosiah 9:14
began	Mosiah 10:1
began	Mosiah 10:1
began	Mosiah 10:6
began	Mosiah 10:6
began	Mosiah 10:6
began	Mosiah 10:21
began	Mosiah 11:1
began	Mosiah 11:16
began	Mosiah 11:17
began	Mosiah 11:20
began	Mosiah 12:1
began	Mosiah 12:19
began	Mosiah 13:33
began	Mosiah 15:13
began	Mosiah 15:26
began	Mosiah 17:2
began	Mosiah 17:12
began	Mosiah 17:14
began	Mosiah 18:1
began	Mosiah 19:2
began	Mosiah 19:3
began	Mosiah 19:3
began	Mosiah 19:10
began	Mosiah 19:27
began	Mosiah 20:9
began	Mosiah 20:9
began	Mosiah 20:11
began	Mosiah 21:1
began	Mosiah 21:2
began	Mosiah 21:2
began	Mosiah 21:3
began	Mosiah 21:6
began	Mosiah 21:6
began	Mosiah 21:15
began	Mosiah 21:15
began	Mosiah 21:16
began	Mosiah 21:16
began	Mosiah 22:1
began	Mosiah 23:5
began	Mosiah 23:5
began	Mosiah 23:19
began	Mosiah 23:28
began	Mosiah 23:31
began	Mosiah 23:31
began	Mosiah 24:4
began	Mosiah 24:7
began	Mosiah 24:7
began	Mosiah 24:7
began	Mosiah 24:8
began	Mosiah 24:8
began	Mosiah 24:10
began	Mosiah 26:37
began	Mosiah 27:1
began	Mosiah 27:6
began	Mosiah 27:6
began	Mosiah 27:6
began	Mosiah 27:22
began	Mosiah 27:23
began	Mosiah 27:32
began	Alma 1:5
began	Alma 1:6
began	Alma 1:6
began	Alma 1:7
began	Alma 1:9
began	Alma 1:19
began	Alma 1:22
began	Alma 1:22
began	Alma 1:28
began	Alma 1:29
began	Alma 2:1
began	Alma 2:2
began	Alma 2:2
began	Alma 2:15
began	Alma 2:17
began	Alma 2:18
began	Alma 2:35
began	Alma 3:18
began	Alma 3:24
began	Alma 4:4
began	Alma 4:6
began	Alma 4:6
began	Alma 4:8
began	Alma 4:8
began	Alma 4:8
began	Alma 4:9
began	Alma 4:10
began	Alma 4:11
began	Alma 4:15
began	Alma 5:1
began	Alma 5:3
began	Alma 5:5
began	Alma 6:4
began	Alma 6:8
began	Alma 7:25
began	Alma 8:4
began	Alma 8:4
began	Alma 8:8
began	Alma 8:27
began	Alma 8:32
began	Alma 9:1
began	Alma 9:1
began	Alma 9:34
began	Alma 10:12
began	Alma 10:16
began	Alma 10:17
began	Alma 11:21
began	Alma 11:46
began	Alma 11:46
began	Alma 12:1
began	Alma 12:1
began	Alma 12:7
began	Alma 12:8
began	Alma 12:9
began	Alma 12:19
began	Alma 12:30
began	Alma 14:1
began	Alma 14:6
began	Alma 14:6
began	Alma 14:7
began	Alma 14:7
began	Alma 14:26
began	Alma 15:3
began	Alma 15:4
began	Alma 15:11
began	Alma 15:12
began	Alma 15:17
began	Alma 15:17
began	Alma 16:2
began	Alma 17:28
began	Alma 17:28
began	Alma 17:36
began	Alma 17:36
began	Alma 17:37
began	Alma 17:37
began	Alma 18:5
began	Alma 18:24
began	Alma 18:36
began	Alma 18:41
began	Alma 19:14
began	Alma 19:15
began	Alma 19:18
began	Alma 19:19
began	Alma 19:24
began	Alma 19:28
began	Alma 19:31
began	Alma 20:21
began	Alma 20:25
began	Alma 21:4
began	Alma 21:4
began	Alma 21:5
began	Alma 21:9
began	Alma 21:10
began	Alma 21:10
began	Alma 21:17
began	Alma 22:8
began	Alma 22:12
began	Alma 22:21
began	Alma 22:23
began	Alma 22:23
began	Alma 22:24
began	Alma 23:4
began	Alma 23:18
began	Alma 24:2
began	Alma 24:4
began	Alma 24:21
began	Alma 24:21
began	Alma 24:21
began	Alma 25:6
began	Alma 25:6
began	Alma 25:8
began	Alma 25:8
began	Alma 25:8
began	Alma 25:14
began	Alma 26:35
began	Alma 27:2
began	Alma 27:2
began	Alma 30:2
began	Alma 30:6
began	Alma 30:12
began	Alma 30:21
began	Alma 31:1
began	Alma 32:1
began	Alma 32:2
began	Alma 34:1
began	Alma 35:10
began	Alma 35:11
began	Alma 35:15
began	Alma 35:15
began	Alma 37:22
began	Alma 43:35
began	Alma 43:36
began	Alma 43:39
began	Alma 43:41
began	Alma 43:50
began	Alma 43:50
began	Alma 44:17
began	Alma 44:18
began	Alma 46:37
began	Alma 48:1
began	Alma 49:21
began	Alma 49:22
began	Alma 50:13
began	Alma 50:14
began	Alma 50:15
began	Alma 50:26
began	Alma 51:2
began	Alma 51:12
began	Alma 52:15
began	Alma 52:23
began	Alma 52:24
began	Alma 55:28
began	Alma 56:29
began	Alma 56:29
began	Alma 56:30
began	Alma 56:51
began	Alma 56:52
began	Alma 56:52
began	Alma 57:3
began	Alma 57:12
began	Alma 58:15
began	Alma 58:24
began	Alma 59:4
began	Alma 59:11
began	Alma 62:48
began	Alma 62:48
began	Alma 62:48
began	Helaman 1:1
began	Helaman 1:2
began	Helaman 1:29
began	Helaman 2:1
began	Helaman 3:8
began	Helaman 3:21
began	Helaman 3:22
began	Helaman 3:33
began	Helaman 3:37
began	Helaman 4:21
began	Helaman 4:23
began	Helaman 4:23
began	Helaman 5:26
began	Helaman 6:16
began	Helaman 6:17
began	Helaman 6:17
began	Helaman 6:17
began	Helaman 6:34
began	Helaman 6:35
began	Helaman 6:36
began	Helaman 8:10
began	Helaman 9:19
began	Helaman 10:12
began	Helaman 10:18
began	Helaman 10:18
began	Helaman 11:7
began	Helaman 11:7
began	Helaman 11:8
began	Helaman 11:20
began	Helaman 11:20
began	Helaman 11:20
began	Helaman 11:21
began	Helaman 11:23
began	Helaman 11:36
began	Helaman 11:36
began	Helaman 13:2
began	Helaman 16:7
began	Helaman 16:12
began	Helaman 16:13
began	Helaman 16:14
began	Helaman 16:15
began	Helaman 16:15
began	Helaman 16:17
began	3 Nephi 1:4
began	3 Nephi 1:4
began	3 Nephi 1:5
began	3 Nephi 1:6
began	3 Nephi 1:7
began	3 Nephi 1:15
began	3 Nephi 1:17
began	3 Nephi 1:18
began	3 Nephi 1:22
began	3 Nephi 1:23
began	3 Nephi 1:24
began	3 Nephi 1:28
began	3 Nephi 1:29
began	3 Nephi 1:30
began	3 Nephi 2:1
began	3 Nephi 2:1
began	3 Nephi 2:1
began	3 Nephi 2:1
began	3 Nephi 2:3
began	3 Nephi 2:8
began	3 Nephi 2:11
began	3 Nephi 4:1
began	3 Nephi 4:1
began	3 Nephi 4:1
began	3 Nephi 4:9
began	3 Nephi 4:25
began	3 Nephi 6:4
began	3 Nephi 6:10
began	3 Nephi 6:12
began	3 Nephi 6:14
began	3 Nephi 6:20
began	3 Nephi 7:16
began	3 Nephi 8:3
began	3 Nephi 8:4
began	3 Nephi 10:8
began	3 Nephi 19:12
began	3 Nephi 19:18
began	3 Nephi 26:5
began	3 Nephi 26:17
began	4 Nephi 1:20
began	4 Nephi 1:24
began	4 Nephi 1:26
began	4 Nephi 1:26
began	4 Nephi 1:26
began	4 Nephi 1:42
began	4 Nephi 1:43
began	4 Nephi 1:44
began	Mormon 1:2
began	Mormon 1:8
began	Mormon 1:10
began	Mormon 1:18
began	Mormon 2:1
began	Mormon 2:3
began	Mormon 2:10
began	Mormon 2:10
began	Mormon 2:11
began	Mormon 2:22
began	Mormon 3:9
began	Mormon 3:9
began	Mormon 4:4
began	Mormon 4:18
began	Mormon 6:6
began	Ether 6:13
began	Ether 6:16
began	Ether 6:18
began	Ether 6:19
began	Ether 6:28
began	Ether 6:28
began	Ether 7:10
began	Ether 7:26
began	Ether 9:7
began	Ether 9:12
began	Ether 9:14
began	Ether 9:16
began	Ether 9:26
began	Ether 9:26
began	Ether 9:30
began	Ether 9:30
began	Ether 9:31
began	Ether 9:34
began	Ether 9:35
began	Ether 9:35
began	Ether 10:1
began	Ether 10:4
began	Ether 10:8
began	Ether 10:33
began	Ether 11:4
began	Ether 11:7
began	Ether 11:8
began	Ether 12:2
began	Ether 13:15
began	Ether 13:25
began	Ether 14:1
began	Ether 14:19
began	Ether 14:27
began	Ether 14:27
began	Ether 15:1
began	Ether 15:2
began	Ether 15:3
began	Ether 15:3
began	Moroni 7:25
begat	1 Nephi 18:7
begat	Ether 6:15
begat	Ether 6:16
begat	Ether 7:2
begat	Ether 7:2
begat	Ether 7:3
begat	Ether 7:3
begat	Ether 7:4
begat	Ether 7:7
begat	Ether 7:12
begat	Ether 7:26
begat	Ether 8:1
begat	Ether 8:1
begat	Ether 8:1
begat	Ether 8:4
begat	Ether 9:10
begat	Ether 9:14
begat	Ether 9:21
begat	Ether 9:21
begat	Ether 9:24
begat	Ether 9:25
begat	Ether 9:25
begat	Ether 9:25
begat	Ether 10:2
begat	Ether 10:4
begat	Ether 10:13
begat	Ether 10:14
begat	Ether 10:14
begat	Ether 10:16
begat	Ether 10:16
begat	Ether 10:17
begat	Ether 10:29
begat	Ether 10:29
begat	Ether 10:31
begat	Ether 10:31
begat	Ether 10:31
begat	Ether 10:31
begat	Ether 10:31
begat	Ether 11:4
begat	Ether 11:14
begat	Ether 11:18
begat	Ether 11:23
beggars	Mosiah 4:19
begineth	Jacob 5:37
beginneth	Alma 32:28
beginneth	Alma 32:28
beginneth	Alma 32:28
beginneth	Alma 32:30
beginneth	Alma 32:30
beginneth	Alma 32:33
beginneth	Alma 32:37
beginneth	Alma 32:41
beginneth	Alma 33:23
beheldest	Jacob 5:44
beheldest	Jacob 5:45
beholdest	1 Nephi 11:14
beholdest	1 Nephi 12:10
beholdest	1 Nephi 13:2
beholdest	1 Nephi 13:23
beholdest	1 Nephi 13:30
beholdest	1 Nephi 13:32
beholdest	Jacob 5:22
beholdest	Jacob 5:34
beholdest	Jacob 5:37
beholdest	Jacob 5:75
beholdest	Mosiah 2:26
beholdest	3 Nephi 14:3
behooveth	2 Nephi 10:3
behooveth	Helaman 14:15
behooveth	3 Nephi 21:6
behoveth	2 Nephi 9:5
beings	Mosiah 2:17
beings	Mosiah 8:18
believers	Alma 46:14
believers	Alma 46:15
believers	4 Nephi 1:36
believers	4 Nephi 1:37
believest	1 Nephi 11:4
believest	1 Nephi 11:6
believest	Jacob 7:10
believest	Alma 11:24
believest	Alma 15:6
believest	Alma 15:8
believest	Alma 18:24
believest	Alma 18:26
believest	Alma 18:28
believest	Alma 19:9
believest	Alma 21:7
believest	Alma 22:7
believest	Alma 22:10
believest	Alma 30:35
believest	Alma 30:37
believest	Alma 30:41
believest	Alma 30:42
believest	Alma 45:2
believest	Alma 45:4
believest	Ether 3:11
believeth	2 Nephi 6:14
believeth	Mosiah 3:18
believeth	Mosiah 26:23
believeth	Alma 5:48
believeth	Alma 12:15
believeth	Alma 32:16
believeth	Alma 32:19
believeth	3 Nephi 11:33
believeth	3 Nephi 11:34
believeth	3 Nephi 11:35
believeth	3 Nephi 11:35
believeth	Mormon 9:21
believeth	Mormon 9:23
believeth	Mormon 9:23
believeth	Ether 4:10
believeth	Ether 4:10
believeth	Ether 4:11
believeth	Ether 4:18
believeth	Ether 4:18
believeth	Ether 12:4
believeth	Moroni 7:45
bellowses	1 Nephi 17:11
bellowses	1 Nephi 17:11
belonged	1 Nephi 14:16
belonged	Mosiah 1:1
belonged	Mosiah 27:2
belonged	Alma 1:7
belonged	Alma 19:21
belonged	Alma 46:14
belonged	Alma 54:17
belonged	Helaman 2:5
belonged	Helaman 2:8
belonged	Helaman 5:35
belonged	Helaman 6:24
belonged	Helaman 8:1
belongeth	1 Nephi 14:10
belongeth	1 Nephi 14:10
belongeth	2 Nephi 5:3
belongeth	Mosiah 2:25
belongeth	Mosiah 4:22
belongeth	Mosiah 5:14
berak	3 Nephi 18:3
bestow	2 Nephi 9:3
bestow	Alma 34:38
bestow	Ether 7:22
bethabara	1 Nephi 10:9
betweem	Helaman 2:1
bidden	2 Nephi 4:25
bindeth	1 Nephi 13:5
bindeth	2 Nephi 26:22
binds	Alma 7:12
binds	Alma 44:5
blades	Mosiah 8:11
blessings	1 Nephi 17:2
blessings	2 Nephi 1:10
blessings	2 Nephi 9:3
blessings	Alma 9:23
blessings	Alma 16:21
blessings	Alma 26:1
blessings	Alma 26:2
blessings	Alma 34:38
blessings	Alma 46:13
blessings	Alma 48:12
blessings	Alma 60:25
blessings	Helaman 3:25
blessings	3 Nephi 10:18
blessings	Mormon 5:10
blessings	Ether 9:20
blindeth	1 Nephi 12:17
blocks	1 Nephi 14:1
bloodsheds	2 Nephi 1:12
bloodsheds	2 Nephi 6:15
bloodsheds	2 Nephi 10:6
bloodsheds	Jacob 7:24
bloodsheds	Alma 35:15
bloodsheds	Alma 62:39
bloodsheds	Helaman 6:17
blossoms	2 Nephi 15:24
blossoms	Mosiah 12:12
bloweth	Mosiah 12:12
bloweth	3 Nephi 22:16
blows	Alma 1:9
blows	Alma 1:22
blows	Alma 17:37
blows	Alma 20:20
blows	Alma 43:37
boastings	Helaman 4:13
boastings	3 Nephi 6:10
bodies	2 Nephi 9:4
bodies	2 Nephi 9:12
bodies	2 Nephi 9:12
bodies	Mosiah 11:11
bodies	Mosiah 25:4
bodies	Mosiah 25:15
bodies	Mosiah 25:21
bodies	Mosiah 29:39
bodies	Alma 2:5
bodies	Alma 2:34
bodies	Alma 11:45
bodies	Alma 14:14
bodies	Alma 16:11
bodies	Alma 28:11
bodies	Alma 28:11
bodies	Alma 34:34
bodies	Alma 40:19
bodies	Alma 40:20
bodies	Alma 44:7
bodies	Alma 49:22
bodies	Alma 50:29
bodies	Helaman 1:24
bodies	Helaman 3:4
bodies	3 Nephi 19:5
bodies	3 Nephi 28:37
bodies	3 Nephi 28:38
bodies	Mormon 6:21
bodies	Mormon 6:21
bodies	Ether 14:21
bodies	Ether 14:22
bodies	Moroni 9:10
bonds	Mosiah 23:13
bonds	Mosiah 23:13
bonds	Mosiah 27:29
bonds	Alma 36:27
bonds	Alma 38:4
bonds	Alma 41:11
bonds	Alma 62:50
bonds	Mormon 8:31
bonds	Moroni 8:14
bones	Omni 1:22
bones	Mosiah 8:8
bones	Mosiah 21:26
bones	Mosiah 21:27
bones	Alma 2:38
bones	Alma 3:3
bones	Alma 22:30
bones	Mormon 6:15
bones	Ether 11:6
bonnets	2 Nephi 13:20
books	1 Nephi 5:11
books	1 Nephi 13:39
books	2 Nephi 29:11
books	Helaman 3:15
books	3 Nephi 27:25
books	3 Nephi 27:26
borders	1 Nephi 2:5
borders	1 Nephi 2:5
borders	1 Nephi 2:8
borders	1 Nephi 16:14
borders	2 Nephi 20:13
borders	Mosiah 18:4
borders	Mosiah 18:31
borders	Mosiah 19:6
borders	Mosiah 21:2
borders	Mosiah 21:26
borders	Mosiah 23:25
borders	Alma 2:36
borders	Alma 3:23
borders	Alma 5:3
borders	Alma 8:3
borders	Alma 8:5
borders	Alma 16:2
borders	Alma 16:3
borders	Alma 16:6
borders	Alma 16:7
borders	Alma 17:13
borders	Alma 21:1
borders	Alma 21:1
borders	Alma 22:27
borders	Alma 22:27
borders	Alma 22:27
borders	Alma 22:28
borders	Alma 25:2
borders	Alma 27:14
borders	Alma 28:1
borders	Alma 39:3
borders	Alma 43:18
borders	Alma 43:22
borders	Alma 43:32
borders	Alma 48:8
borders	Alma 49:2
borders	Alma 50:9
borders	Alma 50:10
borders	Alma 50:14
borders	Alma 50:15
borders	Alma 50:25
borders	Alma 50:25
borders	Alma 50:34
borders	Alma 51:14
borders	Alma 51:22
borders	Alma 51:26
borders	Alma 51:28
borders	Alma 51:32
borders	Alma 51:32
borders	Alma 52:11
borders	Alma 52:12
borders	Alma 52:13
borders	Alma 52:15
borders	Alma 53:22
borders	Alma 56:31
borders	Alma 58:14
borders	Alma 60:22
borders	Alma 62:25
borders	Alma 62:32
borders	Alma 62:34
borders	Alma 62:34
borders	Alma 62:34
borders	Alma 63:5
borders	Helaman 1:26
borders	Helaman 1:26
borders	3 Nephi 4:13
borders	3 Nephi 4:13
borders	3 Nephi 22:12
borders	Mormon 1:10
borders	Mormon 2:6
borders	Mormon 3:5
borders	Mormon 4:3
borders	Ether 14:12
borders	Ether 14:26
borders	Moroni 10:31
borroweth	Mosiah 4:28
borroweth	Mosiah 4:28
boweth	2 Nephi 12:9
bows	1 Nephi 16:14
bows	1 Nephi 16:15
bows	1 Nephi 16:21
bows	2 Nephi 15:28
bows	2 Nephi 17:24
bows	2 Nephi 23:18
bows	Mosiah 9:16
bows	Mosiah 10:8
bows	Alma 2:12
bows	Alma 3:5
bows	Alma 17:7
bows	Alma 43:20
bows	Helaman 1:14
bracelets	2 Nephi 13:19
bracelets	Alma 31:28
branches	1 Nephi 10:12
branches	1 Nephi 10:14
branches	1 Nephi 15:7
branches	1 Nephi 15:13
branches	Jacob 5:4
branches	Jacob 5:6
branches	Jacob 5:7
branches	Jacob 5:7
branches	Jacob 5:8
branches	Jacob 5:8
branches	Jacob 5:9
branches	Jacob 5:10
branches	Jacob 5:13
branches	Jacob 5:14
branches	Jacob 5:17
branches	Jacob 5:18
branches	Jacob 5:18
branches	Jacob 5:18
branches	Jacob 5:19
branches	Jacob 5:20
branches	Jacob 5:26
branches	Jacob 5:30
branches	Jacob 5:30
branches	Jacob 5:34
branches	Jacob 5:36
branches	Jacob 5:37
branches	Jacob 5:37
branches	Jacob 5:38
branches	Jacob 5:39
branches	Jacob 5:45
branches	Jacob 5:48
branches	Jacob 5:48
branches	Jacob 5:52
branches	Jacob 5:52
branches	Jacob 5:52
branches	Jacob 5:54
branches	Jacob 5:54
branches	Jacob 5:54
branches	Jacob 5:57
branches	Jacob 5:58
branches	Jacob 5:58
branches	Jacob 5:59
branches	Jacob 5:60
branches	Jacob 5:60
branches	Jacob 5:60
branches	Jacob 5:63
branches	Jacob 5:65
branches	Jacob 5:67
branches	Jacob 5:68
branches	Jacob 5:68
branches	Jacob 5:73
branches	Jacob 5:73
branches	Jacob 6:4
brands	2 Nephi 17:4
breaketh	Mosiah 15:8
breaketh	Alma 22:14
breaketh	3 Nephi 18:25
breasts	Alma 32:28
breasts	Mormon 6:7
breastwork	Mosiah 11:11
breastwork	Alma 53:4
breastwork	Alma 53:4
brethern	Ether 2:15
bricks	2 Nephi 19:10
briers	2 Nephi 15:6
briers	2 Nephi 17:23
briers	2 Nephi 17:24
briers	2 Nephi 17:25
briers	2 Nephi 19:18
briers	2 Nephi 20:17
bringeth	1 Nephi 13:5
bringeth	2 Nephi 18:7
bringeth	Mosiah 7:31
bringeth	Mosiah 12:21
bringeth	Mosiah 12:21
bringeth	Mosiah 15:18
bringeth	Mosiah 15:20
bringeth	Mosiah 15:24
bringeth	Alma 5:36
bringeth	Alma 5:41
bringeth	Alma 5:41
bringeth	Alma 5:52
bringeth	Alma 12:15
bringeth	Alma 26:22
bringeth	Alma 32:31
bringeth	Alma 34:15
bringeth	Alma 37:7
bringeth	Alma 40:3
bringeth	Alma 40:22
bringeth	Alma 42:23
bringeth	Alma 42:23
bringeth	Alma 42:26
bringeth	Helaman 5:11
bringeth	Helaman 14:16
bringeth	Helaman 14:17
bringeth	Helaman 14:18
bringeth	Helaman 15:7
bringeth	3 Nephi 14:17
bringeth	3 Nephi 14:17
bringeth	3 Nephi 14:19
bringeth	3 Nephi 20:40
bringeth	3 Nephi 20:40
bringeth	3 Nephi 22:16
bringeth	Mormon 7:6
bringeth	Mormon 9:13
bringeth	Mormon 9:13
bringeth	Ether 8:25
bringeth	Ether 12:28
bringeth	Ether 13:12
bringeth	Moroni 7:32
bringeth	Moroni 8:25
bringeth	Moroni 8:26
brothers	1 Nephi 2:5
brothers	1 Nephi 2:16
brothers	1 Nephi 3:4
brothers	1 Nephi 3:5
brothers	1 Nephi 3:28
brothers	Mosiah 21:9
brothers	Alma 26:1
brothers	Alma 39:10
brothers	Alma 39:10
brothers	Ether 6:26
bucklers	3 Nephi 3:26
buildeth	Helaman 5:12
buildeth	3 Nephi 11:39
buildeth	3 Nephi 11:39
buildeth	3 Nephi 11:40
buildeth	Ether 8:25
buildings	2 Nephi 5:15
buildings	2 Nephi 26:5
buildings	Jarom 1:8
buildings	Mosiah 8:8
buildings	Mosiah 9:8
buildings	Mosiah 11:8
buildings	Mosiah 11:13
buildings	Mosiah 23:5
buildings	Helaman 3:9
buildings	3 Nephi 8:14
buildings	Mormon 1:7
buildings	Ether 10:5
buildings	Ether 10:12
burdeneth	Jacob 2:9
burdens	Mosiah 12:5
burdens	Mosiah 18:8
burdens	Mosiah 21:3
burdens	Mosiah 21:15
burdens	Mosiah 24:14
burdens	Mosiah 24:15
burdens	Mosiah 24:15
burdens	Mosiah 24:21
burdens	Mosiah 29:34
burdens	Alma 33:23
buried	1 Nephi 16:34
buried	1 Nephi 19:10
buried	2 Nephi 4:12
buried	Mosiah 18:14
buried	Alma 3:1
buried	Alma 24:19
buried	Alma 24:19
buried	Alma 26:32
buried	Alma 30:1
buried	Alma 30:2
buried	Alma 44:22
buried	Alma 45:19
buried	Alma 57:28
buried	Helaman 12:17
buried	Helaman 15:9
buried	3 Nephi 8:25
buried	3 Nephi 9:6
buried	3 Nephi 9:8
buried	3 Nephi 10:13
buried	Ether 6:6
buried	Ether 6:7
burneth	2 Nephi 19:18
burthens	Jacob 2:23
burthensome	Mosiah 6:7
bushes	2 Nephi 17:19
byword	1 Nephi 19:14
cain	Helaman 6:27
cain	Helaman 6:27
cain	Ether 8:15
calleth	Jacob 5:75
callings	Moroni 3:4
calno	2 Nephi 20:9
calves	1 Nephi 22:24
calves	3 Nephi 25:2
camenihah	Mormon 6:14
camorah	Mormon 6:2
camorah	Mormon 6:2
camorah	Mormon 6:4
camorah	Mormon 6:4
camorah	Mormon 6:5
camorah	Mormon 6:6
camorah	Mormon 6:6
camorah	Mormon 6:11
camorah	Mormon 8:2
camped	2 Nephi 26:15
camps	Alma 47:13
camps	Mormon 6:11
camps	Ether 15:16
camps	Ether 15:16
candles	3 Nephi 8:21
candlestick	3 Nephi 12:15
canst	1 Nephi 17:19
canst	Jacob 5:27
canst	Mosiah 8:11
canst	Alma 15:8
canst	Alma 20:4
canst	Helaman 11:16
canst	Helaman 13:37
canst	3 Nephi 12:36
canst	Ether 3:5
canst	Ether 3:12
captains	Alma 2:13
captains	Alma 2:13
captains	Alma 2:13
captains	Alma 2:16
captains	Alma 2:16
captains	Alma 43:6
captains	Alma 43:44
captains	Alma 48:5
captains	Alma 48:5
captains	Alma 49:5
captains	Alma 49:11
captains	Alma 49:13
captains	Alma 49:17
captains	Alma 49:21
captains	Alma 49:23
captains	Alma 49:25
captains	Alma 52:19
captains	Alma 52:28
captains	Alma 52:38
captains	Alma 55:23
captains	Alma 56:12
captains	Alma 58:25
captains	Alma 59:12
captains	Helaman 16:6
captains	3 Nephi 3:17
captains	3 Nephi 3:18
captains	3 Nephi 3:19
captives	1 Nephi 21:24
captives	1 Nephi 21:25
captives	2 Nephi 6:17
captives	2 Nephi 24:2
captives	2 Nephi 24:2
captives	Mosiah 19:15
carbuncles	3 Nephi 22:12
carcases	Alma 16:10
carcasses	2 Nephi 15:25
carcasses	Ether 9:34
carchemish	2 Nephi 20:9
carriages	2 Nephi 20:28
carried	1 Nephi 1:8
carried	1 Nephi 1:13
carried	1 Nephi 10:3
carried	1 Nephi 11:19
carried	1 Nephi 11:19
carried	1 Nephi 11:29
carried	1 Nephi 13:20
carried	1 Nephi 14:30
carried	1 Nephi 15:1
carried	1 Nephi 18:18
carried	1 Nephi 19:11
carried	1 Nephi 21:22
carried	1 Nephi 22:6
carried	1 Nephi 22:6
carried	1 Nephi 22:8
carried	2 Nephi 1:13
carried	2 Nephi 3:4
carried	2 Nephi 4:1
carried	2 Nephi 4:25
carried	2 Nephi 6:6
carried	2 Nephi 6:8
carried	2 Nephi 25:10
carried	2 Nephi 25:11
carried	Omni 1:15
carried	Mosiah 12:9
carried	Mosiah 14:4
carried	Mosiah 19:15
carried	Mosiah 20:5
carried	Mosiah 20:5
carried	Mosiah 21:21
carried	Mosiah 27:19
carried	Alma 1:15
carried	Alma 14:9
carried	Alma 16:4
carried	Alma 17:21
carried	Alma 17:39
carried	Alma 18:43
carried	Alma 19:6
carried	Alma 26:35
carried	Alma 29:16
carried	Alma 30:20
carried	Alma 30:21
carried	Alma 30:21
carried	Alma 50:30
carried	Alma 58:30
carried	Alma 58:31
carried	3 Nephi 6:17
carried	3 Nephi 8:10
carried	3 Nephi 8:16
carried	3 Nephi 8:16
carried	3 Nephi 10:13
carried	Mormon 1:6
carried	Ether 6:2
carried	Ether 7:17
carried	Ether 14:30
carried	Moroni 9:16
carrieth	2 Nephi 33:1
cases	Mosiah 27:5
cases	Mosiah 29:20
cases	Alma 53:17
casteth	Moroni 8:16
cauls	2 Nephi 13:18
causeth	2 Nephi 26:21
causeth	Jacob 2:6
causeth	Mosiah 4:11
causeth	Mosiah 29:23
causeth	Alma 9:16
causeth	Alma 18:16
causeth	Alma 30:35
causeth	3 Nephi 12:32
caves	2 Nephi 12:19
ceased	2 Nephi 24:4
ceased	2 Nephi 24:4
ceased	Alma 37:41
ceased	Mormon 5:16
ceased	Mormon 9:15
ceased	Mormon 9:19
ceased	Ether 15:19
ceased	Moroni 7:27
ceased	Moroni 7:29
ceased	Moroni 7:29
ceased	Moroni 7:35
ceased	Moroni 7:36
ceased	Moroni 7:37
ceased	Moroni 7:38
ceased	Moroni 7:38
ceased	Moroni 8:28
ceased	Moroni 9:4
ceaseth	1 Nephi 7:14
ceaseth	2 Nephi 26:11
ceaseth	Alma 42:23
ceaseth	Mormon 9:19
ceaseth	Mormon 9:20
cedars	2 Nephi 12:13
cedars	2 Nephi 19:10
cedars	2 Nephi 24:8
centre	1 Nephi 16:2
centre	Alma 31:13
centre	Helaman 1:24
centre	Helaman 1:25
centre	Helaman 1:26
centre	Helaman 1:27
centre	Helaman 12:12
centre	3 Nephi 3:21
centre	3 Nephi 11:3
cezoram	Helaman 5:1
cezoram	Helaman 6:15
cezoram	Helaman 6:19
chains	2 Nephi 1:13
chains	2 Nephi 1:13
chains	2 Nephi 1:23
chains	2 Nephi 9:45
chains	2 Nephi 13:19
chains	2 Nephi 28:19
chains	2 Nephi 28:22
chains	Alma 5:7
chains	Alma 5:9
chains	Alma 5:10
chains	Alma 12:6
chains	Alma 12:11
chains	Alma 13:30
chains	Alma 26:14
chains	Alma 36:18
chaldeans	1 Nephi 20:14
chaldeans	1 Nephi 20:20
chaldees	2 Nephi 23:19
chances	3 Nephi 6:12
changeble	Moroni 8:12
changeth	Mormon 9:19
channels	2 Nephi 18:7
characters	Mormon 9:32
charges	Mosiah 6:3
chariots	2 Nephi 12:7
chariots	Alma 18:9
chariots	Alma 18:10
chariots	Alma 18:12
chariots	Alma 20:6
chariots	3 Nephi 3:22
chariots	3 Nephi 21:14
cheateth	2 Nephi 28:21
cheeks	2 Nephi 7:6
cheeks	Mosiah 21:3
cheeks	Alma 14:14
cheeks	Alma 14:15
cheeks	Alma 14:20
cheeks	Alma 26:29
chemish	Omni 1:8
chemish	Omni 1:9
chemish	Omni 1:10
cherubims	Alma 12:21
cherubims	Alma 42:2
cherubims	Alma 42:3
chickens	3 Nephi 10:4
chickens	3 Nephi 10:5
chickens	3 Nephi 10:5
chickens	3 Nephi 10:6
chid	1 Nephi 11:20
chiefest	3 Nephi 3:18
chiefest	3 Nephi 7:10
chiefs	3 Nephi 7:14
choicest	2 Nephi 15:2
choirs	Mosiah 2:28
choirs	Mormon 7:7
christians	Alma 46:13
christians	Alma 46:15
christians	Alma 46:16
christians	Alma 48:10
christs	Words of Mormon 1:15
churches	1 Nephi 13:5
churches	1 Nephi 13:26
churches	1 Nephi 14:10
churches	1 Nephi 22:23
churches	2 Nephi 26:20
churches	2 Nephi 26:21
churches	2 Nephi 28:3
churches	2 Nephi 28:3
churches	2 Nephi 28:12
churches	2 Nephi 28:12
churches	Mosiah 25:19
churches	Mosiah 25:21
churches	Mosiah 25:22
churches	Mosiah 25:22
churches	Mosiah 25:23
churches	Mosiah 25:23
churches	Mosiah 27:3
churches	Alma 23:4
churches	Alma 45:22
churches	Alma 45:23
churches	4 Nephi 1:26
churches	4 Nephi 1:27
churches	4 Nephi 1:27
churches	4 Nephi 1:34
churches	4 Nephi 1:41
churches	Mormon 8:28
churches	Mormon 8:28
churches	Mormon 8:28
churches	Mormon 8:32
churches	Mormon 8:33
churches	Mormon 8:36
churches	Mormon 8:37
cimeter	Enos 1:20
cimeter	Alma 27:29
cimeter	Alma 44:8
cimeters	Mosiah 9:16
cimeters	Mosiah 10:8
cimeters	Alma 2:12
cimeters	Alma 43:18
cimeters	Alma 43:20
cimeters	Alma 43:37
cimeters	Alma 60:2
cimeters	Helaman 1:14
circumcision	Moroni 8:8
circumstances	Alma 1:30
circumstances	Alma 11:4
circumstances	Alma 17:5
circumstances	Alma 32:25
circumstances	Alma 50:17
circumstances	Alma 52:14
circumstances	Alma 53:9
circumstances	Alma 53:15
circumstances	Alma 55:23
circumstances	Alma 57:16
circumstances	Alma 58:5
circumstances	Alma 58:7
circumstances	Helaman 6:21
cities	1 Nephi 11:13
cities	1 Nephi 12:3
cities	1 Nephi 12:4
cities	2 Nephi 15:9
cities	2 Nephi 16:11
cities	2 Nephi 24:17
cities	2 Nephi 24:21
cities	Jarom 1:7
cities	Mosiah 27:6
cities	Alma 8:7
cities	Alma 23:13
cities	Alma 23:14
cities	Alma 23:15
cities	Alma 48:5
cities	Alma 48:8
cities	Alma 50:1
cities	Alma 50:2
cities	Alma 50:15
cities	Alma 51:20
cities	Alma 51:26
cities	Alma 51:27
cities	Alma 52:4
cities	Alma 52:4
cities	Alma 52:5
cities	Alma 52:10
cities	Alma 52:10
cities	Alma 52:13
cities	Alma 52:15
cities	Alma 52:20
cities	Alma 53:8
cities	Alma 54:10
cities	Alma 56:13
cities	Alma 56:15
cities	Alma 56:16
cities	Alma 56:20
cities	Alma 56:22
cities	Alma 56:23
cities	Alma 56:26
cities	Alma 57:4
cities	Alma 58:10
cities	Alma 58:31
cities	Alma 58:32
cities	Alma 58:33
cities	Alma 59:4
cities	Helaman 1:26
cities	Helaman 1:27
cities	Helaman 3:9
cities	Helaman 3:11
cities	Helaman 4:9
cities	Helaman 8:5
cities	Helaman 8:6
cities	Helaman 13:16
cities	Helaman 14:24
cities	3 Nephi 2:11
cities	3 Nephi 3:6
cities	3 Nephi 4:1
cities	3 Nephi 6:7
cities	3 Nephi 6:7
cities	3 Nephi 8:14
cities	3 Nephi 8:15
cities	3 Nephi 10:4
cities	3 Nephi 21:15
cities	3 Nephi 21:18
cities	3 Nephi 22:3
cities	4 Nephi 1:7
cities	4 Nephi 1:7
cities	4 Nephi 1:9
cities	4 Nephi 1:9
cities	Mormon 5:4
cities	Mormon 5:5
cities	Ether 9:23
cities	Ether 10:4
cities	Ether 10:9
cities	Ether 10:12
cities	Ether 14:17
cities	Ether 14:17
citties	Helaman 7:22
claimeth	Alma 42:22
claimeth	Alma 42:22
claimeth	Alma 42:23
claimeth	Alma 42:24
claimeth	Moroni 7:28
classes	4 Nephi 1:26
cleaveth	Jacob 6:5
clefts	2 Nephi 12:21
closets	Alma 34:26
clouds	2 Nephi 15:6
clouds	2 Nephi 24:14
clowd	Ether 2:4
clubs	Mosiah 9:16
clubs	Alma 17:36
clubs	Alma 57:14
coals	3 Nephi 22:16
cohor	Ether 7:15
cohor	Ether 7:20
cohor	Ether 7:21
cohor	Ether 7:21
cohor	Ether 7:22
cohor	Ether 7:22
cohor	Ether 13:17
colors	3 Nephi 22:11
combinations	2 Nephi 9:9
combinations	2 Nephi 26:22
combinations	2 Nephi 26:22
combinations	Alma 37:30
combinations	Alma 37:31
combinations	Helaman 3:23
combinations	Helaman 6:38
combinations	3 Nephi 4:29
combinations	3 Nephi 5:6
combinations	3 Nephi 9:9
combinations	4 Nephi 1:42
combinations	Mormon 8:27
combinations	Ether 8:19
combinations	Ether 8:20
combinations	Ether 8:22
combinations	Ether 8:23
combinations	Ether 9:1
combinations	Ether 11:7
combinations	Ether 13:18
combinations	Ether 14:8
combinations	Ether 14:10
comes	Omni 1:25
comes	Alma 12:24
comes	Alma 28:13
comes	Alma 30:16
comes	Moroni 10:17
comest	Jacob 5:21
cometh	1 Nephi 13:42
cometh	1 Nephi 14:7
cometh	1 Nephi 14:17
cometh	1 Nephi 19:8
cometh	1 Nephi 19:15
cometh	1 Nephi 22:7
cometh	1 Nephi 22:15
cometh	1 Nephi 22:15
cometh	1 Nephi 22:15
cometh	1 Nephi 22:16
cometh	1 Nephi 22:18
cometh	1 Nephi 22:24
cometh	2 Nephi 1:10
cometh	2 Nephi 2:3
cometh	2 Nephi 2:6
cometh	2 Nephi 2:10
cometh	2 Nephi 2:26
cometh	2 Nephi 6:10
cometh	2 Nephi 6:14
cometh	2 Nephi 9:2
cometh	2 Nephi 9:15
cometh	2 Nephi 9:21
cometh	2 Nephi 10:7
cometh	2 Nephi 11:7
cometh	2 Nephi 12:12
cometh	2 Nephi 23:9
cometh	2 Nephi 25:12
cometh	2 Nephi 25:19
cometh	2 Nephi 26:4
cometh	2 Nephi 26:6
cometh	2 Nephi 26:10
cometh	2 Nephi 26:11
cometh	2 Nephi 27:11
cometh	2 Nephi 30:10
cometh	2 Nephi 31:13
cometh	2 Nephi 31:17
cometh	Jacob 2:35
cometh	Jacob 3:4
cometh	Jacob 5:29
cometh	Jacob 5:71
cometh	Jacob 5:76
cometh	Jacob 5:77
cometh	Jacob 5:77
cometh	Jacob 6:2
cometh	Omni 1:25
cometh	Mosiah 2:37
cometh	Mosiah 3:5
cometh	Mosiah 3:7
cometh	Mosiah 3:9
cometh	Mosiah 3:12
cometh	Mosiah 3:21
cometh	Mosiah 4:8
cometh	Mosiah 5:8
cometh	Mosiah 13:27
cometh	Mosiah 15:21
cometh	Mosiah 15:27
cometh	Mosiah 16:15
cometh	Mosiah 29:27
cometh	Alma 5:40
cometh	Alma 5:40
cometh	Alma 5:48
cometh	Alma 5:50
cometh	Alma 7:5
cometh	Alma 7:7
cometh	Alma 7:9
cometh	Alma 9:27
cometh	Alma 11:40
cometh	Alma 11:41
cometh	Alma 12:16
cometh	Alma 13:25
cometh	Alma 26:6
cometh	Alma 30:40
cometh	Alma 32:38
cometh	Alma 34:7
cometh	Alma 34:33
cometh	Alma 39:15
cometh	Alma 40:4
cometh	Alma 40:10
cometh	Alma 40:19
cometh	Alma 40:20
cometh	Alma 40:26
cometh	Alma 41:5
cometh	Alma 42:23
cometh	Alma 42:26
cometh	Alma 45:13
cometh	Alma 45:13
cometh	Helaman 3:35
cometh	Helaman 5:9
cometh	Helaman 9:32
cometh	Helaman 13:6
cometh	Helaman 13:14
cometh	Helaman 13:31
cometh	Helaman 14:2
cometh	Helaman 14:2
cometh	Helaman 14:3
cometh	Helaman 14:18
cometh	3 Nephi 9:14
cometh	3 Nephi 9:17
cometh	3 Nephi 9:20
cometh	3 Nephi 9:22
cometh	3 Nephi 11:40
cometh	3 Nephi 12:3
cometh	3 Nephi 12:37
cometh	3 Nephi 20:30
cometh	3 Nephi 25:1
cometh	3 Nephi 25:1
cometh	3 Nephi 27:11
cometh	3 Nephi 27:33
cometh	Mormon 6:21
cometh	Mormon 8:33
cometh	Mormon 8:41
cometh	Mormon 9:14
cometh	Mormon 9:14
cometh	Ether 2:9
cometh	Ether 2:11
cometh	Ether 3:21
cometh	Ether 4:12
cometh	Ether 8:25
cometh	Ether 12:4
cometh	Ether 13:10
cometh	Ether 13:11
cometh	Moroni 7:12
cometh	Moroni 7:12
cometh	Moroni 7:24
cometh	Moroni 8:22
cometh	Moroni 8:25
cometh	Moroni 8:26
cometh	Moroni 8:28
cometh	Moroni 10:18
cometh	Moroni 10:22
cometh	Moroni 10:24
cometh	Moroni 10:27
comfortedst	2 Nephi 22:1
comforteth	2 Nephi 8:12
commandest	Alma 22:20
commandeth	1 Nephi 3:7
commandeth	2 Nephi 9:23
commandeth	2 Nephi 26:24
commandeth	2 Nephi 26:29
commandeth	Alma 5:60
commandeth	Alma 9:12
commandeth	3 Nephi 11:32
commandeth	3 Nephi 16:10
commandeth	3 Nephi 30:1
commandeth	Mormon 8:18
commandeth	Ether 8:24
commanding	2 Nephi 1:27
commanding	Mosiah 28:20
commandments	1 Nephi 2:10
commandments	1 Nephi 2:20
commandments	1 Nephi 2:22
commandments	1 Nephi 3:7
commandments	1 Nephi 3:16
commandments	1 Nephi 3:16
commandments	1 Nephi 3:21
commandments	1 Nephi 4:1
commandments	1 Nephi 4:11
commandments	1 Nephi 4:14
commandments	1 Nephi 4:15
commandments	1 Nephi 4:34
commandments	1 Nephi 5:20
commandments	1 Nephi 5:21
commandments	1 Nephi 8:38
commandments	1 Nephi 15:10
commandments	1 Nephi 15:11
commandments	1 Nephi 15:25
commandments	1 Nephi 16:4
commandments	1 Nephi 16:8
commandments	1 Nephi 17:3
commandments	1 Nephi 17:3
commandments	1 Nephi 17:13
commandments	1 Nephi 17:13
commandments	1 Nephi 17:15
commandments	1 Nephi 17:22
commandments	1 Nephi 19:4
commandments	1 Nephi 20:18
commandments	1 Nephi 22:30
commandments	1 Nephi 22:31
commandments	2 Nephi 1:7
commandments	2 Nephi 1:9
commandments	2 Nephi 1:9
commandments	2 Nephi 1:10
commandments	2 Nephi 1:20
commandments	2 Nephi 1:20
commandments	2 Nephi 1:24
commandments	2 Nephi 1:32
commandments	2 Nephi 2:21
commandments	2 Nephi 2:26
commandments	2 Nephi 2:28
commandments	2 Nephi 3:2
commandments	2 Nephi 4:4
commandments	2 Nephi 4:4
commandments	2 Nephi 5:10
commandments	2 Nephi 5:19
commandments	2 Nephi 5:31
commandments	2 Nephi 9:27
commandments	2 Nephi 25:25
commandments	2 Nephi 30:1
commandments	2 Nephi 31:7
commandments	2 Nephi 31:10
commandments	2 Nephi 31:14
commandments	2 Nephi 31:18
commandments	Jacob 2:21
commandments	Jacob 2:29
commandments	Jacob 2:34
commandments	Jacob 5:72
commandments	Jacob 5:74
commandments	Jacob 5:75
commandments	Enos 1:10
commandments	Jarom 1:9
commandments	Jarom 1:10
commandments	Jarom 1:15
commandments	Omni 1:2
commandments	Omni 1:3
commandments	Omni 1:6
commandments	Omni 1:9
commandments	Mosiah 1:3
commandments	Mosiah 1:4
commandments	Mosiah 1:5
commandments	Mosiah 1:7
commandments	Mosiah 1:11
commandments	Mosiah 2:4
commandments	Mosiah 2:13
commandments	Mosiah 2:22
commandments	Mosiah 2:22
commandments	Mosiah 2:22
commandments	Mosiah 2:31
commandments	Mosiah 2:31
commandments	Mosiah 2:31
commandments	Mosiah 2:31
commandments	Mosiah 2:41
commandments	Mosiah 4:6
commandments	Mosiah 4:30
commandments	Mosiah 5:5
commandments	Mosiah 6:1
commandments	Mosiah 6:3
commandments	Mosiah 6:6
commandments	Mosiah 10:13
commandments	Mosiah 11:2
commandments	Mosiah 12:33
commandments	Mosiah 12:33
commandments	Mosiah 13:4
commandments	Mosiah 13:11
commandments	Mosiah 13:14
commandments	Mosiah 13:25
commandments	Mosiah 15:22
commandments	Mosiah 15:26
commandments	Mosiah 17:20
commandments	Mosiah 18:10
commandments	Mosiah 21:31
commandments	Mosiah 21:32
commandments	Mosiah 23:14
commandments	Mosiah 26:33
commandments	Mosiah 27:10
commandments	Mosiah 27:33
commandments	Mosiah 28:11
commandments	Mosiah 29:11
commandments	Mosiah 29:13
commandments	Mosiah 29:14
commandments	Mosiah 29:22
commandments	Mosiah 29:36
commandments	Mosiah 29:43
commandments	Mosiah 29:45
commandments	Alma 1:25
commandments	Alma 3:11
commandments	Alma 5:18
commandments	Alma 5:43
commandments	Alma 7:15
commandments	Alma 7:16
commandments	Alma 7:23
commandments	Alma 8:15
commandments	Alma 8:17
commandments	Alma 9:8
commandments	Alma 9:13
commandments	Alma 9:13
commandments	Alma 9:14
commandments	Alma 12:31
commandments	Alma 12:31
commandments	Alma 12:32
commandments	Alma 12:37
commandments	Alma 13:1
commandments	Alma 13:6
commandments	Alma 18:10
commandments	Alma 21:23
commandments	Alma 22:12
commandments	Alma 25:14
commandments	Alma 30:3
commandments	Alma 31:9
commandments	Alma 35:16
commandments	Alma 36:1
commandments	Alma 36:13
commandments	Alma 36:30
commandments	Alma 36:30
commandments	Alma 37:13
commandments	Alma 37:13
commandments	Alma 37:13
commandments	Alma 37:15
commandments	Alma 37:16
commandments	Alma 37:20
commandments	Alma 37:35
commandments	Alma 38:1
commandments	Alma 38:1
commandments	Alma 38:2
commandments	Alma 39:1
commandments	Alma 45:6
commandments	Alma 45:7
commandments	Alma 46:21
commandments	Alma 46:23
commandments	Alma 47:2
commandments	Alma 47:8
commandments	Alma 48:15
commandments	Alma 48:16
commandments	Alma 48:25
commandments	Alma 48:25
commandments	Alma 49:27
commandments	Alma 50:20
commandments	Alma 50:20
commandments	Alma 50:22
commandments	Alma 53:21
commandments	Alma 58:40
commandments	Alma 60:20
commandments	Alma 60:28
commandments	Alma 60:34
commandments	Alma 63:2
commandments	Helaman 3:20
commandments	Helaman 3:37
commandments	Helaman 4:21
commandments	Helaman 5:6
commandments	Helaman 5:14
commandments	Helaman 6:31
commandments	Helaman 6:34
commandments	Helaman 7:4
commandments	Helaman 7:7
commandments	Helaman 8:3
commandments	Helaman 10:4
commandments	Helaman 13:1
commandments	Helaman 15:5
commandments	Helaman 16:12
commandments	3 Nephi 5:22
commandments	3 Nephi 6:14
commandments	3 Nephi 12:19
commandments	3 Nephi 12:19
commandments	3 Nephi 12:20
commandments	3 Nephi 15:10
commandments	3 Nephi 15:10
commandments	3 Nephi 18:10
commandments	3 Nephi 18:14
commandments	3 Nephi 18:27
commandments	3 Nephi 18:34
commandments	4 Nephi 1:12
commandments	Moroni 4:1
commandments	Moroni 4:3
commandments	Moroni 8:11
commandments	Moroni 8:25
commandments	Moroni 8:25
commands	Jacob 2:10
commands	Jacob 2:16
commands	Jacob 4:5
commands	Jacob 7:27
commands	Alma 30:7
commands	Alma 47:3
commands	Alma 47:16
commands	Alma 47:21
commands	Moroni 9:18
commiting	Alma 1:32
committeth	3 Nephi 12:32
commmandments	1 Nephi 4:17
comnor	Ether 14:28
comnor	Ether 14:28
complained	1 Nephi 5:2
complained	1 Nephi 5:3
complained	Alma 11:2
complaints	Mosiah 21:6
comprehendeth	Alma 26:35
concourses	1 Nephi 1:8
concourses	1 Nephi 8:21
concourses	Alma 36:22
concubines	Jacob 1:15
concubines	Jacob 2:24
concubines	Jacob 2:27
concubines	Jacob 3:5
concubines	Mosiah 11:2
concubines	Mosiah 11:4
concubines	Mosiah 11:4
concubines	Mosiah 11:14
concubines	Ether 10:5
condemneth	Jacob 2:14
condemneth	Alma 41:15
condemneth	3 Nephi 18:33
condemneth	Mormon 8:17
condescensions	2 Nephi 9:53
condescention	1 Nephi 11:16
condescention	1 Nephi 11:26
condescentions	Jacob 4:7
conditions	Mosiah 4:8
conditions	Mosiah 4:8
conditions	Mosiah 19:15
conditions	Alma 5:10
conditions	Alma 17:15
conditions	Alma 27:24
conditions	Alma 42:13
conditions	Alma 42:13
conditions	Alma 44:11
conditions	Alma 54:11
conditions	Helaman 5:11
conditions	Helaman 14:11
conditions	Helaman 16:11
confesses	Moroni 7:44
congregations	Alma 33:9
conquerors	Jacob 7:25
consequences	2 Nephi 9:48
consequences	Jacob 3:12
consequences	Alma 50:32
consequences	Alma 50:32
considerest	3 Nephi 14:3
consisted	1 Nephi 2:5
consisted	Alma 3:6
consisted	Mormon 1:8
consisting	Mosiah 2:5
consists	1 Nephi 1:2
consoling	Jacob 2:9
constellations	2 Nephi 23:10
constraineth	1 Nephi 7:15
constraineth	Alma 14:11
consumeth	2 Nephi 15:24
consumeth	2 Nephi 26:7
containeth	1 Nephi 13:23
contains	1 Nephi 13:23
contains	2 Nephi 29:10
contendeth	1 Nephi 21:25
contendeth	2 Nephi 6:17
contentions	1 Nephi 9:4
contentions	1 Nephi 9:4
contentions	1 Nephi 12:3
contentions	1 Nephi 19:4
contentions	2 Nephi 3:12
contentions	2 Nephi 5:34
contentions	2 Nephi 26:2
contentions	Jacob 3:13
contentions	Jacob 7:26
contentions	Enos 1:23
contentions	Jarom 1:13
contentions	Omni 1:17
contentions	Words of Mormon 1:12
contentions	Words of Mormon 1:16
contentions	Mosiah 2:32
contentions	Mosiah 7:25
contentions	Mosiah 9:13
contentions	Mosiah 11:28
contentions	Mosiah 28:2
contentions	Mosiah 29:7
contentions	Mosiah 29:7
contentions	Mosiah 29:14
contentions	Mosiah 29:36
contentions	Alma 2:5
contentions	Alma 3:25
contentions	Alma 4:1
contentions	Alma 4:9
contentions	Alma 4:19
contentions	Alma 16:1
contentions	Alma 28:9
contentions	Alma 35:15
contentions	Alma 48:20
contentions	Alma 50:21
contentions	Alma 51:9
contentions	Alma 51:12
contentions	Alma 51:16
contentions	Alma 51:22
contentions	Alma 62:40
contentions	Alma 62:44
contentions	Helaman 3:3
contentions	Helaman 3:14
contentions	Helaman 3:17
contentions	Helaman 3:19
contentions	Helaman 3:22
contentions	Helaman 4:12
contentions	Helaman 8:7
contentions	Helaman 10:18
contentions	Helaman 11:1
contentions	Helaman 11:22
contentions	Helaman 16:22
contentions	3 Nephi 1:24
contentions	3 Nephi 2:11
contentions	3 Nephi 2:18
contentions	4 Nephi 1:2
contentions	Ether 11:7
continnally	Alma 58:41
conversed	Alma 9:21
conversed	Alma 12:30
conversed	Alma 19:34
conversing	3 Nephi 11:2
conversing	3 Nephi 11:3
conveyed	Helaman 10:16
cords	1 Nephi 7:16
cords	1 Nephi 18:11
cords	2 Nephi 15:18
cords	2 Nephi 26:22
cords	Alma 14:4
cords	Alma 14:22
cords	Alma 14:23
cords	Alma 14:26
cords	Alma 20:29
cords	Alma 20:30
cords	Alma 26:29
cords	Alma 62:21
cords	Alma 62:23
cords	3 Nephi 22:2
corianton	Alma 31:7
corianton	Alma 49:30
corianton	Alma 63:10
coriantor	Ether 1:6
coriantor	Ether 1:7
coriantor	Ether 11:18
coriantor	Ether 11:19
coriantor	Ether 11:20
coriantor	Ether 11:23
coriantum	Ether 1:13
coriantum	Ether 1:14
coriantum	Ether 1:27
coriantum	Ether 1:28
coriantum	Ether 9:21
coriantum	Ether 9:21
coriantum	Ether 9:22
coriantum	Ether 9:23
coriantum	Ether 9:24
coriantum	Ether 10:31
coriantum	Ether 10:31
coriantumr	Omni 1:21
coriantumr	Omni 1:21
coriantumr	Helaman 1:15
coriantumr	Helaman 1:16
coriantumr	Helaman 1:17
coriantumr	Helaman 1:19
coriantumr	Helaman 1:20
coriantumr	Helaman 1:21
coriantumr	Helaman 1:21
coriantumr	Helaman 1:22
coriantumr	Helaman 1:25
coriantumr	Helaman 1:30
coriantumr	Helaman 1:32
coriantumr	Ether 8:4
coriantumr	Ether 12:1
coriantumr	Ether 12:1
coriantumr	Ether 12:2
coriantumr	Ether 13:15
coriantumr	Ether 13:16
coriantumr	Ether 13:18
coriantumr	Ether 13:19
coriantumr	Ether 13:20
coriantumr	Ether 13:21
coriantumr	Ether 13:21
coriantumr	Ether 13:22
coriantumr	Ether 13:23
coriantumr	Ether 13:24
coriantumr	Ether 13:27
coriantumr	Ether 13:28
coriantumr	Ether 13:29
coriantumr	Ether 13:30
coriantumr	Ether 13:31
coriantumr	Ether 14:3
coriantumr	Ether 14:3
coriantumr	Ether 14:5
coriantumr	Ether 14:5
coriantumr	Ether 14:6
coriantumr	Ether 14:7
coriantumr	Ether 14:11
coriantumr	Ether 14:12
coriantumr	Ether 14:13
coriantumr	Ether 14:14
coriantumr	Ether 14:15
coriantumr	Ether 14:16
coriantumr	Ether 14:16
coriantumr	Ether 14:17
coriantumr	Ether 14:20
coriantumr	Ether 14:24
coriantumr	Ether 14:24
coriantumr	Ether 14:24
coriantumr	Ether 14:26
coriantumr	Ether 14:27
coriantumr	Ether 14:28
coriantumr	Ether 14:28
coriantumr	Ether 14:30
coriantumr	Ether 14:30
coriantumr	Ether 14:31
coriantumr	Ether 15:1
coriantumr	Ether 15:5
coriantumr	Ether 15:6
coriantumr	Ether 15:6
coriantumr	Ether 15:6
coriantumr	Ether 15:7
coriantumr	Ether 15:9
coriantumr	Ether 15:10
coriantumr	Ether 15:11
coriantumr	Ether 15:13
coriantumr	Ether 15:13
coriantumr	Ether 15:18
coriantumr	Ether 15:23
coriantumr	Ether 15:25
coriantumr	Ether 15:28
coriantumr	Ether 15:28
coriantumr	Ether 15:29
coriantumr	Ether 15:30
coriantumr	Ether 15:32
corihor	Ether 7:3
corihor	Ether 7:4
corihor	Ether 7:4
corihor	Ether 7:7
corihor	Ether 7:9
corihor	Ether 7:13
corihor	Ether 7:14
corihor	Ether 7:14
corihor	Ether 7:15
corihor	Ether 13:17
corihor	Ether 14:27
corihor	Ether 14:28
corners	2 Nephi 21:12
corners	3 Nephi 13:5
corom	Ether 1:19
corom	Ether 1:20
corom	Ether 10:16
corom	Ether 10:17
counseleth	Jacob 4:10
counselled	Mosiah 17:6
counsellor	2 Nephi 19:6
counsels	1 Nephi 19:7
counsels	2 Nephi 9:29
counsels	2 Nephi 28:9
counsels	Helaman 12:5
counsels	Helaman 12:6
countenances	Alma 5:14
countenances	Alma 5:19
countries	2 Nephi 1:5
countries	2 Nephi 18:9
countries	Mormon 2:3
countries	Mormon 6:15
countries	Ether 8:25
countries	Ether 9:35
countries	Ether 9:35
countries	Ether 13:11
covenanteth	2 Nephi 30:2
covenants	1 Nephi 13:23
covenants	1 Nephi 13:23
covenants	1 Nephi 13:26
covenants	1 Nephi 14:5
covenants	1 Nephi 14:8
covenants	1 Nephi 14:17
covenants	1 Nephi 17:40
covenants	1 Nephi 19:15
covenants	1 Nephi 22:6
covenants	1 Nephi 22:9
covenants	1 Nephi 22:11
covenants	2 Nephi 3:4
covenants	2 Nephi 3:5
covenants	2 Nephi 3:7
covenants	2 Nephi 3:12
covenants	2 Nephi 6:12
covenants	2 Nephi 9:1
covenants	2 Nephi 9:53
covenants	2 Nephi 10:15
covenants	2 Nephi 11:5
covenants	2 Nephi 29:1
covenants	Alma 37:27
covenants	Alma 37:29
covenants	Helaman 6:21
covenants	Helaman 6:25
covenants	Helaman 6:26
covenants	Helaman 6:30
covenants	Moroni 7:31
covenants	Moroni 7:32
covenants	Moroni 10:31
cows	Ether 9:18
cracks	Helaman 14:22
cracks	3 Nephi 8:18
crafts	2 Nephi 10:5
crafts	2 Nephi 26:29
creatures	2 Nephi 23:21
creatures	Mosiah 4:11
creatures	Mosiah 27:26
creditors	2 Nephi 7:1
cries	Jacob 2:32
cries	Mosiah 9:18
cries	Mosiah 11:24
cries	Mosiah 21:11
cries	Mosiah 21:15
cries	Mosiah 23:10
cries	Mosiah 24:11
cries	Alma 2:28
cries	Alma 9:26
cries	Alma 33:9
cries	Alma 33:10
cries	Alma 57:32
cries	Alma 60:10
cries	3 Nephi 4:8
cries	Mormon 8:41
cries	Ether 15:16
cries	Ether 15:17
cries	Moroni 9:15
crieth	2 Nephi 28:25
crieth	Alma 5:51
crimes	Jacob 2:9
crimes	Jacob 2:23
crimes	Words of Mormon 1:15
crimes	Words of Mormon 1:16
crimes	Mosiah 26:11
crimes	Alma 4:16
crimes	Alma 10:14
crimes	Alma 30:11
crimes	Alma 30:11
crimes	Alma 39:7
crimes	Alma 39:8
crops	Alma 34:24
crosses	2 Nephi 9:18
crucified	1 Nephi 19:10
crucified	2 Nephi 10:5
crucified	Mosiah 15:7
cumbered	Jacob 5:44
cumeni	Alma 56:14
cumeni	Alma 57:7
cumeni	Alma 57:8
cumeni	Alma 57:12
cumeni	Alma 57:23
cumeni	Alma 57:31
cumeni	Alma 57:34
cumoms	Ether 9:19
cumoms	Ether 9:19
cureloms	Ether 9:19
cureloms	Ether 9:19
cures	3 Nephi 26:15
curseth	1 Nephi 17:38
curseth	Helaman 13:31
cursings	Jacob 3:5
curtains	3 Nephi 22:2
cush	2 Nephi 21:11
cuts	Mosiah 13:7
cutteth	1 Nephi 16:2
daggers	Jacob 2:9
daghter	1 Nephi 16:7
damascus	2 Nephi 17:8
damascus	2 Nephi 17:8
damascus	2 Nephi 18:4
damascus	2 Nephi 20:9
danced	Ether 8:11
darkest	Mosiah 27:29
darkest	Alma 26:3
darknesss	2 Nephi 27:29
darts	1 Nephi 15:24
daughters	1 Nephi 7:1
daughters	1 Nephi 7:6
daughters	1 Nephi 7:6
daughters	1 Nephi 7:19
daughters	1 Nephi 16:7
daughters	1 Nephi 16:7
daughters	1 Nephi 16:35
daughters	1 Nephi 21:22
daughters	1 Nephi 22:6
daughters	2 Nephi 4:3
daughters	2 Nephi 4:3
daughters	2 Nephi 4:3
daughters	2 Nephi 4:5
daughters	2 Nephi 4:8
daughters	2 Nephi 4:8
daughters	2 Nephi 4:9
daughters	2 Nephi 4:9
daughters	2 Nephi 4:9
daughters	2 Nephi 6:6
daughters	2 Nephi 13:16
daughters	2 Nephi 13:17
daughters	2 Nephi 14:4
daughters	Jacob 2:31
daughters	Jacob 2:32
daughters	Jacob 2:33
daughters	Mosiah 2:5
daughters	Mosiah 2:5
daughters	Mosiah 5:7
daughters	Mosiah 5:7
daughters	Mosiah 19:13
daughters	Mosiah 20:1
daughters	Mosiah 20:4
daughters	Mosiah 20:5
daughters	Mosiah 20:6
daughters	Mosiah 20:15
daughters	Mosiah 20:18
daughters	Mosiah 20:23
daughters	Mosiah 21:20
daughters	Mosiah 23:33
daughters	Mosiah 25:12
daughters	Mosiah 27:25
daughters	Alma 17:24
daughters	Alma 18:43
daughters	3 Nephi 2:16
daughters	3 Nephi 8:25
daughters	3 Nephi 9:2
daughters	Mormon 6:19
daughters	Ether 3:14
daughters	Ether 6:15
daughters	Ether 6:16
daughters	Ether 6:20
daughters	Ether 6:20
daughters	Ether 7:2
daughters	Ether 7:4
daughters	Ether 7:12
daughters	Ether 7:14
daughters	Ether 7:26
daughters	Ether 8:1
daughters	Ether 8:4
daughters	Ether 9:2
daughters	Ether 9:3
daughters	Ether 9:21
daughters	Ether 9:24
daughters	Ether 9:25
daughters	Ether 10:2
daughters	Ether 10:14
daughters	Ether 10:16
daughters	Ether 10:17
daughters	Ether 10:29
daughters	Ether 13:17
daughters	Ether 13:17
daughters	Ether 13:17
daughters	Ether 13:17
daughters	Moroni 9:9
daughters	Moroni 9:16
david	2 Nephi 17:2
david	2 Nephi 17:13
david	2 Nephi 19:7
david	Jacob 1:15
david	Jacob 2:23
david	Jacob 2:24
david	Mormon 2:5
days	1 Nephi 1:1
days	1 Nephi 1:1
days	1 Nephi 1:1
days	1 Nephi 1:4
days	1 Nephi 1:17
days	1 Nephi 2:6
days	1 Nephi 10:21
days	1 Nephi 15:13
days	1 Nephi 15:18
days	1 Nephi 15:19
days	1 Nephi 15:31
days	1 Nephi 15:32
days	1 Nephi 16:13
days	1 Nephi 16:15
days	1 Nephi 16:17
days	1 Nephi 16:33
days	1 Nephi 17:7
days	1 Nephi 17:52
days	1 Nephi 17:55
days	1 Nephi 18:9
days	1 Nephi 18:13
days	1 Nephi 18:15
days	1 Nephi 18:23
days	1 Nephi 19:10
days	1 Nephi 22:6
days	2 Nephi 1:14
days	2 Nephi 2:1
days	2 Nephi 2:3
days	2 Nephi 2:21
days	2 Nephi 2:30
days	2 Nephi 3:1
days	2 Nephi 3:5
days	2 Nephi 3:12
days	2 Nephi 4:11
days	2 Nephi 4:13
days	2 Nephi 5:7
days	2 Nephi 5:7
days	2 Nephi 8:9
days	2 Nephi 9:27
days	2 Nephi 12:2
days	2 Nephi 17:1
days	2 Nephi 17:17
days	2 Nephi 25:7
days	2 Nephi 25:8
days	2 Nephi 25:13
days	2 Nephi 26:14
days	2 Nephi 26:14
days	2 Nephi 27:1
days	2 Nephi 27:1
days	Jacob 1:7
days	Jacob 1:10
days	Jacob 5:6
days	Jacob 7:15
days	Jacob 7:26
days	Enos 1:24
days	Enos 1:26
days	Omni 1:2
days	Omni 1:20
days	Omni 1:23
days	Omni 1:24
days	Words of Mormon 1:10
days	Mosiah 1:1
days	Mosiah 2:12
days	Mosiah 2:16
days	Mosiah 2:19
days	Mosiah 5:5
days	Mosiah 7:4
days	Mosiah 7:4
days	Mosiah 7:5
days	Mosiah 7:8
days	Mosiah 8:8
days	Mosiah 9:4
days	Mosiah 13:17
days	Mosiah 13:19
days	Mosiah 13:20
days	Mosiah 14:10
days	Mosiah 17:4
days	Mosiah 17:6
days	Mosiah 18:7
days	Mosiah 21:2
days	Mosiah 21:26
days	Mosiah 22:13
days	Mosiah 22:16
days	Mosiah 23:3
days	Mosiah 23:30
days	Mosiah 24:25
days	Mosiah 27:23
days	Mosiah 28:5
days	Mosiah 29:11
days	Mosiah 29:47
days	Alma 3:20
days	Alma 5:46
days	Alma 8:6
days	Alma 8:26
days	Alma 8:27
days	Alma 9:18
days	Alma 9:26
days	Alma 10:7
days	Alma 10:22
days	Alma 13:7
days	Alma 13:9
days	Alma 13:14
days	Alma 13:18
days	Alma 14:18
days	Alma 14:22
days	Alma 14:23
days	Alma 16:11
days	Alma 17:9
days	Alma 17:26
days	Alma 18:43
days	Alma 19:1
days	Alma 19:5
days	Alma 20:30
days	Alma 24:18
days	Alma 26:24
days	Alma 30:2
days	Alma 36:10
days	Alma 36:16
days	Alma 38:8
days	Alma 40:18
days	Alma 41:6
days	Alma 42:28
days	Alma 50:23
days	Alma 50:23
days	Alma 50:39
days	Alma 51:37
days	Alma 57:12
days	Alma 62:43
days	Helaman 1:21
days	Helaman 5:4
days	Helaman 5:4
days	Helaman 5:22
days	Helaman 7:7
days	Helaman 7:7
days	Helaman 7:8
days	Helaman 7:8
days	Helaman 7:9
days	Helaman 7:24
days	Helaman 8:16
days	Helaman 8:18
days	Helaman 8:19
days	Helaman 13:25
days	Helaman 13:25
days	Helaman 13:31
days	Helaman 13:32
days	Helaman 13:37
days	Helaman 13:38
days	Helaman 13:38
days	Helaman 14:4
days	Helaman 14:20
days	Helaman 14:27
days	Helaman 15:3
days	Helaman 15:4
days	Helaman 15:10
days	Helaman 15:11
days	Helaman 16:21
days	3 Nephi 2:5
days	3 Nephi 6:19
days	3 Nephi 8:3
days	3 Nephi 8:23
days	3 Nephi 10:9
days	3 Nephi 24:4
days	3 Nephi 24:7
days	3 Nephi 26:13
days	Mormon 2:19
days	Mormon 9:28
days	Ether 1:4
days	Ether 6:11
days	Ether 7:1
days	Ether 7:1
days	Ether 7:27
days	Ether 7:27
days	Ether 8:4
days	Ether 8:4
days	Ether 9:3
days	Ether 9:15
days	Ether 9:21
days	Ether 9:23
days	Ether 10:14
days	Ether 10:17
days	Ether 10:17
days	Ether 10:19
days	Ether 10:30
days	Ether 10:31
days	Ether 10:31
days	Ether 10:31
days	Ether 10:31
days	Ether 10:33
days	Ether 11:1
days	Ether 11:3
days	Ether 11:7
days	Ether 11:9
days	Ether 11:10
days	Ether 11:10
days	Ether 11:10
days	Ether 11:11
days	Ether 11:12
days	Ether 11:14
days	Ether 11:18
days	Ether 11:19
days	Ether 11:20
days	Ether 11:23
days	Ether 12:1
days	Ether 12:1
days	Ether 12:2
days	Ether 13:4
days	Ether 13:28
days	Ether 14:26
deadnes	2 Nephi 25:27
dealings	1 Nephi 2:12
dealings	Mosiah 10:14
dealings	Alma 50:19
deaths	3 Nephi 10:14
debtors	3 Nephi 13:11
debts	3 Nephi 13:11
deceits	3 Nephi 16:10
deceivings	Alma 16:18
deceivings	3 Nephi 1:22
deceivings	3 Nephi 21:19
deceivings	3 Nephi 30:2
deceivings	Mormon 8:31
declareth	Helaman 13:26
decrees	2 Nephi 20:1
decrees	Alma 29:4
decrees	Alma 41:8
decrees	Ether 2:9
decrees	Ether 2:10
decrees	Ether 2:11
decreeth	Alma 29:4
deeds	Mosiah 4:30
deeds	Alma 5:15
deeds	Alma 36:15
deeds	Alma 42:27
deeds	Helaman 13:26
deeds	Helaman 15:4
defence	2 Nephi 14:5
defence	Jacob 1:10
defence	Omni 1:10
defence	Alma 51:20
defence	Alma 53:13
defence	Alma 56:7
defence	Alma 56:20
defence	Alma 60:29
defence	Alma 61:6
defence	Alma 62:5
defence	Alma 62:9
defence	3 Nephi 3:2
defence	Ether 14:2
degrees	Mosiah 21:16
degrees	Alma 47:18
delays	3 Nephi 29:2
delighteth	2 Nephi 4:16
delighteth	2 Nephi 9:37
delighteth	2 Nephi 9:49
delighteth	2 Nephi 11:2
delighteth	2 Nephi 11:4
delighteth	2 Nephi 11:5
delighteth	2 Nephi 11:5
delighteth	2 Nephi 11:6
delighteth	2 Nephi 25:4
delighteth	2 Nephi 25:5
delighteth	2 Nephi 31:3
delighteth	Jacob 2:28
delighteth	Alma 26:24
delighting	Mosiah 24:7
deliteth	2 Nephi 4:15
delivereth	2 Nephi 9:19
demands	2 Nephi 9:26
demands	Mosiah 2:38
demands	Mosiah 15:9
demands	Alma 34:16
demands	Alma 34:16
demands	Alma 42:15
demands	Alma 42:24
demands	3 Nephi 3:12
demons	Helaman 13:37
denied	Jacob 6:10
denied	Jacob 7:17
denied	Jacob 7:19
denied	Omni 1:17
denied	Mosiah 27:30
denied	Alma 46:35
denied	Helaman 16:1
denied	4 Nephi 1:29
denied	Mormon 8:28
deniest	Jacob 7:9
denieth	2 Nephi 26:33
denieth	2 Nephi 28:26
denieth	Alma 5:39
denieth	Mormon 9:8
denieth	Moroni 8:20
denieth	Moroni 10:6
dens	4 Nephi 1:33
denying	2 Nephi 25:28
denying	Alma 39:5
denying	Alma 42:30
denying	Alma 62:10
denying	Helaman 4:12
denying	Moroni 8:23
denying	Moroni 8:28
departed	1 Nephi 2:4
departed	1 Nephi 2:4
departed	1 Nephi 3:30
departed	1 Nephi 3:31
departed	1 Nephi 4:38
departed	2 Nephi 17:17
departed	Omni 1:13
departed	Mosiah 10:16
departed	Mosiah 18:34
departed	Mosiah 22:15
departed	Mosiah 23:1
departed	Mosiah 24:20
departed	Mosiah 24:24
departed	Mosiah 27:17
departed	Alma 2:26
departed	Alma 6:7
departed	Alma 8:3
departed	Alma 8:6
departed	Alma 8:13
departed	Alma 14:20
departed	Alma 15:1
departed	Alma 15:1
departed	Alma 17:7
departed	Alma 17:8
departed	Alma 17:13
departed	Alma 17:18
departed	Alma 21:11
departed	Alma 21:12
departed	Alma 22:1
departed	Alma 27:14
departed	Alma 35:13
departed	Alma 40:11
departed	Alma 43:22
departed	Alma 43:23
departed	Alma 45:18
departed	Alma 46:29
departed	Alma 52:12
departed	Alma 63:4
departed	Helaman 3:3
departed	3 Nephi 1:2
departed	3 Nephi 1:3
departed	3 Nephi 18:39
departed	3 Nephi 19:19
departed	3 Nephi 28:12
departed	Mormon 6:17
departed	Ether 9:3
departeth	Alma 3:17
dependant	Mosiah 4:21
depended	Mosiah 10:11
deposited	Mormon 1:3
deposited	Mormon 2:17
depressed	Alma 26:27
depressed	Alma 56:16
depths	1 Nephi 8:32
depths	1 Nephi 12:16
depths	1 Nephi 12:16
depths	1 Nephi 16:25
depths	1 Nephi 17:48
depths	1 Nephi 18:10
depths	1 Nephi 18:15
depths	1 Nephi 18:20
depths	2 Nephi 8:10
depths	2 Nephi 9:42
depths	2 Nephi 17:11
depths	2 Nephi 26:5
depths	Jacob 4:8
depths	Mosiah 4:11
depths	Mosiah 21:14
depths	Alma 3:3
depths	Alma 44:22
depths	Alma 63:8
depths	Helaman 6:5
depths	3 Nephi 8:9
depths	3 Nephi 9:4
depths	3 Nephi 9:6
depths	3 Nephi 9:8
depths	3 Nephi 10:13
depths	3 Nephi 12:2
depths	3 Nephi 28:20
depths	Ether 2:24
depths	Ether 2:25
depths	Ether 6:6
descendants	Mosiah 25:2
descendants	Mosiah 25:13
descendants	Alma 24:29
descendants	Alma 43:13
descendants	Alma 43:14
descendants	Helaman 11:24
descendants	Ether 10:8
descended	1 Nephi 14:14
descended	2 Nephi 31:8
descended	Mosiah 27:11
descended	3 Nephi 14:25
descended	3 Nephi 14:27
descending	1 Nephi 1:9
descending	1 Nephi 11:7
descending	1 Nephi 11:30
descending	1 Nephi 12:6
descending	3 Nephi 11:8
descending	3 Nephi 17:24
descends	3 Nephi 18:13
deseret	Ether 2:3
deserts	1 Nephi 20:21
designs	Alma 10:17
designs	Alma 43:7
designs	Alma 43:8
designs	Alma 47:16
designs	Alma 48:2
designs	Alma 52:17
designs	Alma 57:12
desires	1 Nephi 2:16
desires	1 Nephi 13:8
desires	Enos 1:12
desires	Mosiah 11:2
desires	Mosiah 16:12
desires	Mosiah 18:10
desires	Mosiah 18:11
desires	Mosiah 18:28
desires	Mosiah 21:6
desires	Mosiah 21:13
desires	Mosiah 29:38
desires	Alma 7:18
desires	Alma 9:20
desires	Alma 17:22
desires	Alma 18:35
desires	Alma 20:24
desires	Alma 20:26
desires	Alma 21:22
desires	Alma 22:34
desires	Alma 23:3
desires	Alma 27:3
desires	Alma 29:4
desires	Alma 29:4
desires	Alma 29:5
desires	Alma 30:27
desires	Alma 30:28
desires	Alma 35:5
desires	Alma 41:3
desires	Alma 41:5
desires	Alma 41:5
desires	Alma 41:5
desires	Alma 43:9
desires	Alma 44:6
desires	Alma 46:32
desires	Alma 47:20
desires	Alma 49:15
desires	Alma 55:12
desires	Alma 55:20
desires	Alma 55:26
desires	Alma 60:9
desires	Alma 60:27
desires	Alma 62:28
desires	Ether 3:2
desires	Ether 7:22
desirest	1 Nephi 11:2
desirest	1 Nephi 11:10
desirest	Alma 18:15
desirest	Alma 18:17
desirest	Alma 18:21
desirest	Alma 18:21
desirest	Alma 22:16
desirest	Alma 22:16
desireth	Mosiah 12:25
desireth	Mosiah 29:26
desireth	Alma 18:13
desireth	Alma 29:5
desireth	Alma 32:22
desireth	Helaman 13:27
desireth	3 Nephi 11:23
desireth	3 Nephi 18:18
despisers	Mormon 9:26
despiseth	1 Nephi 21:7
despiseth	2 Nephi 9:42
destroyers	1 Nephi 21:17
destroyeth	1 Nephi 17:37
destroyeth	1 Nephi 17:38
destructions	1 Nephi 15:5
destructions	1 Nephi 19:4
destructions	2 Nephi 10:6
destructions	2 Nephi 26:6
destructions	Enos 1:23
destructions	Alma 50:21
destructions	3 Nephi 9:12
destructions	3 Nephi 10:14
destructions	Ether 13:14
devices	Alma 10:13
devices	Alma 30:42
devices	Alma 46:10
devils	1 Nephi 11:31
devils	1 Nephi 11:31
devils	2 Nephi 9:9
devils	2 Nephi 9:37
devils	Mosiah 3:6
devils	3 Nephi 7:19
devils	3 Nephi 7:22
devils	3 Nephi 14:22
devils	Mormon 9:24
devises	Alma 11:21
devlish	Mosiah 16:3
devlish	Mosiah 16:3
devoureth	2 Nephi 15:24
didst	1 Nephi 20:6
didst	Jacob 5:34
didst	Alma 33:4
didst	Alma 33:5
didst	Alma 33:6
didst	Alma 33:7
didst	Alma 33:10
didst	Alma 33:10
didst	Alma 33:11
didst	Alma 38:4
didst	Alma 39:2
didst	Alma 39:2
didst	Alma 39:3
didst	Alma 39:3
didst	Helaman 11:14
didst	3 Nephi 22:1
didst	3 Nephi 22:1
didst	Ether 12:31
died	1 Nephi 16:34
died	1 Nephi 17:20
died	2 Nephi 4:12
died	2 Nephi 16:1
died	2 Nephi 24:28
died	Jacob 1:12
died	Jacob 2:35
died	Jacob 5:40
died	Mosiah 3:11
died	Mosiah 6:5
died	Mosiah 10:6
died	Mosiah 15:12
died	Mosiah 15:24
died	Mosiah 29:45
died	Mosiah 29:46
died	Alma 2:38
died	Alma 24:4
died	Alma 46:39
died	Alma 46:40
died	Alma 46:41
died	Alma 46:41
died	Alma 47:18
died	Alma 50:37
died	Alma 56:11
died	Alma 62:36
died	Alma 62:52
died	Alma 63:3
died	Alma 63:10
died	Helaman 1:2
died	Helaman 1:21
died	Helaman 3:37
died	4 Nephi 1:19
died	4 Nephi 1:21
died	4 Nephi 1:47
died	Ether 6:29
died	Ether 9:15
died	Ether 9:22
died	Ether 9:24
died	Ether 10:4
died	Ether 10:13
died	Ether 10:14
died	Ether 11:23
died	Ether 13:7
died	Ether 14:16
died	Ether 15:31
died	Moroni 8:12
dies	Mormon 8:38
dieth	Mosiah 2:33
dieth	Mosiah 2:38
dieth	Mosiah 3:18
dieth	Mosiah 15:26
dieth	Alma 12:16
dieth	Helaman 14:15
digging	Alma 50:1
digging	Alma 53:3
dimmed	1 Nephi 5:19
directions	1 Nephi 16:16
directions	1 Nephi 16:30
directions	Ether 2:5
directors	Alma 37:21
directors	Alma 37:24
disadvantages	Mosiah 29:35
disciples	1 Nephi 12:8
disciples	2 Nephi 18:16
disciples	Alma 45:14
disciples	3 Nephi 15:12
disciples	3 Nephi 18:1
disciples	3 Nephi 18:3
disciples	3 Nephi 18:3
disciples	3 Nephi 18:5
disciples	3 Nephi 18:8
disciples	3 Nephi 18:10
disciples	3 Nephi 18:17
disciples	3 Nephi 18:26
disciples	3 Nephi 18:36
disciples	3 Nephi 18:37
disciples	3 Nephi 18:39
disciples	3 Nephi 19:4
disciples	3 Nephi 19:7
disciples	3 Nephi 19:15
disciples	3 Nephi 19:16
disciples	3 Nephi 19:17
disciples	3 Nephi 19:24
disciples	3 Nephi 19:30
disciples	3 Nephi 19:35
disciples	3 Nephi 20:1
disciples	3 Nephi 20:3
disciples	3 Nephi 20:6
disciples	3 Nephi 23:10
disciples	3 Nephi 26:17
disciples	3 Nephi 27:1
disciples	3 Nephi 27:1
disciples	3 Nephi 27:33
disciples	3 Nephi 28:1
disciples	4 Nephi 1:1
disciples	4 Nephi 1:5
disciples	4 Nephi 1:13
disciples	4 Nephi 1:14
disciples	4 Nephi 1:14
disciples	4 Nephi 1:30
disciples	4 Nephi 1:37
disciples	4 Nephi 1:44
disciples	4 Nephi 1:46
disciples	Mormon 1:13
disciples	Mormon 1:16
disciples	Mormon 3:18
disciples	Mormon 8:10
disciples	Mormon 9:22
disciples	Mormon 9:22
disciples	Ether 4:10
disciples	Ether 12:17
disciples	Ether 12:31
disciples	Moroni 2:1
disciples	Moroni 2:3
disciples	Moroni 3:1
diseases	1 Nephi 11:31
diseases	Mosiah 3:5
diseases	Mosiah 17:16
diseases	Alma 9:22
diseases	Alma 46:40
disputations	1 Nephi 15:6
disputations	3 Nephi 8:4
disputations	3 Nephi 11:22
disputations	3 Nephi 11:28
disputations	3 Nephi 11:28
disputations	3 Nephi 18:34
disputations	3 Nephi 18:34
disputations	3 Nephi 27:3
disputations	4 Nephi 1:2
disputations	Moroni 8:4
disputations	Moroni 8:5
disputings	3 Nephi 6:10
dissensions	Alma 53:8
dissensions	Alma 53:9
dissensions	Alma 61:14
dissensions	Alma 62:40
dissensions	Helaman 3:1
dissensions	Helaman 3:3
dissensions	Helaman 3:14
dissensions	Helaman 3:17
dissensions	Helaman 4:1
dissensions	3 Nephi 2:18
dissented	Alma 43:13
dissented	Alma 46:7
dissented	Alma 46:27
dissented	Alma 46:28
dissented	Alma 48:24
dissented	Alma 60:32
dissented	Helaman 5:35
dissented	3 Nephi 3:10
dissented	Mormon 6:15
dissented	Moroni 9:24
dissenters	Alma 31:8
dissenters	Alma 47:35
dissenters	Alma 47:36
dissenters	Alma 51:15
dissenters	Alma 51:19
dissenters	Alma 51:20
dissenters	Alma 61:17
dissenters	Alma 62:6
dissenters	Alma 63:14
dissenters	Helaman 4:3
dissenters	Helaman 4:4
dissenters	Helaman 4:8
dissenters	Helaman 5:17
dissenters	Helaman 5:27
dissenters	Helaman 11:24
dissenters	Helaman 11:24
dissenters	Helaman 11:25
dissenters	3 Nephi 1:28
dissenters	3 Nephi 7:12
dissenters	3 Nephi 7:12
dissention	Mosiah 27:9
dissention	Alma 34:2
dissention	Alma 45:23
dissentions	Jarom 1:13
dissentions	Words of Mormon 1:16
dissentions	Mosiah 26:5
dissentions	Alma 45:21
dissentions	Alma 46:6
dissentions	Alma 46:11
dissentions	Alma 46:28
dissentions	Alma 47:36
dissentions	Alma 51:16
disturbances	Alma 11:20
disturbances	Alma 45:21
disturbances	Helaman 3:17
ditches	Alma 49:22
divides	Ether 10:20
divideth	1 Nephi 12:18
divideth	Ether 2:13
divisions	Helaman 1:4
doctrines	2 Nephi 3:12
doctrines	2 Nephi 28:9
doctrines	2 Nephi 28:15
doctrines	Alma 1:16
doers	2 Nephi 24:20
doest	3 Nephi 13:3
doeth	2 Nephi 26:24
doeth	2 Nephi 26:32
doeth	2 Nephi 26:33
doeth	2 Nephi 26:33
doeth	Mosiah 2:37
doeth	Mosiah 4:18
doeth	Mosiah 5:9
doeth	Alma 5:36
doeth	Alma 5:42
doeth	Alma 7:16
doeth	Alma 32:19
doeth	Helaman 14:30
doeth	Helaman 14:30
doeth	3 Nephi 13:3
doeth	3 Nephi 14:21
doeth	3 Nephi 14:24
doeth	3 Nephi 14:26
doeth	3 Nephi 15:1
doeth	3 Nephi 20:19
doeth	3 Nephi 29:7
doeth	Mormon 6:22
doeth	Moroni 7:8
doeth	Moroni 10:25
doeth	Moroni 10:25
dogs	Mosiah 12:2
dogs	Alma 16:10
dogs	Helaman 7:19
dogs	3 Nephi 14:6
doors	Helaman 8:27
doth	1 Nephi 15:31
doth	1 Nephi 15:31
doth	1 Nephi 15:31
doth	1 Nephi 17:3
doth	1 Nephi 19:20
doth	2 Nephi 4:18
doth	2 Nephi 13:1
doth	2 Nephi 13:9
doth	2 Nephi 13:9
doth	2 Nephi 20:7
doth	2 Nephi 25:13
doth	2 Nephi 26:25
doth	2 Nephi 31:3
doth	Jacob 2:12
doth	Mosiah 2:19
doth	Mosiah 2:22
doth	Mosiah 2:22
doth	Mosiah 2:24
doth	Mosiah 2:24
doth	Mosiah 2:30
doth	Mosiah 2:30
doth	Mosiah 2:38
doth	Mosiah 2:38
doth	Mosiah 2:38
doth	Mosiah 3:19
doth	Mosiah 3:25
doth	Mosiah 4:9
doth	Mosiah 4:21
doth	Mosiah 4:22
doth	Mosiah 4:28
doth	Mosiah 5:14
doth	Mosiah 7:22
doth	Mosiah 8:20
doth	Mosiah 12:31
doth	Mosiah 13:28
doth	Mosiah 14:1
doth	Mosiah 20:20
doth	Mosiah 24:23
doth	Mosiah 27:15
doth	Mosiah 29:6
doth	Mosiah 29:7
doth	Mosiah 29:17
doth	Mosiah 29:20
doth	Mosiah 29:23
doth	Mosiah 29:23
doth	Mosiah 29:23
doth	Mosiah 29:27
doth	Mosiah 29:29
doth	Mosiah 29:40
doth	Alma 3:19
doth	Alma 5:30
doth	Alma 5:38
doth	Alma 5:38
doth	Alma 5:41
doth	Alma 5:41
doth	Alma 5:59
doth	Alma 5:59
doth	Alma 5:60
doth	Alma 7:15
doth	Alma 7:15
doth	Alma 7:20
doth	Alma 7:21
doth	Alma 7:26
doth	Alma 10:20
doth	Alma 10:20
doth	Alma 10:21
doth	Alma 10:24
doth	Alma 12:9
doth	Alma 13:22
doth	Alma 13:22
doth	Alma 13:22
doth	Alma 14:11
doth	Alma 18:2
doth	Alma 18:10
doth	Alma 19:5
doth	Alma 22:5
doth	Alma 24:14
doth	Alma 26:8
doth	Alma 26:10
doth	Alma 29:8
doth	Alma 29:8
doth	Alma 30:34
doth	Alma 30:42
doth	Alma 30:44
doth	Alma 30:60
doth	Alma 31:17
doth	Alma 31:17
doth	Alma 31:30
doth	Alma 32:23
doth	Alma 32:23
doth	Alma 32:34
doth	Alma 32:34
doth	Alma 34:34
doth	Alma 34:35
doth	Alma 34:36
doth	Alma 34:38
doth	Alma 36:25
doth	Alma 37:6
doth	Alma 37:7
doth	Alma 37:7
doth	Alma 37:12
doth	Alma 37:16
doth	Alma 39:12
doth	Alma 41:15
doth	Alma 42:1
doth	Alma 46:8
doth	Alma 54:6
doth	Alma 54:18
doth	Alma 55:3
doth	Alma 60:29
doth	Alma 61:13
doth	Helaman 4:24
doth	Helaman 5:38
doth	Helaman 6:30
doth	Helaman 6:30
doth	Helaman 8:5
doth	Helaman 8:25
doth	Helaman 9:22
doth	Helaman 9:27
doth	Helaman 12:1
doth	Helaman 12:2
doth	Helaman 12:3
doth	Helaman 12:3
doth	Helaman 12:9
doth	Helaman 12:11
doth	Helaman 12:12
doth	Helaman 13:5
doth	Helaman 14:11
doth	3 Nephi 13:19
doth	3 Nephi 13:20
doth	3 Nephi 18:10
doth	3 Nephi 20:39
doth	3 Nephi 24:14
doth	3 Nephi 27:32
doth	Mormon 9:10
doth	Ether 2:10
doth	Ether 4:15
doth	Ether 8:19
doth	Moroni 7:17
doth	Moroni 7:17
doth	Moroni 7:17
doth	Moroni 9:9
doth	Moroni 9:19
doth	Moroni 9:20
doubtings	3 Nephi 8:4
draweth	Jacob 5:29
draweth	Jacob 5:47
draweth	Jacob 5:62
draweth	Jacob 5:64
draweth	Alma 13:21
dreamed	1 Nephi 3:2
dreamed	1 Nephi 8:2
dreameth	2 Nephi 27:3
dreameth	2 Nephi 27:3
dreams	1 Nephi 1:16
dreams	Alma 30:28
drew	1 Nephi 4:9
drew	Mosiah 19:4
drew	Alma 1:9
drew	Alma 19:22
drew	Alma 20:16
drew	Alma 42:2
drew	Ether 7:4
drew	Ether 7:9
drew	Ether 7:15
drew	Ether 9:11
drew	Ether 10:32
drinketh	2 Nephi 27:3
drinketh	Mosiah 2:33
drinketh	Mosiah 3:18
drinketh	3 Nephi 18:29
drinketh	3 Nephi 18:29
drinketh	3 Nephi 20:8
drinketh	3 Nephi 20:8
drunkennes	Alma 55:19
dungeons	Mosiah 2:13
dungeons	Alma 8:31
dwellest	2 Nephi 20:24
dwellest	Ether 3:2
dwelleth	2 Nephi 18:18
dwelleth	Mosiah 2:37
dwelleth	Mosiah 3:6
dwelleth	Mosiah 15:2
dwelleth	Alma 5:49
dwelleth	Alma 18:35
dwelleth	Alma 34:36
dwelleth	Ether 13:2
dwelleth	Moroni 7:28
dwellings	3 Nephi 10:7
dwells	Alma 18:30
dwelt	1 Nephi 1:4
dwelt	1 Nephi 1:6
dwelt	1 Nephi 2:15
dwelt	1 Nephi 9:1
dwelt	1 Nephi 10:16
dwelt	1 Nephi 16:6
dwelt	2 Nephi 23:20
dwelt	2 Nephi 25:6
dwelt	Omni 1:16
dwelt	Omni 1:21
dwelt	Mosiah 9:11
dwelt	Alma 10:10
dwelt	Alma 22:28
dwelt	Alma 23:14
dwelt	3 Nephi 1:27
dwelt	Mormon 9:36
dwelt	Ether 2:13
dwelt	Ether 2:13
dwelt	Ether 7:4
dwelt	Ether 7:5
dwelt	Ether 7:6
dwelt	Ether 7:7
dwelt	Ether 8:2
dwelt	Ether 9:9
dwelt	Ether 10:31
dwelt	Ether 10:31
dwelt	Ether 10:31
dwelt	Ether 11:18
dwelt	Ether 11:19
dwelt	Ether 11:23
dwelt	Ether 13:14
dwelt	Ether 13:18
dwelt	Ether 14:7
ears	1 Nephi 21:20
ears	2 Nephi 15:9
ears	2 Nephi 16:10
ears	2 Nephi 16:10
ears	2 Nephi 21:3
ears	2 Nephi 28:22
ears	Jarom 1:3
ears	Mosiah 2:9
ears	3 Nephi 11:5
ears	3 Nephi 26:15
earthquakes	1 Nephi 12:4
earthquakes	2 Nephi 6:15
earthquakes	2 Nephi 26:6
earthquakes	Mormon 8:30
eased	Mosiah 24:21
easier	Alma 59:9
eateth	2 Nephi 27:3
eateth	3 Nephi 18:29
eateth	3 Nephi 18:29
eatheth	3 Nephi 20:8
eatheth	3 Nephi 20:8
edom	2 Nephi 21:14
effects	Mosiah 7:30
effects	Alma 30:16
eggs	2 Nephi 20:14
egypt	1 Nephi 5:14
egypt	1 Nephi 5:15
egypt	1 Nephi 17:40
egypt	1 Nephi 19:10
egypt	2 Nephi 3:4
egypt	2 Nephi 3:10
egypt	2 Nephi 4:1
egypt	2 Nephi 17:18
egypt	2 Nephi 20:24
egypt	2 Nephi 20:26
egypt	2 Nephi 21:11
egypt	2 Nephi 21:16
egypt	2 Nephi 25:20
egypt	Mosiah 7:19
egypt	Mosiah 12:34
egypt	Alma 10:3
egypt	Alma 36:28
egypt	Ether 13:7
egyptians	1 Nephi 1:2
egyptians	1 Nephi 4:3
egyptians	1 Nephi 17:23
egyptians	1 Nephi 17:27
egyptians	Mosiah 1:4
egyptians	Alma 29:12
egyptians	Alma 36:28
egyptians	Helaman 8:11
eigth	Alma 53:23
elam	2 Nephi 21:11
elders	1 Nephi 4:22
elders	1 Nephi 4:27
elders	Alma 4:7
elders	Alma 4:16
elders	Alma 6:1
elders	Moroni 3:1
elders	Moroni 4:1
elders	Moroni 6:1
elders	Moroni 6:7
elements	3 Nephi 26:3
elements	Mormon 9:2
elephants	Ether 9:19
elephants	Ether 9:19
elijah	3 Nephi 25:5
embarrassments	Alma 58:9
embassies	Alma 52:20
emer	Ether 1:28
emer	Ether 1:29
emer	Ether 9:14
emer	Ether 9:14
emer	Ether 9:15
emer	Ether 9:15
emer	Ether 9:16
emer	Ether 9:16
emer	Ether 9:21
employeth	2 Nephi 9:41
emptied	1 Nephi 2:8
emptied	1 Nephi 2:9
emron	Moroni 9:2
enacteth	Mosiah 29:23
encircles	Alma 34:16
ended	Mosiah 19:24
ended	Mosiah 29:47
ended	Mosiah 29:47
ended	Alma 3:25
ended	Alma 4:5
ended	Alma 4:10
ended	Alma 8:2
ended	Alma 11:46
ended	Alma 15:19
ended	Alma 16:9
ended	Alma 16:21
ended	Alma 28:7
ended	Alma 28:9
ended	Alma 35:12
ended	Alma 44:24
ended	Alma 44:24
ended	Alma 49:29
ended	Alma 50:16
ended	Alma 50:24
ended	Alma 50:35
ended	Alma 51:37
ended	Alma 51:37
ended	Alma 53:23
ended	Alma 55:35
ended	Alma 56:20
ended	Alma 57:5
ended	Alma 62:11
ended	Alma 62:39
ended	Alma 63:3
ended	Alma 63:6
ended	Alma 63:9
ended	Alma 63:16
ended	Alma 63:17
ended	Helaman 1:21
ended	Helaman 1:34
ended	Helaman 2:12
ended	Helaman 3:18
ended	Helaman 3:36
ended	Helaman 4:17
ended	Helaman 6:1
ended	Helaman 6:6
ended	Helaman 6:15
ended	Helaman 6:41
ended	Helaman 10:19
ended	Helaman 11:21
ended	Helaman 11:29
ended	Helaman 11:32
ended	Helaman 11:35
ended	Helaman 11:38
ended	Helaman 16:9
ended	Helaman 16:10
ended	Helaman 16:24
ended	Helaman 16:25
ended	3 Nephi 2:16
ended	3 Nephi 2:18
ended	3 Nephi 2:19
ended	3 Nephi 7:13
ended	3 Nephi 15:1
ended	3 Nephi 27:33
endeth	Alma 3:27
ends	1 Nephi 21:6
ends	2 Nephi 2:7
ends	2 Nephi 2:7
ends	2 Nephi 2:10
ends	2 Nephi 2:10
ends	2 Nephi 24:2
ends	2 Nephi 26:25
ends	2 Nephi 29:2
ends	2 Nephi 33:10
ends	2 Nephi 33:13
ends	Mosiah 12:24
ends	Mosiah 15:31
ends	Alma 5:50
ends	Alma 29:7
ends	3 Nephi 9:22
ends	3 Nephi 11:41
ends	3 Nephi 16:20
ends	3 Nephi 20:35
ends	3 Nephi 27:20
ends	Mormon 3:18
ends	Mormon 3:22
ends	Mormon 9:21
ends	Mormon 9:25
ends	Ether 2:17
ends	Ether 3:25
ends	Ether 4:18
ends	Moroni 7:28
ends	Moroni 7:34
ends	Moroni 10:24
endureth	2 Nephi 31:15
endureth	Alma 32:13
endureth	Alma 32:15
endureth	Alma 38:2
endureth	3 Nephi 15:9
endureth	3 Nephi 27:6
endureth	3 Nephi 27:16
endureth	3 Nephi 27:17
endureth	Moroni 7:45
endureth	Moroni 7:47
endureth	Moroni 8:26
enemies	1 Nephi 22:17
enemies	2 Nephi 4:22
enemies	2 Nephi 4:29
enemies	2 Nephi 4:31
enemies	2 Nephi 4:33
enemies	2 Nephi 6:14
enemies	2 Nephi 19:11
enemies	Jacob 7:25
enemies	Omni 1:2
enemies	Omni 1:6
enemies	Omni 1:7
enemies	Words of Mormon 1:14
enemies	Mosiah 2:4
enemies	Mosiah 2:31
enemies	Mosiah 2:31
enemies	Mosiah 7:18
enemies	Mosiah 9:17
enemies	Mosiah 10:2
enemies	Mosiah 11:21
enemies	Mosiah 11:21
enemies	Mosiah 11:24
enemies	Mosiah 12:15
enemies	Mosiah 17:18
enemies	Mosiah 21:13
enemies	Alma 2:28
enemies	Alma 3:24
enemies	Alma 9:10
enemies	Alma 18:3
enemies	Alma 27:3
enemies	Alma 27:5
enemies	Alma 27:24
enemies	Alma 33:4
enemies	Alma 33:10
enemies	Alma 33:10
enemies	Alma 34:22
enemies	Alma 43:9
enemies	Alma 43:46
enemies	Alma 45:1
enemies	Alma 46:22
enemies	Alma 48:10
enemies	Alma 48:14
enemies	Alma 48:16
enemies	Alma 49:23
enemies	Alma 49:28
enemies	Alma 50:6
enemies	Alma 50:10
enemies	Alma 53:16
enemies	Alma 57:35
enemies	Alma 58:8
enemies	Alma 58:10
enemies	Alma 58:12
enemies	Alma 58:37
enemies	Alma 60:7
enemies	Alma 60:15
enemies	Alma 60:16
enemies	Alma 60:16
enemies	Alma 60:20
enemies	Alma 61:13
enemies	Alma 62:50
enemies	Helaman 7:22
enemies	Helaman 8:6
enemies	Helaman 12:2
enemies	Helaman 12:2
enemies	Helaman 13:10
enemies	Helaman 13:20
enemies	Helaman 15:9
enemies	3 Nephi 3:22
enemies	3 Nephi 3:25
enemies	3 Nephi 3:25
enemies	3 Nephi 4:8
enemies	3 Nephi 4:31
enemies	3 Nephi 4:33
enemies	3 Nephi 7:11
enemies	3 Nephi 7:12
enemies	3 Nephi 12:44
enemies	3 Nephi 20:17
enemies	3 Nephi 21:13
enemies	Mormon 3:9
enemies	Mormon 3:10
enemies	Mormon 3:13
enemies	Mormon 3:14
enemies	Mormon 3:16
energies	1 Nephi 15:25
engravened	2 Nephi 5:32
engravings	1 Nephi 4:24
engravings	1 Nephi 13:23
engravings	2 Nephi 5:32
engravings	Omni 1:20
engravings	Omni 1:20
engravings	Mosiah 1:4
engravings	Mosiah 8:9
engravings	Mosiah 8:11
engravings	Mosiah 21:28
engravings	Alma 37:3
engravings	Alma 63:12
engravings	Mormon 1:3
enos	Jacob 7:27
enos	Enos 1:1
enos	Enos 1:5
enos	Enos 1:6
enos	Enos 1:11
enos	Enos 1:17
enos	Enos 1:19
enos	Jarom 1:1
entereth	3 Nephi 27:19
enticeth	Moroni 7:12
enticeth	Moroni 7:13
enticeth	Moroni 7:13
enticings	2 Nephi 9:39
enticings	Mosiah 3:19
entrusted	Alma 37:1
entrusted	Alma 37:14
entrusted	Alma 39:4
entrusted	Alma 53:20
entrusted	Mormon 6:6
envieth	Moroni 7:45
envyings	2 Nephi 26:21
envyings	Alma 1:32
envyings	Alma 4:9
envyings	Alma 16:18
envyings	Helaman 13:22
envyings	3 Nephi 21:19
envyings	3 Nephi 30:2
envyings	4 Nephi 1:16
ephah	2 Nephi 15:10
ephraim	2 Nephi 17:2
ephraim	2 Nephi 17:5
ephraim	2 Nephi 17:8
ephraim	2 Nephi 17:9
ephraim	2 Nephi 17:17
ephraim	2 Nephi 19:9
ephraim	2 Nephi 19:21
ephraim	2 Nephi 19:21
ephraim	2 Nephi 21:13
ephraim	2 Nephi 21:13
ephraim	2 Nephi 21:13
ephraim	Ether 7:9
erred	2 Nephi 27:35
errors	Alma 31:9
escaped	2 Nephi 14:2
escaped	2 Nephi 20:20
escaped	Alma 55:8
escaped	Mormon 6:15
escaped	Mormon 8:2
esrom	Ether 8:4
esteemeth	1 Nephi 17:35
ethem	Ether 1:8
ethem	Ether 1:9
ethem	Ether 11:11
ethem	Ether 11:12
ethem	Ether 11:14
evidences	Alma 11:2
evidences	Helaman 8:24
evidencess	Helaman 5:50
evils	Ether 7:13
examples	Jacob 2:35
examples	Alma 17:11
excedingly	Jacob 2:22
exclaimed	Mosiah 18:11
exclaimeth	2 Nephi 4:17
executeth	2 Nephi 9:17
executeth	Mosiah 17:19
executeth	Alma 42:22
exerciseth	Alma 26:22
exerciseth	Alma 34:16
exerciseth	Alma 42:24
eyes	1 Nephi 8:13
eyes	1 Nephi 8:17
eyes	1 Nephi 8:25
eyes	1 Nephi 8:26
eyes	1 Nephi 12:17
eyes	1 Nephi 13:27
eyes	1 Nephi 16:38
eyes	1 Nephi 21:5
eyes	1 Nephi 21:18
eyes	1 Nephi 22:10
eyes	1 Nephi 22:11
eyes	1 Nephi 22:23
eyes	2 Nephi 3:8
eyes	2 Nephi 4:25
eyes	2 Nephi 8:6
eyes	2 Nephi 10:8
eyes	2 Nephi 13:8
eyes	2 Nephi 13:16
eyes	2 Nephi 15:15
eyes	2 Nephi 15:21
eyes	2 Nephi 16:5
eyes	2 Nephi 16:10
eyes	2 Nephi 16:10
eyes	2 Nephi 21:3
eyes	2 Nephi 23:16
eyes	2 Nephi 23:18
eyes	2 Nephi 25:5
eyes	2 Nephi 25:20
eyes	2 Nephi 26:20
eyes	2 Nephi 27:5
eyes	2 Nephi 27:12
eyes	2 Nephi 27:12
eyes	2 Nephi 27:29
eyes	2 Nephi 30:6
eyes	2 Nephi 33:3
eyes	Mosiah 1:5
eyes	Mosiah 1:6
eyes	Mosiah 4:1
eyes	Mosiah 11:29
eyes	Mosiah 12:24
eyes	Mosiah 15:31
eyes	Mosiah 18:30
eyes	Mosiah 19:6
eyes	Mosiah 24:1
eyes	Mosiah 27:18
eyes	Mosiah 27:22
eyes	Alma 1:20
eyes	Alma 1:32
eyes	Alma 4:6
eyes	Alma 4:8
eyes	Alma 10:25
eyes	Alma 20:28
eyes	Alma 33:21
eyes	Alma 33:21
eyes	Alma 33:22
eyes	Alma 39:9
eyes	Alma 45:24
eyes	Alma 62:49
eyes	Helaman 5:36
eyes	Helaman 5:43
eyes	Helaman 5:48
eyes	Helaman 8:10
eyes	Helaman 13:27
eyes	Helaman 16:20
eyes	3 Nephi 2:2
eyes	3 Nephi 5:8
eyes	3 Nephi 5:17
eyes	3 Nephi 11:3
eyes	3 Nephi 11:5
eyes	3 Nephi 11:8
eyes	3 Nephi 11:8
eyes	3 Nephi 11:15
eyes	3 Nephi 15:1
eyes	3 Nephi 16:20
eyes	3 Nephi 17:5
eyes	3 Nephi 17:24
eyes	3 Nephi 18:26
eyes	3 Nephi 20:35
eyes	3 Nephi 23:8
eyes	3 Nephi 26:15
eyes	Mormon 2:18
eyes	Mormon 5:8
eyes	Mormon 9:16
eyes	Ether 3:6
eyes	Ether 3:24
eyes	Ether 4:16
eyes	Ether 7:22
eyes	Ether 10:10
eyes	Ether 12:19
eyewitness	3 Nephi 7:15
eyewitness	3 Nephi 7:15
ezias	Helaman 8:20
ezrom	Alma 11:6
ezrom	Alma 11:12
faces	2 Nephi 6:7
faces	2 Nephi 13:15
faces	2 Nephi 23:8
faces	Mosiah 14:3
faces	Helaman 5:36
faces	Helaman 5:37
faces	3 Nephi 13:16
faculties	Jacob 3:11
faculties	Mosiah 29:14
faculties	Alma 32:27
fadeth	Helaman 5:8
faggots	Mosiah 17:13
faileth	Moroni 7:46
fainted	2 Nephi 8:20
fainted	Alma 57:25
fainted	Ether 14:30
fainted	Ether 15:9
fainted	Ether 15:27
fainted	Ether 15:29
fainteth	2 Nephi 20:18
falleth	Alma 32:19
falleth	Helaman 13:5
families	1 Nephi 7:6
families	1 Nephi 16:14
families	1 Nephi 16:14
families	1 Nephi 16:14
families	1 Nephi 16:17
families	1 Nephi 16:19
families	1 Nephi 16:31
families	Mosiah 6:3
families	Mosiah 18:34
families	Alma 43:47
families	Alma 43:47
families	3 Nephi 18:21
families	Ether 1:33
families	Ether 1:33
families	Ether 1:37
families	Ether 1:41
families	Ether 1:41
families	Ether 1:41
families	Ether 2:1
families	Ether 2:1
famines	2 Nephi 10:6
famines	Alma 45:11
famines	Ether 11:7
fared	Alma 30:17
farthermost	3 Nephi 4:23
fasted	Mosiah 27:23
fasted	Alma 5:46
fasted	Alma 8:26
fasted	Alma 10:7
fasted	Alma 17:9
fastest	3 Nephi 13:17
fathers	1 Nephi 3:19
fathers	1 Nephi 4:2
fathers	1 Nephi 4:3
fathers	1 Nephi 5:14
fathers	1 Nephi 5:16
fathers	1 Nephi 5:16
fathers	1 Nephi 6:1
fathers	1 Nephi 15:12
fathers	1 Nephi 15:14
fathers	1 Nephi 17:23
fathers	1 Nephi 17:33
fathers	1 Nephi 17:34
fathers	1 Nephi 17:35
fathers	1 Nephi 17:35
fathers	1 Nephi 17:40
fathers	1 Nephi 19:2
fathers	1 Nephi 19:10
fathers	1 Nephi 19:15
fathers	1 Nephi 21:23
fathers	1 Nephi 22:6
fathers	2 Nephi 3:7
fathers	2 Nephi 3:12
fathers	2 Nephi 3:21
fathers	2 Nephi 6:7
fathers	2 Nephi 10:7
fathers	2 Nephi 10:9
fathers	2 Nephi 11:5
fathers	2 Nephi 24:21
fathers	2 Nephi 30:5
fathers	2 Nephi 30:5
fathers	2 Nephi 33:4
fathers	Jacob 3:5
fathers	Jacob 3:7
fathers	Jacob 3:9
fathers	Jacob 4:2
fathers	Enos 1:14
fathers	Enos 1:18
fathers	Jarom 1:2
fathers	Jarom 1:9
fathers	Jarom 1:15
fathers	Omni 1:3
fathers	Omni 1:6
fathers	Omni 1:9
fathers	Omni 1:18
fathers	Omni 1:22
fathers	Words of Mormon 1:4
fathers	Mosiah 1:2
fathers	Mosiah 1:2
fathers	Mosiah 1:5
fathers	Mosiah 1:5
fathers	Mosiah 1:6
fathers	Mosiah 1:7
fathers	Mosiah 1:13
fathers	Mosiah 1:14
fathers	Mosiah 1:16
fathers	Mosiah 2:35
fathers	Mosiah 4:14
fathers	Mosiah 7:9
fathers	Mosiah 7:20
fathers	Mosiah 7:21
fathers	Mosiah 9:1
fathers	Mosiah 9:3
fathers	Mosiah 9:4
fathers	Mosiah 9:17
fathers	Mosiah 10:3
fathers	Mosiah 10:12
fathers	Mosiah 10:12
fathers	Mosiah 12:20
fathers	Mosiah 13:13
fathers	Mosiah 25:12
fathers	Mosiah 25:12
fathers	Mosiah 26:1
fathers	Mosiah 27:16
fathers	Mosiah 27:30
fathers	Mosiah 28:2
fathers	Mosiah 29:15
fathers	Mosiah 29:25
fathers	Alma 2:25
fathers	Alma 3:6
fathers	Alma 3:11
fathers	Alma 5:6
fathers	Alma 5:13
fathers	Alma 5:21
fathers	Alma 5:44
fathers	Alma 5:47
fathers	Alma 6:8
fathers	Alma 9:8
fathers	Alma 9:10
fathers	Alma 9:16
fathers	Alma 9:17
fathers	Alma 13:26
fathers	Alma 17:9
fathers	Alma 17:15
fathers	Alma 18:4
fathers	Alma 18:37
fathers	Alma 20:13
fathers	Alma 21:1
fathers	Alma 21:8
fathers	Alma 21:8
fathers	Alma 21:17
fathers	Alma 22:9
fathers	Alma 22:28
fathers	Alma 23:3
fathers	Alma 24:7
fathers	Alma 25:6
fathers	Alma 26:24
fathers	Alma 28:5
fathers	Alma 29:11
fathers	Alma 29:12
fathers	Alma 30:14
fathers	Alma 30:16
fathers	Alma 30:23
fathers	Alma 30:27
fathers	Alma 30:31
fathers	Alma 31:16
fathers	Alma 36:2
fathers	Alma 36:28
fathers	Alma 36:29
fathers	Alma 37:4
fathers	Alma 37:9
fathers	Alma 37:17
fathers	Alma 37:38
fathers	Alma 37:38
fathers	Alma 37:39
fathers	Alma 37:43
fathers	Alma 37:44
fathers	Alma 37:45
fathers	Alma 37:46
fathers	Alma 43:46
fathers	Alma 50:38
fathers	Alma 54:17
fathers	Alma 54:23
fathers	Alma 56:6
fathers	Alma 56:27
fathers	Alma 56:47
fathers	Alma 58:31
fathers	Alma 60:20
fathers	Alma 60:32
fathers	Helaman 3:30
fathers	Helaman 5:8
fathers	Helaman 5:19
fathers	Helaman 5:51
fathers	Helaman 8:11
fathers	Helaman 8:13
fathers	Helaman 8:22
fathers	Helaman 13:25
fathers	Helaman 15:4
fathers	Helaman 15:7
fathers	Helaman 15:11
fathers	Helaman 15:15
fathers	Helaman 16:20
fathers	3 Nephi 1:11
fathers	3 Nephi 5:20
fathers	3 Nephi 10:7
fathers	3 Nephi 20:25
fathers	3 Nephi 20:29
fathers	3 Nephi 24:7
fathers	3 Nephi 25:6
fathers	3 Nephi 25:6
fathers	3 Nephi 26:14
fathers	4 Nephi 1:38
fathers	4 Nephi 1:39
fathers	Mormon 5:16
fathers	Mormon 6:6
fathers	Mormon 6:19
fathers	Mormon 6:21
fathers	Mormon 7:1
fathers	Mormon 7:5
fathers	Mormon 7:9
fathers	Mormon 8:40
fathers	Ether 4:15
fathers	Ether 6:30
fathers	Ether 7:27
fathers	Ether 8:9
fathers	Ether 10:2
fathers	Ether 11:21
fathers	Ether 12:7
fathers	Ether 12:22
fathers	Moroni 7:26
fathers	Moroni 9:8
fathers	Moroni 9:8
fathers	Moroni 9:25
fathers	Moroni 10:23
fatlings	Mosiah 11:3
fatlings	Alma 1:29
fatlings	Helaman 6:12
faults	Alma 39:13
faults	3 Nephi 1:25
faults	Mormon 8:17
faults	Mormon 8:17
favors	3 Nephi 10:18
favors	Ether 7:22
feading	Enos 1:20
feareth	2 Nephi 7:10
fearing	Mosiah 20:3
fearing	Mosiah 21:19
fearing	Mosiah 28:4
fearing	Alma 20:23
fearing	Alma 46:29
fearing	Alma 56:55
fearing	Alma 58:15
fears	1 Nephi 4:37
fears	Mosiah 23:28
feasts	2 Nephi 15:12
feedeth	3 Nephi 13:26
feelings	2 Nephi 4:12
feelings	Jacob 2:7
fevers	Alma 46:40
fevers	Alma 46:40
fields	Mosiah 9:12
fields	Mosiah 9:14
fields	Mosiah 11:16
fields	Mosiah 20:8
fields	Mosiah 23:26
fields	Alma 3:2
fields	Alma 4:2
fields	Alma 34:20
fields	Alma 34:24
fields	Alma 34:25
fields	Helaman 12:2
fighteth	2 Nephi 10:13
fighteth	2 Nephi 10:16
fighteth	Alma 3:16
fighteth	Moroni 7:12
figs	3 Nephi 14:16
filleth	Moroni 8:26
fills	Mormon 6:7
findeth	Mosiah 5:10
findeth	Alma 32:13
findeth	3 Nephi 14:8
findeth	Ether 1:4
fingers	1 Nephi 8:27
fingers	1 Nephi 17:52
fingers	2 Nephi 12:8
fires	Mormon 8:29
firmer	Helaman 3:35
firmer	Helaman 3:35
firstlings	Mosiah 2:3
firstly	Jacob 1:17
firstly	Alma 21:4
firstly	Alma 55:31
firy	1 Nephi 15:24
firy	1 Nephi 17:41
fists	Alma 1:22
flames	2 Nephi 9:16
flames	2 Nephi 23:8
flames	Jacob 6:10
flames	Mosiah 2:38
flames	Mosiah 3:27
flames	Mosiah 17:14
flames	Alma 12:17
flames	Alma 14:10
flames	Alma 14:19
flattereth	2 Nephi 28:22
flatteries	Alma 46:5
fleeing	Alma 2:25
fleeing	Alma 62:25
fleeth	Mosiah 8:21
fleeth	Alma 14:29
fleeth	Alma 26:20
flocks	2 Nephi 5:11
flocks	Enos 1:21
flocks	Enos 1:21
flocks	Mosiah 2:3
flocks	Mosiah 5:14
flocks	Mosiah 7:22
flocks	Mosiah 9:12
flocks	Mosiah 9:14
flocks	Mosiah 9:14
flocks	Mosiah 10:2
flocks	Mosiah 10:21
flocks	Mosiah 11:16
flocks	Mosiah 11:17
flocks	Mosiah 21:16
flocks	Mosiah 21:18
flocks	Mosiah 22:2
flocks	Mosiah 22:6
flocks	Mosiah 22:8
flocks	Mosiah 22:10
flocks	Mosiah 22:11
flocks	Mosiah 23:1
flocks	Mosiah 24:18
flocks	Mosiah 24:18
flocks	Alma 1:29
flocks	Alma 2:25
flocks	Alma 3:2
flocks	Alma 4:2
flocks	Alma 4:6
flocks	Alma 7:27
flocks	Alma 17:25
flocks	Alma 17:26
flocks	Alma 17:26
flocks	Alma 17:27
flocks	Alma 17:27
flocks	Alma 17:27
flocks	Alma 17:28
flocks	Alma 17:28
flocks	Alma 17:29
flocks	Alma 17:31
flocks	Alma 17:31
flocks	Alma 17:32
flocks	Alma 17:32
flocks	Alma 17:33
flocks	Alma 17:33
flocks	Alma 17:33
flocks	Alma 17:35
flocks	Alma 17:39
flocks	Alma 18:2
flocks	Alma 18:3
flocks	Alma 18:6
flocks	Alma 18:6
flocks	Alma 18:7
flocks	Alma 18:9
flocks	Alma 18:16
flocks	Alma 18:16
flocks	Alma 18:20
flocks	Alma 19:20
flocks	Alma 19:21
flocks	Alma 19:21
flocks	Alma 27:14
flocks	Alma 34:20
flocks	Alma 34:25
flocks	Alma 62:29
flocks	Helaman 6:12
flocks	Helaman 12:2
flocks	3 Nephi 3:13
flocks	3 Nephi 3:22
flocks	3 Nephi 4:3
flocks	3 Nephi 4:4
flocks	3 Nephi 6:1
flocks	3 Nephi 20:16
flocks	3 Nephi 21:12
flocks	Ether 1:41
flocks	Ether 2:1
flocks	Ether 6:4
flocks	Ether 9:31
flocks	Ether 10:12
floods	3 Nephi 11:40
floods	3 Nephi 14:25
floods	3 Nephi 14:27
floods	3 Nephi 18:13
floods	Ether 2:24
floods	Ether 2:25
floods	Ether 3:2
foes	Alma 57:25
followers	2 Nephi 28:14
followers	Alma 4:15
followers	Helaman 6:5
followers	Helaman 6:27
followers	Helaman 6:39
followers	Moroni 7:3
followers	Moroni 7:48
fools	2 Nephi 9:42
fools	2 Nephi 29:4
fools	Helaman 9:21
fools	Ether 12:26
forasmuch	2 Nephi 18:6
forbade	3 Nephi 28:25
forbidden	1 Nephi 8:28
forbidden	1 Nephi 14:28
forbidden	2 Nephi 2:15
forbidden	2 Nephi 2:18
forbidden	2 Nephi 2:19
forbidden	2 Nephi 26:28
forbidden	2 Nephi 26:30
forbidden	Mosiah 3:26
forbidden	Alma 12:22
forbidden	Helaman 6:26
forbidden	3 Nephi 26:16
forbidden	3 Nephi 27:23
forbidden	3 Nephi 28:14
forbidden	4 Nephi 1:27
forbidden	Mormon 1:16
forbidden	Mormon 1:17
forbidden	Mormon 3:14
forbidden	Mormon 8:18
forbidden	Ether 4:1
forbidden	Ether 5:1
forbidden	Ether 8:19
forbidden	Ether 13:13
forces	Mosiah 9:1
forces	Mosiah 19:2
forces	Alma 52:13
forces	Alma 53:5
forces	Alma 55:34
forces	Alma 56:10
forces	Alma 56:26
forces	Alma 56:29
forces	Alma 57:2
forces	Alma 58:35
forces	Alma 62:6
forefathers	1 Nephi 3:3
forefathers	1 Nephi 15:14
forefathers	Alma 7:10
forefathers	Alma 37:3
foreheads	Alma 3:4
foreheads	Alma 3:13
foreheads	Alma 3:18
forests	1 Nephi 18:25
forests	2 Nephi 19:18
forests	2 Nephi 20:34
forests	Mosiah 20:8
foretold	2 Nephi 25:9
forever	1 Nephi 10:18
forever	1 Nephi 10:21
forever	1 Nephi 12:10
forever	1 Nephi 12:18
forever	1 Nephi 13:32
forever	1 Nephi 14:2
forever	1 Nephi 15:30
forever	1 Nephi 17:47
forever	2 Nephi 1:5
forever	2 Nephi 1:7
forever	2 Nephi 1:9
forever	2 Nephi 1:17
forever	2 Nephi 1:19
forever	2 Nephi 1:30
forever	2 Nephi 1:31
forever	2 Nephi 2:4
forever	2 Nephi 2:5
forever	2 Nephi 2:18
forever	2 Nephi 2:22
forever	2 Nephi 2:26
forever	2 Nephi 3:2
forever	2 Nephi 3:3
forever	2 Nephi 3:16
forever	2 Nephi 4:7
forever	2 Nephi 4:30
forever	2 Nephi 4:34
forever	2 Nephi 4:35
forever	2 Nephi 7:1
forever	2 Nephi 8:6
forever	2 Nephi 8:8
forever	2 Nephi 9:3
forever	2 Nephi 9:16
forever	2 Nephi 9:18
forever	2 Nephi 9:43
forever	2 Nephi 10:14
forever	2 Nephi 10:19
forever	2 Nephi 19:7
forever	2 Nephi 26:22
forever	2 Nephi 27:23
forever	2 Nephi 29:9
forever	2 Nephi 29:9
forever	2 Nephi 29:14
forever	Jacob 2:21
forever	Jacob 3:2
forever	Jacob 6:10
forever	Mosiah 2:24
forever	Mosiah 2:38
forever	Mosiah 3:19
forever	Mosiah 3:26
forever	Mosiah 3:27
forever	Mosiah 4:18
forever	Mosiah 15:17
forever	Mosiah 18:30
forever	Mosiah 28:4
forever	Alma 3:14
forever	Alma 3:17
forever	Alma 7:27
forever	Alma 8:24
forever	Alma 12:17
forever	Alma 12:21
forever	Alma 12:21
forever	Alma 12:26
forever	Alma 13:9
forever	Alma 13:14
forever	Alma 20:26
forever	Alma 26:8
forever	Alma 26:12
forever	Alma 26:14
forever	Alma 26:16
forever	Alma 26:37
forever	Alma 28:8
forever	Alma 29:17
forever	Alma 31:15
forever	Alma 31:17
forever	Alma 36:28
forever	Alma 37:31
forever	Alma 37:36
forever	Alma 37:46
forever	Alma 42:3
forever	Alma 42:5
forever	Alma 42:6
forever	Alma 42:14
forever	Alma 48:17
forever	Helaman 10:5
forever	Helaman 12:19
forever	Helaman 12:19
forever	Helaman 12:20
forever	3 Nephi 20:29
forever	Mormon 9:9
forever	Mormon 9:37
forever	Ether 2:8
forever	Ether 12:41
forever	Moroni 7:47
forever	Moroni 9:25
forever	Moroni 9:26
forever	Moroni 10:7
forever	Moroni 10:19
forever	Moroni 10:31
forgetest	2 Nephi 8:13
forgiveth	Mosiah 26:31
fortifications	Alma 48:9
fortifications	Alma 50:10
fortifications	Alma 51:23
fortifications	Alma 51:27
fortifications	Alma 52:2
fortifications	Alma 52:17
fortifications	Alma 53:7
fortifications	Alma 55:25
fortifications	3 Nephi 3:14
fortifications	Mormon 2:4
fortified	Alma 49:13
fortified	Alma 51:27
fortified	Alma 55:26
fortified	Alma 55:33
fortified	Alma 62:42
fortified	Helaman 4:7
fortifying	Alma 50:11
forts	2 Nephi 26:15
forts	Alma 48:8
forts	Alma 49:13
forts	Alma 49:18
forts	Alma 52:5
foundations	2 Nephi 8:13
foundations	2 Nephi 8:16
foundations	Alma 10:17
foundations	Helaman 12:12
foundations	3 Nephi 22:11
fountains	Mormon 6:4
fowls	2 Nephi 2:15
fowls	3 Nephi 13:26
fowls	Ether 2:2
fragments	Helaman 14:22
fragments	3 Nephi 8:18
fraid	Alma 47:2
fraid	Alma 58:24
fraid	Helaman 4:3
frailties	2 Nephi 9:28
frames	1 Nephi 2:14
freemen	Alma 51:6
freemen	Alma 51:6
freemen	Alma 51:7
freemen	Alma 60:25
freemen	Alma 61:4
freemen	Alma 62:6
friends	Mosiah 4:4
friends	Mosiah 29:22
friends	Alma 10:4
friends	Alma 15:16
friends	3 Nephi 6:27
friends	3 Nephi 7:2
friends	3 Nephi 7:4
friends	3 Nephi 7:6
friends	3 Nephi 7:14
friends	3 Nephi 10:8
friends	Mormon 8:5
friends	Mormon 8:5
friends	Ether 1:36
friends	Ether 1:37
friends	Ether 1:41
friends	Ether 1:41
friends	Ether 2:1
friends	Ether 6:16
friends	Ether 8:17
friends	Ether 9:1
fruits	1 Nephi 8:1
fruits	1 Nephi 15:36
fruits	1 Nephi 18:6
fruits	2 Nephi 2:9
fruits	Jacob 4:11
fruits	Mosiah 9:9
fruits	Alma 26:31
fruits	Alma 40:26
fruits	3 Nephi 14:16
fruits	3 Nephi 14:20
fruits	3 Nephi 24:11
fruits	Moroni 8:25
fulfil	1 Nephi 20:14
fulfil	2 Nephi 6:12
fulfil	2 Nephi 9:6
fulfil	2 Nephi 10:17
fulfil	2 Nephi 31:5
fulfil	2 Nephi 31:6
fulfil	Jacob 1:8
fulfil	Mosiah 13:4
fulfil	Mosiah 20:22
fulfil	Mosiah 29:45
fulfil	Alma 37:17
fulfil	Alma 60:35
fulfil	3 Nephi 1:13
fulfil	3 Nephi 1:14
fulfil	3 Nephi 12:17
fulfil	3 Nephi 15:5
fulfil	3 Nephi 16:5
fulfil	3 Nephi 18:27
fulfil	Mormon 8:3
fulfil	Moroni 7:31
fulfilleth	3 Nephi 20:27
fulfilleth	3 Nephi 27:18
fulfilleth	3 Nephi 27:18
fullers	3 Nephi 24:2
fulness	1 Nephi 10:14
fulness	1 Nephi 15:13
fulness	1 Nephi 15:13
fulness	1 Nephi 17:35
fulness	1 Nephi 22:16
fulness	1 Nephi 22:17
fulness	2 Nephi 1:17
fulness	2 Nephi 2:3
fulness	2 Nephi 2:26
fulness	2 Nephi 11:7
fulness	Helaman 12:24
fulness	3 Nephi 16:4
fulness	3 Nephi 16:7
fulness	3 Nephi 16:10
fulness	3 Nephi 16:10
fulness	3 Nephi 16:10
fulness	3 Nephi 16:12
fulness	3 Nephi 20:28
fulness	3 Nephi 20:30
fulness	3 Nephi 27:30
fulness	3 Nephi 27:31
fulness	3 Nephi 28:10
fulness	3 Nephi 28:10
fulness	Ether 2:8
fulness	Ether 2:9
fulness	Ether 2:9
fulness	Ether 2:10
fulness	Ether 2:11
fulness	Ether 2:11
fulness	Ether 9:20
fulness	Ether 14:25
furnaces	4 Nephi 1:32
gaddianhi	3 Nephi 4:9
gaddianton	4 Nephi 1:42
gaddianton	4 Nephi 1:46
gaddianton	Mormon 1:18
gaddianton	Mormon 2:27
gaddianton	Mormon 2:28
gadiandi	3 Nephi 9:8
gadianton	Helaman 2:4
gadianton	Helaman 2:11
gadianton	Helaman 2:12
gadianton	Helaman 2:13
gadianton	Helaman 3:23
gadianton	Helaman 6:18
gadianton	Helaman 6:18
gadianton	Helaman 6:18
gadianton	Helaman 6:24
gadianton	Helaman 6:26
gadianton	Helaman 6:26
gadianton	Helaman 6:29
gadianton	Helaman 6:37
gadianton	Helaman 7:4
gadianton	Helaman 7:25
gadianton	Helaman 8:1
gadianton	Helaman 8:28
gadianton	Helaman 11:10
gadianton	Helaman 11:26
gadianton	Helaman 11:26
gadianton	3 Nephi 1:27
gadianton	3 Nephi 1:29
gadianton	3 Nephi 2:11
gadianton	3 Nephi 2:12
gadianton	3 Nephi 2:18
gadianton	3 Nephi 3:9
gadianton	3 Nephi 3:15
gadiomnah	3 Nephi 9:8
galilee	2 Nephi 19:1
gallim	2 Nephi 20:30
garments	1 Nephi 4:19
garments	1 Nephi 4:21
garments	1 Nephi 12:10
garments	1 Nephi 12:11
garments	2 Nephi 8:24
garments	2 Nephi 9:44
garments	2 Nephi 19:5
garments	Jacob 1:19
garments	Jacob 1:19
garments	Jacob 2:2
garments	Mosiah 2:28
garments	Alma 5:21
garments	Alma 5:21
garments	Alma 5:22
garments	Alma 5:24
garments	Alma 5:27
garments	Alma 7:25
garments	Alma 7:25
garments	Alma 7:25
garments	Alma 13:11
garments	Alma 13:12
garments	Alma 34:36
garments	Alma 46:21
garments	Alma 46:21
garments	Alma 46:22
garments	Alma 46:22
garments	Alma 46:23
garments	Alma 49:6
garments	Alma 49:6
garments	3 Nephi 19:25
garments	3 Nephi 20:36
garments	3 Nephi 27:19
garments	Mormon 9:35
garments	Ether 12:37
garments	Ether 12:38
garments	Moroni 10:31
garners	Alma 26:5
gates	2 Nephi 4:32
gates	2 Nephi 4:32
gates	2 Nephi 13:26
gates	2 Nephi 23:2
gates	Mosiah 13:18
gates	Mosiah 21:23
gates	3 Nephi 11:39
gates	3 Nephi 11:40
gates	3 Nephi 18:13
gates	3 Nephi 22:12
gathereth	1 Nephi 22:25
gathereth	2 Nephi 20:14
gathereth	3 Nephi 10:4
gathereth	3 Nephi 10:5
gathereth	3 Nephi 10:5
gathereth	3 Nephi 10:6
gathereth	3 Nephi 20:18
gazelem	Alma 37:23
geba	2 Nephi 20:29
gebim	2 Nephi 20:31
generations	1 Nephi 12:3
generations	1 Nephi 12:11
generations	1 Nephi 12:21
generations	1 Nephi 15:13
generations	2 Nephi 1:18
generations	2 Nephi 3:20
generations	2 Nephi 4:2
generations	2 Nephi 9:53
generations	2 Nephi 25:16
generations	2 Nephi 26:2
generations	2 Nephi 26:9
generations	2 Nephi 30:6
generations	Omni 1:11
generations	Mosiah 13:13
generations	Alma 24:14
generations	Alma 37:14
generations	Alma 37:18
generations	Alma 37:19
generations	3 Nephi 26:2
gentiles	1 Nephi 10:11
gentiles	1 Nephi 10:12
gentiles	1 Nephi 10:14
gentiles	1 Nephi 13:3
gentiles	1 Nephi 13:4
gentiles	1 Nephi 13:10
gentiles	1 Nephi 13:12
gentiles	1 Nephi 13:13
gentiles	1 Nephi 13:14
gentiles	1 Nephi 13:14
gentiles	1 Nephi 13:15
gentiles	1 Nephi 13:16
gentiles	1 Nephi 13:17
gentiles	1 Nephi 13:19
gentiles	1 Nephi 13:23
gentiles	1 Nephi 13:25
gentiles	1 Nephi 13:26
gentiles	1 Nephi 13:29
gentiles	1 Nephi 13:29
gentiles	1 Nephi 13:29
gentiles	1 Nephi 13:30
gentiles	1 Nephi 13:30
gentiles	1 Nephi 13:31
gentiles	1 Nephi 13:32
gentiles	1 Nephi 13:33
gentiles	1 Nephi 13:34
gentiles	1 Nephi 13:34
gentiles	1 Nephi 13:34
gentiles	1 Nephi 13:35
gentiles	1 Nephi 13:38
gentiles	1 Nephi 13:39
gentiles	1 Nephi 13:39
gentiles	1 Nephi 13:40
gentiles	1 Nephi 13:42
gentiles	1 Nephi 13:42
gentiles	1 Nephi 13:42
gentiles	1 Nephi 14:1
gentiles	1 Nephi 14:5
gentiles	1 Nephi 14:6
gentiles	1 Nephi 14:13
gentiles	1 Nephi 15:7
gentiles	1 Nephi 15:13
gentiles	1 Nephi 15:13
gentiles	1 Nephi 15:13
gentiles	1 Nephi 15:17
gentiles	1 Nephi 15:17
gentiles	1 Nephi 15:17
gentiles	1 Nephi 21:6
gentiles	1 Nephi 21:22
gentiles	1 Nephi 22:6
gentiles	1 Nephi 22:6
gentiles	1 Nephi 22:7
gentiles	1 Nephi 22:8
gentiles	1 Nephi 22:8
gentiles	1 Nephi 22:9
gentiles	1 Nephi 22:9
gentiles	2 Nephi 6:6
gentiles	2 Nephi 6:12
gentiles	2 Nephi 10:8
gentiles	2 Nephi 10:9
gentiles	2 Nephi 10:9
gentiles	2 Nephi 10:10
gentiles	2 Nephi 10:11
gentiles	2 Nephi 10:11
gentiles	2 Nephi 10:18
gentiles	2 Nephi 10:18
gentiles	2 Nephi 10:18
gentiles	2 Nephi 21:10
gentiles	2 Nephi 26:12
gentiles	2 Nephi 26:15
gentiles	2 Nephi 26:19
gentiles	2 Nephi 26:20
gentiles	2 Nephi 27:1
gentiles	2 Nephi 27:1
gentiles	2 Nephi 28:32
gentiles	2 Nephi 29:3
gentiles	2 Nephi 29:4
gentiles	2 Nephi 29:4
gentiles	2 Nephi 29:5
gentiles	2 Nephi 30:1
gentiles	2 Nephi 30:1
gentiles	2 Nephi 30:2
gentiles	2 Nephi 30:3
gentiles	2 Nephi 30:3
gentiles	2 Nephi 33:9
gentiles	3 Nephi 15:22
gentiles	3 Nephi 15:22
gentiles	3 Nephi 15:23
gentiles	3 Nephi 16:4
gentiles	3 Nephi 16:4
gentiles	3 Nephi 16:6
gentiles	3 Nephi 16:7
gentiles	3 Nephi 16:8
gentiles	3 Nephi 16:9
gentiles	3 Nephi 16:10
gentiles	3 Nephi 16:12
gentiles	3 Nephi 16:13
gentiles	3 Nephi 20:15
gentiles	3 Nephi 20:20
gentiles	3 Nephi 20:27
gentiles	3 Nephi 20:27
gentiles	3 Nephi 21:2
gentiles	3 Nephi 21:5
gentiles	3 Nephi 21:6
gentiles	3 Nephi 21:6
gentiles	3 Nephi 21:6
gentiles	3 Nephi 21:11
gentiles	3 Nephi 21:11
gentiles	3 Nephi 21:12
gentiles	3 Nephi 21:14
gentiles	3 Nephi 22:3
gentiles	3 Nephi 23:2
gentiles	3 Nephi 23:4
gentiles	3 Nephi 26:8
gentiles	3 Nephi 28:27
gentiles	3 Nephi 28:27
gentiles	3 Nephi 28:32
gentiles	3 Nephi 29:1
gentiles	3 Nephi 30:1
gentiles	3 Nephi 30:2
gentiles	Mormon 3:17
gentiles	Mormon 5:9
gentiles	Mormon 5:10
gentiles	Mormon 5:15
gentiles	Mormon 5:19
gentiles	Mormon 5:20
gentiles	Mormon 5:20
gentiles	Mormon 5:22
gentiles	Mormon 7:8
gentiles	Mormon 7:8
gentiles	Ether 2:11
gentiles	Ether 4:6
gentiles	Ether 4:13
gentiles	Ether 8:23
gentiles	Ether 12:22
gentiles	Ether 12:23
gentiles	Ether 12:25
gentiles	Ether 12:28
gentiles	Ether 12:35
gentiles	Ether 12:36
gentiles	Ether 12:38
getteth	Helaman 12:19
gibeah	2 Nephi 20:29
gid	Alma 51:26
gid	Alma 55:7
gid	Alma 55:16
gid	Alma 55:25
gid	Alma 55:26
gid	Alma 57:28
gid	Alma 57:29
gid	Alma 57:30
gid	Alma 57:36
gid	Alma 58:16
gid	Alma 58:17
gid	Alma 58:19
gid	Alma 58:20
gid	Alma 58:23
gid	Alma 62:45
gid	Helaman 5:15
gid	Helaman 5:15
giddianhi	3 Nephi 3:9
giddianhi	3 Nephi 3:10
giddianhi	3 Nephi 3:11
giddianhi	3 Nephi 3:12
giddianhi	3 Nephi 4:5
giddianhi	3 Nephi 4:6
giddianhi	3 Nephi 4:7
giddianhi	3 Nephi 4:8
giddianhi	3 Nephi 4:10
giddianhi	3 Nephi 4:12
giddianhi	3 Nephi 4:14
giddianhi	3 Nephi 4:14
giddonah	Alma 10:2
giddonah	Alma 30:23
gideon	Mosiah 19:4
gideon	Mosiah 19:6
gideon	Mosiah 19:7
gideon	Mosiah 19:8
gideon	Mosiah 19:18
gideon	Mosiah 19:22
gideon	Mosiah 19:22
gideon	Mosiah 19:23
gideon	Mosiah 19:24
gideon	Mosiah 20:17
gideon	Mosiah 22:3
gideon	Mosiah 22:5
gideon	Mosiah 22:9
gideon	Alma 1:8
gideon	Alma 1:9
gideon	Alma 1:9
gideon	Alma 1:9
gideon	Alma 2:1
gideon	Alma 2:20
gideon	Alma 2:20
gideon	Alma 2:26
gideon	Alma 6:7
gideon	Alma 6:7
gideon	Alma 6:7
gideon	Alma 6:8
gideon	Alma 8:1
gideon	Alma 8:1
gideon	Alma 14:16
gideon	Alma 17:1
gideon	Alma 30:21
gideon	Alma 30:30
gideon	Alma 61:5
gideon	Alma 62:3
gideon	Alma 62:4
gideon	Alma 62:6
gideon	Helaman 13:15
gidgiddonah	Mormon 6:13
gidgiddoni	3 Nephi 3:18
gidgiddoni	3 Nephi 3:19
gidgiddoni	3 Nephi 3:20
gidgiddoni	3 Nephi 3:21
gidgiddoni	3 Nephi 3:26
gidgiddoni	3 Nephi 4:13
gidgiddoni	3 Nephi 4:13
gidgiddoni	3 Nephi 4:24
gidgiddoni	3 Nephi 4:26
gidgiddoni	3 Nephi 6:6
gifts	1 Nephi 15:36
gifts	Alma 9:21
gifts	3 Nephi 14:11
gifts	3 Nephi 29:6
gifts	Mormon 1:14
gifts	Mormon 9:7
gifts	Moroni 3:4
gifts	Moroni 10:8
gifts	Moroni 10:8
gifts	Moroni 10:11
gifts	Moroni 10:17
gifts	Moroni 10:19
gifts	Moroni 10:24
gifts	Moroni 10:25
gilead	Ether 14:8
gilgah	Ether 6:14
gilgal	3 Nephi 9:6
gilgal	Mormon 6:14
gilgal	Ether 13:27
gilgal	Ether 13:29
gilgal	Ether 13:30
gimgimno	3 Nephi 9:8
girted	1 Nephi 4:21
giveth	1 Nephi 3:7
giveth	1 Nephi 10:22
giveth	2 Nephi 2:29
giveth	2 Nephi 28:4
giveth	2 Nephi 31:3
giveth	Mosiah 13:20
giveth	Alma 18:35
giveth	Alma 46:25
giveth	3 Nephi 12:15
giveth	3 Nephi 28:11
giveth	Moroni 7:8
glasses	2 Nephi 13:23
glutting	Alma 30:31
goats	Enos 1:21
goats	Enos 1:21
goats	Ether 9:18
gods	Alma 12:31
gods	Mormon 4:14
goes	Mosiah 16:5
goest	Jacob 7:6
goest	Alma 37:36
goeth	1 Nephi 13:29
goeth	1 Nephi 13:29
goeth	Helaman 12:15
goeth	3 Nephi 20:16
gomorrah	2 Nephi 23:19
govereor	Helaman 1:13
governments	Alma 43:17
governments	Helaman 5:2
governors	Alma 60:33
grafts	Jacob 5:64
granteth	Mosiah 26:23
granteth	Alma 29:4
grapes	2 Nephi 15:2
grapes	2 Nephi 15:2
grapes	2 Nephi 15:4
grapes	2 Nephi 15:4
grapes	3 Nephi 14:16
grasps	2 Nephi 28:22
graven	1 Nephi 20:5
graven	1 Nephi 21:16
graven	2 Nephi 20:10
graven	Mosiah 12:36
graven	Mosiah 13:12
graven	3 Nephi 21:17
graves	Helaman 14:25
graves	Ether 6:19
graves	Ether 6:21
greater	1 Nephi 19:4
greater	1 Nephi 20:22
greater	2 Nephi 4:2
greater	Jacob 2:35
greater	Mosiah 8:15
greater	Mosiah 8:16
greater	Alma 12:10
greater	Alma 13:19
greater	Alma 43:21
greater	Alma 46:4
greater	Alma 48:9
greater	Alma 56:18
greater	Alma 57:33
greater	Alma 58:34
greater	Helaman 9:35
greater	Helaman 14:28
greater	3 Nephi 1:4
greater	3 Nephi 1:4
greater	3 Nephi 7:18
greater	3 Nephi 8:19
greater	3 Nephi 21:10
greater	3 Nephi 26:9
greater	3 Nephi 26:10
greater	3 Nephi 26:14
greater	3 Nephi 28:40
greater	Mormon 8:12
greater	Mormon 8:38
greater	Ether 1:43
greater	Ether 4:4
greater	Ether 4:8
greater	Ether 4:13
greatest	1 Nephi 15:36
greatest	2 Nephi 3:1
greatest	Mosiah 9:2
greatest	Alma 24:28
greatest	Alma 24:28
greatest	Alma 27:28
greatest	Alma 36:12
greatest	Alma 53:6
greatest	Helaman 1:24
greatest	Moroni 7:46
griefs	Mosiah 14:4
grieves	Alma 61:2
grieveth	2 Nephi 4:17
grieveth	2 Nephi 26:11
grieveth	2 Nephi 32:8
grieveth	Jacob 2:6
grieveth	Jacob 2:7
grieveth	Jacob 5:7
grieveth	Jacob 5:11
grieveth	Jacob 5:13
grieveth	Jacob 5:32
grieveth	Jacob 5:46
grieveth	Jacob 5:47
grieveth	Jacob 5:51
grieveth	Jacob 5:66
grieveth	Moroni 8:4
grieveth	Moroni 8:4
groaned	3 Nephi 17:14
groaneth	2 Nephi 4:19
groanings	1 Nephi 19:12
groanings	3 Nephi 8:23
groanings	3 Nephi 10:9
grosser	Jacob 2:22
grosser	Jacob 2:23
grossest	Alma 26:24
grounds	Alma 5:10
grounds	Alma 30:7
grounds	Alma 30:11
grounds	Alma 52:21
groves	3 Nephi 21:18
groweth	Alma 32:32
groweth	Alma 32:32
guards	Mosiah 7:10
guards	Mosiah 7:11
guards	Mosiah 7:16
guards	Mosiah 10:2
guards	Mosiah 11:17
guards	Mosiah 17:5
guards	Mosiah 19:28
guards	Mosiah 19:28
guards	Mosiah 21:19
guards	Mosiah 22:6
guards	Mosiah 23:37
guards	Mosiah 23:38
guards	Mosiah 24:11
guards	Mosiah 29:22
guards	Alma 2:32
guards	Alma 2:33
guards	Alma 2:33
guards	Alma 22:33
guards	Alma 47:12
guards	Alma 47:13
guards	Alma 47:21
guards	Alma 52:22
guards	Alma 53:1
guards	Alma 55:6
guards	Alma 55:8
guards	Alma 57:9
guards	Alma 58:21
guards	Alma 58:22
guards	Helaman 1:18
guards	3 Nephi 3:14
guides	Helaman 13:29
gushed	1 Nephi 20:21
habitations	3 Nephi 22:2
hadst	1 Nephi 20:18
hagoth	Alma 63:5
hairs	1 Nephi 18:18
halted	Alma 56:42
halted	Alma 56:43
halted	Alma 56:52
hamath	2 Nephi 20:9
hamath	2 Nephi 21:11
handing	Mosiah 28:20
handmaids	2 Nephi 24:2
hands	1 Nephi 1:17
hands	1 Nephi 3:26
hands	1 Nephi 3:29
hands	1 Nephi 3:31
hands	1 Nephi 4:11
hands	1 Nephi 4:12
hands	1 Nephi 4:17
hands	1 Nephi 5:5
hands	1 Nephi 5:8
hands	1 Nephi 7:11
hands	1 Nephi 7:16
hands	1 Nephi 7:17
hands	1 Nephi 7:18
hands	1 Nephi 7:19
hands	1 Nephi 13:19
hands	1 Nephi 13:28
hands	1 Nephi 17:23
hands	1 Nephi 17:48
hands	1 Nephi 17:48
hands	1 Nephi 17:52
hands	1 Nephi 19:10
hands	1 Nephi 21:16
hands	1 Nephi 22:13
hands	2 Nephi 1:24
hands	2 Nephi 3:24
hands	2 Nephi 4:31
hands	2 Nephi 5:17
hands	2 Nephi 12:8
hands	2 Nephi 13:11
hands	2 Nephi 15:12
hands	2 Nephi 23:7
hands	2 Nephi 25:16
hands	2 Nephi 27:34
hands	Jacob 4:9
hands	Jacob 6:4
hands	Jarom 1:15
hands	Omni 1:2
hands	Omni 1:6
hands	Omni 1:7
hands	Words of Mormon 1:1
hands	Words of Mormon 1:2
hands	Words of Mormon 1:3
hands	Words of Mormon 1:10
hands	Words of Mormon 1:11
hands	Mosiah 1:14
hands	Mosiah 2:4
hands	Mosiah 2:14
hands	Mosiah 2:31
hands	Mosiah 7:15
hands	Mosiah 7:21
hands	Mosiah 9:12
hands	Mosiah 9:17
hands	Mosiah 9:19
hands	Mosiah 10:2
hands	Mosiah 10:15
hands	Mosiah 11:21
hands	Mosiah 11:26
hands	Mosiah 12:16
hands	Mosiah 13:2
hands	Mosiah 13:3
hands	Mosiah 13:5
hands	Mosiah 17:9
hands	Mosiah 18:11
hands	Mosiah 18:24
hands	Mosiah 19:15
hands	Mosiah 21:5
hands	Mosiah 21:19
hands	Mosiah 21:36
hands	Mosiah 23:10
hands	Mosiah 23:13
hands	Mosiah 23:29
hands	Mosiah 25:10
hands	Mosiah 26:12
hands	Mosiah 27:4
hands	Mosiah 27:5
hands	Mosiah 27:19
hands	Mosiah 27:36
hands	Mosiah 28:7
hands	Alma 1:3
hands	Alma 1:8
hands	Alma 2:28
hands	Alma 2:30
hands	Alma 5:4
hands	Alma 5:5
hands	Alma 5:19
hands	Alma 6:1
hands	Alma 9:7
hands	Alma 9:10
hands	Alma 9:10
hands	Alma 9:32
hands	Alma 10:3
hands	Alma 10:21
hands	Alma 14:10
hands	Alma 17:9
hands	Alma 17:11
hands	Alma 17:14
hands	Alma 17:20
hands	Alma 17:35
hands	Alma 19:24
hands	Alma 19:27
hands	Alma 19:30
hands	Alma 20:30
hands	Alma 22:20
hands	Alma 23:1
hands	Alma 23:2
hands	Alma 24:18
hands	Alma 25:4
hands	Alma 26:3
hands	Alma 26:7
hands	Alma 26:15
hands	Alma 27:5
hands	Alma 29:9
hands	Alma 29:12
hands	Alma 30:27
hands	Alma 30:29
hands	Alma 30:32
hands	Alma 31:14
hands	Alma 31:36
hands	Alma 31:36
hands	Alma 32:5
hands	Alma 35:14
hands	Alma 43:9
hands	Alma 43:10
hands	Alma 43:11
hands	Alma 43:44
hands	Alma 43:46
hands	Alma 44:1
hands	Alma 44:3
hands	Alma 44:7
hands	Alma 44:8
hands	Alma 44:9
hands	Alma 44:11
hands	Alma 45:1
hands	Alma 46:7
hands	Alma 46:33
hands	Alma 47:13
hands	Alma 49:28
hands	Alma 50:10
hands	Alma 52:8
hands	Alma 52:10
hands	Alma 52:10
hands	Alma 52:35
hands	Alma 53:5
hands	Alma 53:11
hands	Alma 56:39
hands	Alma 56:50
hands	Alma 57:4
hands	Alma 57:12
hands	Alma 57:14
hands	Alma 57:17
hands	Alma 57:35
hands	Alma 58:8
hands	Alma 58:10
hands	Alma 58:37
hands	Alma 59:9
hands	Alma 59:11
hands	Alma 60:20
hands	Alma 62:43
hands	Alma 62:50
hands	Helaman 1:32
hands	Helaman 4:9
hands	Helaman 5:23
hands	Helaman 5:25
hands	Helaman 5:26
hands	Helaman 8:4
hands	Helaman 8:10
hands	Helaman 10:15
hands	Helaman 12:2
hands	Helaman 16:7
hands	3 Nephi 3:15
hands	3 Nephi 3:21
hands	3 Nephi 3:21
hands	3 Nephi 4:8
hands	3 Nephi 4:13
hands	3 Nephi 4:31
hands	3 Nephi 4:33
hands	3 Nephi 5:11
hands	3 Nephi 11:14
hands	3 Nephi 11:14
hands	3 Nephi 11:15
hands	3 Nephi 11:15
hands	3 Nephi 11:15
hands	3 Nephi 21:17
hands	Mormon 3:13
hands	Mormon 5:23
hands	Mormon 6:6
hands	Mormon 6:15
hands	Mormon 9:18
hands	Mormon 9:24
hands	Ether 3:1
hands	Ether 12:24
hands	Ether 14:2
hands	Ether 15:31
hands	Moroni 2:1
hands	Moroni 2:2
hands	Moroni 2:3
hands	Moroni 3:2
hangeth	Helaman 13:5
hangeth	Mormon 8:41
happened	Mosiah 8:2
happened	Mosiah 19:22
happened	Mosiah 26:10
happened	Mosiah 27:20
happened	Alma 15:2
happened	Alma 19:17
happened	Alma 20:30
happened	Alma 22:19
happened	Alma 27:20
happened	Alma 30:57
happened	Alma 31:5
happened	Alma 47:27
happened	Alma 55:15
happened	Helaman 4:11
happened	Helaman 6:1
happier	Alma 50:23
happier	4 Nephi 1:16
hardeneth	1 Nephi 12:17
hardeneth	Alma 12:34
harder	Alma 21:3
harlots	1 Nephi 13:7
harlots	1 Nephi 13:8
harlots	1 Nephi 13:34
harlots	1 Nephi 14:16
harlots	1 Nephi 14:17
harlots	Mosiah 11:14
harlots	Mosiah 12:29
harlots	Alma 39:11
harrass	Alma 51:32
harrass	Alma 52:9
harrass	Alma 52:13
harrass	Alma 52:13
has	1 Nephi 6:1
has	1 Nephi 17:43
has	2 Nephi 6:3
has	2 Nephi 16:7
has	Omni 1:11
has	Words of Mormon 1:4
has	Mosiah 2:19
has	Mosiah 3:19
has	Mosiah 5:5
has	Mosiah 7:20
has	Mosiah 8:17
has	Mosiah 12:9
has	Mosiah 12:13
has	Mosiah 15:10
has	Mosiah 15:13
has	Mosiah 15:13
has	Mosiah 28:16
has	Mosiah 29:28
has	Alma 1:12
has	Alma 1:13
has	Alma 1:14
has	Alma 5:47
has	Alma 9:20
has	Alma 12:24
has	Alma 12:24
has	Alma 12:25
has	Alma 17:28
has	Alma 18:10
has	Alma 18:10
has	Alma 19:5
has	Alma 19:10
has	Alma 19:29
has	Alma 22:3
has	Alma 24:7
has	Alma 24:8
has	Alma 24:11
has	Alma 24:14
has	Alma 24:15
has	Alma 24:15
has	Alma 24:30
has	Alma 26:14
has	Alma 26:33
has	Alma 26:33
has	Alma 26:35
has	Alma 27:16
has	Alma 28:10
has	Alma 28:10
has	Alma 29:10
has	Alma 33:17
has	Alma 39:1
has	Alma 40:24
has	Alma 41:1
has	Alma 41:5
has	Alma 47:26
has	Alma 50:21
has	Alma 57:36
has	Alma 60:5
has	Alma 60:5
has	Helaman 5:7
has	Helaman 11:15
has	Helaman 13:24
has	Helaman 16:20
has	3 Nephi 16:16
has	Mormon 2:18
has	Mormon 2:19
has	Mormon 8:7
has	Mormon 9:15
has	Mormon 9:15
has	Mormon 9:19
has	Ether 3:9
has	Ether 4:17
has	Ether 12:8
has	Ether 13:6
has	Moroni 7:38
has	Moroni 8:5
has	Moroni 9:2
has	Moroni 9:16
has	Moroni 10:1
hasteneth	2 Nephi 8:14
hath	1 Nephi 1:16
hath	1 Nephi 1:16
hath	1 Nephi 1:16
hath	1 Nephi 1:20
hath	1 Nephi 3:2
hath	1 Nephi 3:3
hath	1 Nephi 3:4
hath	1 Nephi 3:7
hath	1 Nephi 3:15
hath	1 Nephi 3:16
hath	1 Nephi 3:18
hath	1 Nephi 3:29
hath	1 Nephi 4:3
hath	1 Nephi 4:11
hath	1 Nephi 4:12
hath	1 Nephi 4:34
hath	1 Nephi 5:8
hath	1 Nephi 5:8
hath	1 Nephi 5:8
hath	1 Nephi 7:11
hath	1 Nephi 7:13
hath	1 Nephi 9:5
hath	1 Nephi 9:6
hath	1 Nephi 11:4
hath	1 Nephi 11:35
hath	1 Nephi 13:23
hath	1 Nephi 13:23
hath	1 Nephi 13:28
hath	1 Nephi 13:29
hath	1 Nephi 13:30
hath	1 Nephi 13:32
hath	1 Nephi 13:34
hath	1 Nephi 13:42
hath	1 Nephi 14:3
hath	1 Nephi 14:3
hath	1 Nephi 14:3
hath	1 Nephi 14:17
hath	1 Nephi 14:25
hath	1 Nephi 14:26
hath	1 Nephi 15:7
hath	1 Nephi 15:11
hath	1 Nephi 15:13
hath	1 Nephi 15:18
hath	1 Nephi 15:30
hath	1 Nephi 16:37
hath	1 Nephi 16:38
hath	1 Nephi 16:38
hath	1 Nephi 16:38
hath	1 Nephi 16:38
hath	1 Nephi 17:3
hath	1 Nephi 17:20
hath	1 Nephi 17:22
hath	1 Nephi 17:22
hath	1 Nephi 17:36
hath	1 Nephi 17:36
hath	1 Nephi 17:45
hath	1 Nephi 17:45
hath	1 Nephi 17:51
hath	1 Nephi 17:51
hath	1 Nephi 17:55
hath	1 Nephi 18:11
hath	1 Nephi 19:24
hath	1 Nephi 20:5
hath	1 Nephi 20:5
hath	1 Nephi 20:13
hath	1 Nephi 20:13
hath	1 Nephi 20:14
hath	1 Nephi 20:14
hath	1 Nephi 20:14
hath	1 Nephi 20:16
hath	1 Nephi 20:17
hath	1 Nephi 20:20
hath	1 Nephi 20:22
hath	1 Nephi 21:1
hath	1 Nephi 21:1
hath	1 Nephi 21:2
hath	1 Nephi 21:2
hath	1 Nephi 21:2
hath	1 Nephi 21:10
hath	1 Nephi 21:13
hath	1 Nephi 21:14
hath	1 Nephi 21:14
hath	1 Nephi 21:14
hath	1 Nephi 21:14
hath	1 Nephi 21:21
hath	1 Nephi 21:21
hath	1 Nephi 22:6
hath	1 Nephi 22:14
hath	1 Nephi 22:26
hath	1 Nephi 22:26
hath	2 Nephi 1:5
hath	2 Nephi 1:5
hath	2 Nephi 1:7
hath	2 Nephi 1:15
hath	2 Nephi 1:16
hath	2 Nephi 1:17
hath	2 Nephi 1:20
hath	2 Nephi 1:24
hath	2 Nephi 1:24
hath	2 Nephi 1:24
hath	2 Nephi 1:25
hath	2 Nephi 1:25
hath	2 Nephi 1:26
hath	2 Nephi 1:26
hath	2 Nephi 1:26
hath	2 Nephi 1:32
hath	2 Nephi 2:10
hath	2 Nephi 2:14
hath	2 Nephi 2:26
hath	2 Nephi 3:16
hath	2 Nephi 3:17
hath	2 Nephi 4:1
hath	2 Nephi 4:4
hath	2 Nephi 4:20
hath	2 Nephi 4:20
hath	2 Nephi 4:20
hath	2 Nephi 4:21
hath	2 Nephi 4:22
hath	2 Nephi 4:23
hath	2 Nephi 4:23
hath	2 Nephi 4:25
hath	2 Nephi 4:25
hath	2 Nephi 4:26
hath	2 Nephi 6:4
hath	2 Nephi 6:8
hath	2 Nephi 6:9
hath	2 Nephi 6:9
hath	2 Nephi 6:12
hath	2 Nephi 6:12
hath	2 Nephi 6:12
hath	2 Nephi 7:4
hath	2 Nephi 7:5
hath	2 Nephi 7:10
hath	2 Nephi 8:9
hath	2 Nephi 8:10
hath	2 Nephi 8:10
hath	2 Nephi 8:13
hath	2 Nephi 8:16
hath	2 Nephi 8:18
hath	2 Nephi 8:18
hath	2 Nephi 9:1
hath	2 Nephi 9:2
hath	2 Nephi 9:6
hath	2 Nephi 9:16
hath	2 Nephi 9:16
hath	2 Nephi 9:24
hath	2 Nephi 9:25
hath	2 Nephi 9:25
hath	2 Nephi 9:27
hath	2 Nephi 9:27
hath	2 Nephi 9:46
hath	2 Nephi 9:50
hath	2 Nephi 9:53
hath	2 Nephi 10:2
hath	2 Nephi 10:9
hath	2 Nephi 10:20
hath	2 Nephi 10:20
hath	2 Nephi 10:22
hath	2 Nephi 11:3
hath	2 Nephi 11:3
hath	2 Nephi 11:4
hath	2 Nephi 11:5
hath	2 Nephi 12:20
hath	2 Nephi 15:1
hath	2 Nephi 15:14
hath	2 Nephi 15:25
hath	2 Nephi 15:25
hath	2 Nephi 18:18
hath	2 Nephi 19:2
hath	2 Nephi 19:8
hath	2 Nephi 20:10
hath	2 Nephi 20:12
hath	2 Nephi 20:14
hath	2 Nephi 20:28
hath	2 Nephi 22:5
hath	2 Nephi 24:4
hath	2 Nephi 24:5
hath	2 Nephi 24:9
hath	2 Nephi 24:24
hath	2 Nephi 24:27
hath	2 Nephi 24:32
hath	2 Nephi 25:3
hath	2 Nephi 25:4
hath	2 Nephi 25:5
hath	2 Nephi 25:6
hath	2 Nephi 25:6
hath	2 Nephi 25:9
hath	2 Nephi 25:9
hath	2 Nephi 25:10
hath	2 Nephi 25:14
hath	2 Nephi 25:14
hath	2 Nephi 25:16
hath	2 Nephi 25:21
hath	2 Nephi 25:25
hath	2 Nephi 26:7
hath	2 Nephi 26:16
hath	2 Nephi 26:26
hath	2 Nephi 26:27
hath	2 Nephi 26:27
hath	2 Nephi 26:27
hath	2 Nephi 26:28
hath	2 Nephi 26:30
hath	2 Nephi 26:30
hath	2 Nephi 26:32
hath	2 Nephi 27:3
hath	2 Nephi 27:5
hath	2 Nephi 27:5
hath	2 Nephi 27:11
hath	2 Nephi 27:13
hath	2 Nephi 28:1
hath	2 Nephi 28:3
hath	2 Nephi 28:5
hath	2 Nephi 28:5
hath	2 Nephi 28:6
hath	2 Nephi 29:5
hath	2 Nephi 31:18
hath	2 Nephi 33:2
hath	2 Nephi 33:6
hath	2 Nephi 33:10
hath	2 Nephi 33:15
hath	Jacob 2:13
hath	Jacob 2:20
hath	Jacob 2:21
hath	Jacob 3:5
hath	Jacob 4:14
hath	Jacob 4:14
hath	Jacob 5:18
hath	Jacob 5:18
hath	Jacob 5:18
hath	Jacob 5:18
hath	Jacob 5:19
hath	Jacob 5:20
hath	Jacob 5:22
hath	Jacob 5:23
hath	Jacob 5:24
hath	Jacob 5:25
hath	Jacob 5:25
hath	Jacob 5:32
hath	Jacob 5:37
hath	Jacob 5:37
hath	Jacob 5:43
hath	Jacob 5:45
hath	Jacob 5:46
hath	Jacob 5:47
hath	Jacob 5:48
hath	Jacob 5:48
hath	Jacob 5:75
hath	Jacob 6:8
hath	Jacob 7:9
hath	Jacob 7:12
hath	Jacob 7:12
hath	Jacob 7:14
hath	Jacob 7:27
hath	Enos 1:8
hath	Jarom 1:3
hath	Words of Mormon 1:9
hath	Mosiah 1:10
hath	Mosiah 1:11
hath	Mosiah 1:13
hath	Mosiah 2:11
hath	Mosiah 2:13
hath	Mosiah 2:19
hath	Mosiah 2:20
hath	Mosiah 2:20
hath	Mosiah 2:20
hath	Mosiah 2:20
hath	Mosiah 2:20
hath	Mosiah 2:21
hath	Mosiah 2:22
hath	Mosiah 2:22
hath	Mosiah 2:23
hath	Mosiah 2:24
hath	Mosiah 2:24
hath	Mosiah 2:27
hath	Mosiah 2:30
hath	Mosiah 2:30
hath	Mosiah 2:31
hath	Mosiah 2:34
hath	Mosiah 2:35
hath	Mosiah 2:36
hath	Mosiah 2:37
hath	Mosiah 2:39
hath	Mosiah 2:41
hath	Mosiah 3:4
hath	Mosiah 3:4
hath	Mosiah 3:4
hath	Mosiah 3:9
hath	Mosiah 3:11
hath	Mosiah 3:13
hath	Mosiah 3:22
hath	Mosiah 3:23
hath	Mosiah 3:27
hath	Mosiah 4:5
hath	Mosiah 4:6
hath	Mosiah 4:8
hath	Mosiah 4:9
hath	Mosiah 4:14
hath	Mosiah 4:17
hath	Mosiah 4:18
hath	Mosiah 4:18
hath	Mosiah 4:18
hath	Mosiah 4:20
hath	Mosiah 4:20
hath	Mosiah 4:20
hath	Mosiah 4:20
hath	Mosiah 4:21
hath	Mosiah 4:24
hath	Mosiah 4:26
hath	Mosiah 4:27
hath	Mosiah 5:2
hath	Mosiah 5:4
hath	Mosiah 5:4
hath	Mosiah 5:7
hath	Mosiah 5:13
hath	Mosiah 7:20
hath	Mosiah 7:20
hath	Mosiah 7:24
hath	Mosiah 7:29
hath	Mosiah 8:11
hath	Mosiah 8:12
hath	Mosiah 8:13
hath	Mosiah 8:14
hath	Mosiah 8:18
hath	Mosiah 10:18
hath	Mosiah 10:18
hath	Mosiah 11:20
hath	Mosiah 11:25
hath	Mosiah 11:28
hath	Mosiah 12:1
hath	Mosiah 12:12
hath	Mosiah 12:14
hath	Mosiah 12:23
hath	Mosiah 12:23
hath	Mosiah 12:24
hath	Mosiah 12:29
hath	Mosiah 13:4
hath	Mosiah 14:1
hath	Mosiah 14:2
hath	Mosiah 14:4
hath	Mosiah 14:6
hath	Mosiah 14:10
hath	Mosiah 14:12
hath	Mosiah 15:11
hath	Mosiah 15:11
hath	Mosiah 15:12
hath	Mosiah 15:12
hath	Mosiah 15:14
hath	Mosiah 15:14
hath	Mosiah 15:14
hath	Mosiah 15:18
hath	Mosiah 15:18
hath	Mosiah 15:19
hath	Mosiah 15:20
hath	Mosiah 15:23
hath	Mosiah 15:23
hath	Mosiah 15:24
hath	Mosiah 15:25
hath	Mosiah 15:27
hath	Mosiah 15:27
hath	Mosiah 15:30
hath	Mosiah 15:30
hath	Mosiah 15:31
hath	Mosiah 16:3
hath	Mosiah 16:5
hath	Mosiah 16:8
hath	Mosiah 16:11
hath	Mosiah 17:12
hath	Mosiah 18:13
hath	Mosiah 18:20
hath	Mosiah 18:27
hath	Mosiah 18:27
hath	Mosiah 18:27
hath	Mosiah 20:13
hath	Mosiah 20:16
hath	Mosiah 23:10
hath	Mosiah 26:23
hath	Mosiah 26:29
hath	Mosiah 26:31
hath	Mosiah 27:13
hath	Mosiah 27:14
hath	Mosiah 27:14
hath	Mosiah 27:16
hath	Mosiah 27:16
hath	Mosiah 27:28
hath	Mosiah 27:29
hath	Mosiah 28:2
hath	Mosiah 29:6
hath	Mosiah 29:15
hath	Mosiah 29:15
hath	Mosiah 29:15
hath	Mosiah 29:22
hath	Mosiah 29:25
hath	Mosiah 29:27
hath	Alma 5:6
hath	Alma 5:15
hath	Alma 5:21
hath	Alma 5:28
hath	Alma 5:32
hath	Alma 5:36
hath	Alma 5:37
hath	Alma 5:46
hath	Alma 5:52
hath	Alma 5:61
hath	Alma 7:2
hath	Alma 7:2
hath	Alma 7:4
hath	Alma 7:4
hath	Alma 7:8
hath	Alma 7:8
hath	Alma 7:9
hath	Alma 7:20
hath	Alma 7:20
hath	Alma 7:20
hath	Alma 8:17
hath	Alma 9:12
hath	Alma 9:14
hath	Alma 9:24
hath	Alma 9:25
hath	Alma 10:7
hath	Alma 10:8
hath	Alma 10:10
hath	Alma 10:10
hath	Alma 10:10
hath	Alma 10:10
hath	Alma 10:11
hath	Alma 10:11
hath	Alma 10:11
hath	Alma 10:11
hath	Alma 10:25
hath	Alma 10:28
hath	Alma 10:28
hath	Alma 10:28
hath	Alma 10:29
hath	Alma 11:31
hath	Alma 11:37
hath	Alma 12:5
hath	Alma 12:6
hath	Alma 12:8
hath	Alma 12:12
hath	Alma 12:13
hath	Alma 12:15
hath	Alma 12:37
hath	Alma 14:15
hath	Alma 18:3
hath	Alma 18:4
hath	Alma 18:8
hath	Alma 19:20
hath	Alma 19:26
hath	Alma 20:5
hath	Alma 20:17
hath	Alma 22:4
hath	Alma 22:4
hath	Alma 22:18
hath	Alma 24:10
hath	Alma 24:10
hath	Alma 24:12
hath	Alma 24:14
hath	Alma 24:30
hath	Alma 26:2
hath	Alma 26:3
hath	Alma 26:13
hath	Alma 26:15
hath	Alma 26:20
hath	Alma 26:22
hath	Alma 26:36
hath	Alma 26:36
hath	Alma 26:36
hath	Alma 27:12
hath	Alma 28:13
hath	Alma 29:3
hath	Alma 29:5
hath	Alma 29:9
hath	Alma 29:9
hath	Alma 29:10
hath	Alma 29:13
hath	Alma 29:13
hath	Alma 30:28
hath	Alma 30:28
hath	Alma 30:33
hath	Alma 30:42
hath	Alma 30:43
hath	Alma 30:51
hath	Alma 30:53
hath	Alma 32:9
hath	Alma 32:18
hath	Alma 32:19
hath	Alma 32:29
hath	Alma 32:34
hath	Alma 32:34
hath	Alma 32:38
hath	Alma 33:3
hath	Alma 34:3
hath	Alma 34:3
hath	Alma 34:6
hath	Alma 34:7
hath	Alma 34:7
hath	Alma 34:8
hath	Alma 34:12
hath	Alma 34:16
hath	Alma 34:35
hath	Alma 34:35
hath	Alma 34:35
hath	Alma 34:36
hath	Alma 34:36
hath	Alma 36:5
hath	Alma 36:26
hath	Alma 36:26
hath	Alma 36:26
hath	Alma 36:26
hath	Alma 36:27
hath	Alma 36:28
hath	Alma 36:28
hath	Alma 36:28
hath	Alma 36:29
hath	Alma 36:29
hath	Alma 37:4
hath	Alma 37:8
hath	Alma 37:14
hath	Alma 37:14
hath	Alma 37:17
hath	Alma 37:17
hath	Alma 37:19
hath	Alma 37:19
hath	Alma 37:26
hath	Alma 39:6
hath	Alma 40:11
hath	Alma 40:16
hath	Alma 41:1
hath	Alma 41:6
hath	Alma 41:9
hath	Alma 41:10
hath	Alma 42:28
hath	Alma 42:28
hath	Alma 43:47
hath	Alma 44:3
hath	Alma 44:5
hath	Alma 44:9
hath	Alma 44:9
hath	Alma 44:9
hath	Alma 44:14
hath	Alma 45:19
hath	Alma 46:24
hath	Alma 46:25
hath	Alma 54:5
hath	Alma 54:7
hath	Alma 54:21
hath	Alma 54:22
hath	Alma 54:24
hath	Alma 55:2
hath	Alma 56:5
hath	Alma 57:35
hath	Alma 57:35
hath	Alma 58:33
hath	Alma 58:39
hath	Alma 58:39
hath	Alma 58:40
hath	Alma 58:41
hath	Alma 58:41
hath	Alma 60:1
hath	Alma 60:21
hath	Alma 60:23
hath	Alma 60:24
hath	Alma 60:27
hath	Alma 60:27
hath	Alma 60:32
hath	Alma 60:32
hath	Alma 61:8
hath	Alma 61:8
hath	Alma 61:8
hath	Alma 61:9
hath	Alma 61:9
hath	Alma 61:20
hath	Alma 61:21
hath	Helaman 5:8
hath	Helaman 5:11
hath	Helaman 5:11
hath	Helaman 5:26
hath	Helaman 6:29
hath	Helaman 7:15
hath	Helaman 7:17
hath	Helaman 7:20
hath	Helaman 7:22
hath	Helaman 7:25
hath	Helaman 7:26
hath	Helaman 7:29
hath	Helaman 8:1
hath	Helaman 8:8
hath	Helaman 8:8
hath	Helaman 8:12
hath	Helaman 8:13
hath	Helaman 8:13
hath	Helaman 8:19
hath	Helaman 8:19
hath	Helaman 8:27
hath	Helaman 9:2
hath	Helaman 9:2
hath	Helaman 9:2
hath	Helaman 9:2
hath	Helaman 9:8
hath	Helaman 9:15
hath	Helaman 9:20
hath	Helaman 9:27
hath	Helaman 9:34
hath	Helaman 9:35
hath	Helaman 9:41
hath	Helaman 9:41
hath	Helaman 9:41
hath	Helaman 10:4
hath	Helaman 12:6
hath	Helaman 12:18
hath	Helaman 12:22
hath	Helaman 13:5
hath	Helaman 13:7
hath	Helaman 13:21
hath	Helaman 13:22
hath	Helaman 13:23
hath	Helaman 13:30
hath	Helaman 13:37
hath	Helaman 14:9
hath	Helaman 14:9
hath	Helaman 14:9
hath	Helaman 14:10
hath	Helaman 14:10
hath	Helaman 14:26
hath	Helaman 14:30
hath	Helaman 14:30
hath	Helaman 14:31
hath	Helaman 14:31
hath	Helaman 15:3
hath	Helaman 15:3
hath	Helaman 15:3
hath	Helaman 15:4
hath	Helaman 15:4
hath	Helaman 15:4
hath	Helaman 15:11
hath	Helaman 15:12
hath	Helaman 16:6
hath	Helaman 16:16
hath	Helaman 16:18
hath	3 Nephi 1:6
hath	3 Nephi 4:29
hath	3 Nephi 5:14
hath	3 Nephi 5:15
hath	3 Nephi 5:16
hath	3 Nephi 5:19
hath	3 Nephi 5:20
hath	3 Nephi 5:21
hath	3 Nephi 5:21
hath	3 Nephi 5:22
hath	3 Nephi 5:22
hath	3 Nephi 5:25
hath	3 Nephi 5:25
hath	3 Nephi 5:25
hath	3 Nephi 9:15
hath	3 Nephi 10:14
hath	3 Nephi 11:11
hath	3 Nephi 11:28
hath	3 Nephi 11:28
hath	3 Nephi 11:29
hath	3 Nephi 11:32
hath	3 Nephi 12:18
hath	3 Nephi 12:18
hath	3 Nephi 12:21
hath	3 Nephi 12:23
hath	3 Nephi 12:28
hath	3 Nephi 12:31
hath	3 Nephi 15:5
hath	3 Nephi 15:7
hath	3 Nephi 15:7
hath	3 Nephi 15:8
hath	3 Nephi 15:13
hath	3 Nephi 15:14
hath	3 Nephi 15:15
hath	3 Nephi 15:15
hath	3 Nephi 15:19
hath	3 Nephi 15:20
hath	3 Nephi 15:24
hath	3 Nephi 16:5
hath	3 Nephi 16:15
hath	3 Nephi 16:19
hath	3 Nephi 16:19
hath	3 Nephi 16:20
hath	3 Nephi 17:4
hath	3 Nephi 17:16
hath	3 Nephi 17:16
hath	3 Nephi 18:14
hath	3 Nephi 18:27
hath	3 Nephi 18:34
hath	3 Nephi 20:10
hath	3 Nephi 20:12
hath	3 Nephi 20:13
hath	3 Nephi 20:14
hath	3 Nephi 20:19
hath	3 Nephi 20:34
hath	3 Nephi 20:34
hath	3 Nephi 20:35
hath	3 Nephi 20:46
hath	3 Nephi 20:46
hath	3 Nephi 21:4
hath	3 Nephi 21:7
hath	3 Nephi 21:7
hath	3 Nephi 21:26
hath	3 Nephi 22:6
hath	3 Nephi 22:10
hath	3 Nephi 23:3
hath	3 Nephi 26:8
hath	3 Nephi 26:14
hath	3 Nephi 27:18
hath	3 Nephi 27:18
hath	3 Nephi 27:24
hath	3 Nephi 27:24
hath	3 Nephi 28:10
hath	3 Nephi 28:18
hath	3 Nephi 28:34
hath	3 Nephi 28:34
hath	3 Nephi 28:35
hath	3 Nephi 28:37
hath	3 Nephi 29:1
hath	3 Nephi 29:3
hath	3 Nephi 29:8
hath	3 Nephi 29:9
hath	3 Nephi 30:1
hath	Mormon 5:9
hath	Mormon 5:10
hath	Mormon 5:14
hath	Mormon 5:15
hath	Mormon 5:15
hath	Mormon 5:16
hath	Mormon 5:19
hath	Mormon 5:21
hath	Mormon 5:23
hath	Mormon 7:5
hath	Mormon 7:5
hath	Mormon 7:7
hath	Mormon 7:7
hath	Mormon 7:7
hath	Mormon 7:10
hath	Mormon 8:5
hath	Mormon 8:5
hath	Mormon 8:5
hath	Mormon 8:8
hath	Mormon 8:21
hath	Mormon 8:23
hath	Mormon 8:26
hath	Mormon 8:34
hath	Mormon 8:35
hath	Mormon 8:39
hath	Mormon 9:16
hath	Mormon 9:17
hath	Mormon 9:31
hath	Mormon 9:33
hath	Mormon 9:34
hath	Mormon 9:37
hath	Ether 2:11
hath	Ether 2:12
hath	Ether 3:3
hath	Ether 3:15
hath	Ether 3:15
hath	Ether 4:5
hath	Ether 4:5
hath	Ether 4:14
hath	Ether 4:14
hath	Ether 4:15
hath	Ether 4:19
hath	Ether 8:9
hath	Ether 8:9
hath	Ether 8:19
hath	Ether 8:20
hath	Ether 8:25
hath	Ether 8:25
hath	Ether 12:11
hath	Ether 12:11
hath	Ether 12:18
hath	Ether 12:22
hath	Ether 12:39
hath	Ether 13:15
hath	Moroni 4:3
hath	Moroni 7:6
hath	Moroni 7:27
hath	Moroni 7:27
hath	Moroni 7:27
hath	Moroni 7:27
hath	Moroni 7:28
hath	Moroni 7:28
hath	Moroni 7:29
hath	Moroni 7:29
hath	Moroni 7:29
hath	Moroni 7:31
hath	Moroni 7:32
hath	Moroni 7:33
hath	Moroni 7:34
hath	Moroni 7:35
hath	Moroni 7:36
hath	Moroni 7:36
hath	Moroni 7:48
hath	Moroni 8:2
hath	Moroni 8:2
hath	Moroni 8:8
hath	Moroni 8:14
hath	Moroni 8:15
hath	Moroni 8:21
hath	Moroni 8:27
hath	Moroni 8:28
hath	Moroni 9:4
hath	Moroni 10:3
hath	Moroni 10:31
havgn	Alma 17:18
havoc	Helaman 11:27
headplates	Helaman 1:14
heads	1 Nephi 22:13
heads	1 Nephi 22:13
heads	2 Nephi 4:6
heads	2 Nephi 8:11
heads	2 Nephi 9:3
heads	2 Nephi 10:20
heads	2 Nephi 28:14
heads	2 Nephi 29:5
heads	Jacob 1:4
heads	Jacob 1:19
heads	Jacob 2:13
heads	Jacob 3:2
heads	Jacob 3:10
heads	Enos 1:10
heads	Enos 1:20
heads	Mosiah 7:18
heads	Mosiah 7:19
heads	Mosiah 10:8
heads	Mosiah 24:13
heads	Mosiah 29:30
heads	Mosiah 29:31
heads	Alma 1:4
heads	Alma 3:4
heads	Alma 3:5
heads	Alma 10:18
heads	Alma 11:44
heads	Alma 30:18
heads	Alma 30:23
heads	Alma 43:19
heads	Alma 44:18
heads	Alma 60:10
heads	3 Nephi 4:7
heads	3 Nephi 10:18
heads	3 Nephi 20:28
heads	3 Nephi 27:32
heads	Mormon 8:40
heads	Ether 8:14
healeth	Jacob 2:8
healings	3 Nephi 25:2
healings	3 Nephi 29:6
heapeth	Alma 5:30
heaps	Alma 28:11
heaps	Alma 50:1
heaps	Ether 10:23
heaps	Ether 11:6
heardest	1 Nephi 20:7
heardest	1 Nephi 20:8
hearers	Alma 1:26
hearest	Helaman 8:2
hearest	3 Nephi 19:22
heareth	3 Nephi 14:24
heareth	3 Nephi 14:26
hearkened	1 Nephi 3:28
hearkened	1 Nephi 7:9
hearkened	1 Nephi 17:23
hearkened	1 Nephi 20:18
hearkened	Jacob 7:23
hearkened	Mosiah 15:11
hearkened	Mosiah 22:3
hearkened	Mosiah 22:9
hearkened	Helaman 13:21
hearkened	3 Nephi 24:16
hearkened	Ether 11:7
hearkeneth	2 Nephi 28:26
hearkeneth	Alma 5:41
hearkeneth	Alma 5:41
hearthom	Ether 1:16
hearthom	Ether 1:17
hearthom	Ether 10:29
hearthom	Ether 10:30
hearthom	Ether 10:30
hearts	1 Nephi 2:18
hearts	1 Nephi 7:8
hearts	1 Nephi 7:8
hearts	1 Nephi 7:19
hearts	1 Nephi 11:22
hearts	1 Nephi 12:17
hearts	1 Nephi 13:27
hearts	1 Nephi 14:2
hearts	1 Nephi 14:2
hearts	1 Nephi 14:6
hearts	1 Nephi 14:7
hearts	1 Nephi 15:3
hearts	1 Nephi 15:4
hearts	1 Nephi 15:10
hearts	1 Nephi 15:11
hearts	1 Nephi 16:22
hearts	1 Nephi 16:38
hearts	1 Nephi 17:19
hearts	1 Nephi 17:19
hearts	1 Nephi 17:30
hearts	1 Nephi 17:41
hearts	1 Nephi 17:42
hearts	1 Nephi 17:44
hearts	1 Nephi 17:46
hearts	1 Nephi 18:19
hearts	1 Nephi 18:20
hearts	1 Nephi 19:13
hearts	1 Nephi 19:14
hearts	1 Nephi 19:15
hearts	1 Nephi 22:5
hearts	1 Nephi 22:15
hearts	1 Nephi 22:18
hearts	1 Nephi 22:26
hearts	2 Nephi 1:17
hearts	2 Nephi 5:21
hearts	2 Nephi 6:10
hearts	2 Nephi 9:30
hearts	2 Nephi 9:52
hearts	2 Nephi 10:18
hearts	2 Nephi 10:23
hearts	2 Nephi 11:8
hearts	2 Nephi 25:10
hearts	2 Nephi 25:12
hearts	2 Nephi 25:16
hearts	2 Nephi 25:27
hearts	2 Nephi 27:25
hearts	2 Nephi 28:9
hearts	2 Nephi 28:15
hearts	2 Nephi 28:20
hearts	2 Nephi 30:18
hearts	2 Nephi 32:1
hearts	2 Nephi 32:1
hearts	2 Nephi 32:8
hearts	2 Nephi 33:1
hearts	2 Nephi 33:2
hearts	Jacob 1:15
hearts	Jacob 2:6
hearts	Jacob 2:13
hearts	Jacob 2:16
hearts	Jacob 2:20
hearts	Jacob 2:35
hearts	Jacob 2:35
hearts	Jacob 2:35
hearts	Jacob 3:10
hearts	Jacob 4:3
hearts	Jacob 6:4
hearts	Jacob 6:5
hearts	Jacob 6:6
hearts	Jacob 7:3
hearts	Jacob 7:3
hearts	Jarom 1:3
hearts	Jarom 1:12
hearts	Mosiah 2:9
hearts	Mosiah 3:6
hearts	Mosiah 3:15
hearts	Mosiah 4:2
hearts	Mosiah 4:20
hearts	Mosiah 4:24
hearts	Mosiah 4:25
hearts	Mosiah 5:2
hearts	Mosiah 5:7
hearts	Mosiah 5:11
hearts	Mosiah 5:12
hearts	Mosiah 10:14
hearts	Mosiah 11:5
hearts	Mosiah 11:19
hearts	Mosiah 11:29
hearts	Mosiah 12:1
hearts	Mosiah 12:27
hearts	Mosiah 12:29
hearts	Mosiah 13:7
hearts	Mosiah 13:11
hearts	Mosiah 13:32
hearts	Mosiah 18:10
hearts	Mosiah 18:11
hearts	Mosiah 18:21
hearts	Mosiah 19:19
hearts	Mosiah 21:15
hearts	Mosiah 21:35
hearts	Mosiah 23:28
hearts	Mosiah 23:29
hearts	Mosiah 24:12
hearts	Mosiah 24:12
hearts	Mosiah 26:3
hearts	Mosiah 27:9
hearts	Alma 1:24
hearts	Alma 1:30
hearts	Alma 2:8
hearts	Alma 4:8
hearts	Alma 5:7
hearts	Alma 5:13
hearts	Alma 5:14
hearts	Alma 5:53
hearts	Alma 5:53
hearts	Alma 6:3
hearts	Alma 7:6
hearts	Alma 7:6
hearts	Alma 8:9
hearts	Alma 8:11
hearts	Alma 9:30
hearts	Alma 10:25
hearts	Alma 10:30
hearts	Alma 12:13
hearts	Alma 12:13
hearts	Alma 12:33
hearts	Alma 12:36
hearts	Alma 12:37
hearts	Alma 13:4
hearts	Alma 13:5
hearts	Alma 13:24
hearts	Alma 13:29
hearts	Alma 14:11
hearts	Alma 15:17
hearts	Alma 16:16
hearts	Alma 17:12
hearts	Alma 17:14
hearts	Alma 17:29
hearts	Alma 19:33
hearts	Alma 21:3
hearts	Alma 21:12
hearts	Alma 22:22
hearts	Alma 23:14
hearts	Alma 23:14
hearts	Alma 24:8
hearts	Alma 24:10
hearts	Alma 24:11
hearts	Alma 24:24
hearts	Alma 26:24
hearts	Alma 26:27
hearts	Alma 27:12
hearts	Alma 27:15
hearts	Alma 28:13
hearts	Alma 30:18
hearts	Alma 30:35
hearts	Alma 30:45
hearts	Alma 30:55
hearts	Alma 31:1
hearts	Alma 31:17
hearts	Alma 31:22
hearts	Alma 31:24
hearts	Alma 31:25
hearts	Alma 31:27
hearts	Alma 31:28
hearts	Alma 33:1
hearts	Alma 33:20
hearts	Alma 33:21
hearts	Alma 33:23
hearts	Alma 34:4
hearts	Alma 34:27
hearts	Alma 34:31
hearts	Alma 34:31
hearts	Alma 34:36
hearts	Alma 35:15
hearts	Alma 37:10
hearts	Alma 39:4
hearts	Alma 39:12
hearts	Alma 39:13
hearts	Alma 41:3
hearts	Alma 43:48
hearts	Alma 45:24
hearts	Alma 46:10
hearts	Alma 47:30
hearts	Alma 48:1
hearts	Alma 48:2
hearts	Alma 48:3
hearts	Alma 48:17
hearts	Alma 50:29
hearts	Alma 51:9
hearts	Alma 51:13
hearts	Alma 61:4
hearts	Helaman 3:27
hearts	Helaman 3:33
hearts	Helaman 3:35
hearts	Helaman 3:35
hearts	Helaman 3:36
hearts	Helaman 4:12
hearts	Helaman 5:24
hearts	Helaman 5:45
hearts	Helaman 6:17
hearts	Helaman 6:21
hearts	Helaman 6:28
hearts	Helaman 6:30
hearts	Helaman 6:31
hearts	Helaman 6:35
hearts	Helaman 7:15
hearts	Helaman 7:18
hearts	Helaman 7:21
hearts	Helaman 7:26
hearts	Helaman 9:41
hearts	Helaman 10:13
hearts	Helaman 10:15
hearts	Helaman 12:1
hearts	Helaman 12:2
hearts	Helaman 12:2
hearts	Helaman 12:4
hearts	Helaman 13:8
hearts	Helaman 13:8
hearts	Helaman 13:12
hearts	Helaman 13:20
hearts	Helaman 13:20
hearts	Helaman 13:21
hearts	Helaman 13:27
hearts	Helaman 16:15
hearts	Helaman 16:22
hearts	Helaman 16:22
hearts	Helaman 16:23
hearts	3 Nephi 1:22
hearts	3 Nephi 2:1
hearts	3 Nephi 2:2
hearts	3 Nephi 2:2
hearts	3 Nephi 2:2
hearts	3 Nephi 2:3
hearts	3 Nephi 4:33
hearts	3 Nephi 5:5
hearts	3 Nephi 6:16
hearts	3 Nephi 7:14
hearts	3 Nephi 7:16
hearts	3 Nephi 11:3
hearts	3 Nephi 11:29
hearts	3 Nephi 11:30
hearts	3 Nephi 16:10
hearts	3 Nephi 17:17
hearts	3 Nephi 19:33
hearts	3 Nephi 19:33
hearts	3 Nephi 20:1
hearts	3 Nephi 20:28
hearts	3 Nephi 21:6
hearts	3 Nephi 21:22
hearts	3 Nephi 28:5
hearts	3 Nephi 29:3
hearts	4 Nephi 1:15
hearts	4 Nephi 1:28
hearts	4 Nephi 1:31
hearts	4 Nephi 1:34
hearts	4 Nephi 1:43
hearts	Mormon 1:17
hearts	Mormon 1:17
hearts	Mormon 2:14
hearts	Mormon 3:3
hearts	Mormon 3:12
hearts	Mormon 4:5
hearts	Mormon 8:28
hearts	Mormon 8:28
hearts	Mormon 8:36
hearts	Mormon 8:36
hearts	Mormon 8:36
hearts	Ether 8:25
hearts	Ether 8:26
hearts	Ether 9:6
hearts	Ether 9:10
hearts	Ether 11:13
hearts	Ether 15:19
hearts	Ether 15:19
hearts	Moroni 7:32
hearts	Moroni 9:4
hearts	Moroni 9:10
hearts	Moroni 9:23
hearts	Moroni 10:3
heavens	1 Nephi 1:8
heavens	1 Nephi 1:14
heavens	1 Nephi 11:14
heavens	1 Nephi 11:27
heavens	1 Nephi 11:30
heavens	1 Nephi 12:6
heavens	1 Nephi 17:39
heavens	1 Nephi 20:13
heavens	1 Nephi 21:13
heavens	2 Nephi 2:14
heavens	2 Nephi 7:3
heavens	2 Nephi 8:6
heavens	2 Nephi 8:6
heavens	2 Nephi 8:13
heavens	2 Nephi 8:16
heavens	2 Nephi 15:30
heavens	2 Nephi 23:13
heavens	2 Nephi 29:7
heavens	Enos 1:4
heavens	Alma 1:15
heavens	Alma 18:29
heavens	Alma 18:30
heavens	Helaman 5:48
heavens	3 Nephi 9:15
heavens	3 Nephi 17:24
heavens	3 Nephi 26:3
heavens	3 Nephi 28:13
heavens	3 Nephi 28:36
heavens	3 Nephi 28:40
heavens	Mormon 3:9
heavens	Mormon 3:10
heavens	Mormon 9:11
heavens	Ether 3:2
heavens	Ether 4:7
heavens	Ether 4:9
heavens	Ether 8:14
heavens	Moroni 7:28
heavens	Moroni 9:26
heen	Alma 26:9
hehold	Alma 43:8
heights	2 Nephi 17:11
heights	2 Nephi 24:14
heirs	Mosiah 15:11
heirs	4 Nephi 1:17
helam	Mosiah 18:12
helam	Mosiah 18:13
helam	Mosiah 18:14
helam	Mosiah 23:19
helam	Mosiah 23:20
helam	Mosiah 23:20
helam	Mosiah 23:25
helam	Mosiah 23:25
helam	Mosiah 23:26
helam	Mosiah 23:29
helam	Mosiah 23:35
helam	Mosiah 23:37
helam	Mosiah 23:38
helam	Mosiah 23:39
helam	Mosiah 27:16
helam	Alma 24:1
helaman	Mosiah 1:2
helaman	Alma 31:7
helaman	Alma 36:3
helaman	Alma 37:1
helaman	Alma 37:13
helaman	Alma 37:20
helaman	Alma 38:1
helaman	Alma 45:2
helaman	Alma 45:3
helaman	Alma 45:15
helaman	Alma 45:20
helaman	Alma 45:22
helaman	Alma 45:23
helaman	Alma 45:23
helaman	Alma 46:1
helaman	Alma 46:6
helaman	Alma 46:38
helaman	Alma 48:19
helaman	Alma 49:30
helaman	Alma 50:38
helaman	Alma 53:14
helaman	Alma 53:15
helaman	Alma 53:19
helaman	Alma 53:22
helaman	Alma 56:1
helaman	Alma 56:9
helaman	Alma 56:52
helaman	Alma 56:52
helaman	Alma 57:36
helaman	Alma 58:41
helaman	Alma 59:1
helaman	Alma 59:1
helaman	Alma 59:3
helaman	Alma 59:3
helaman	Alma 60:3
helaman	Alma 60:24
helaman	Alma 60:34
helaman	Alma 62:12
helaman	Alma 62:42
helaman	Alma 62:44
helaman	Alma 62:45
helaman	Alma 62:52
helaman	Alma 63:1
helaman	Alma 63:11
helaman	Alma 63:11
helaman	Alma 63:12
helaman	Alma 63:13
helaman	Alma 63:17
helaman	Helaman 2:2
helaman	Helaman 2:2
helaman	Helaman 2:3
helaman	Helaman 2:5
helaman	Helaman 2:6
helaman	Helaman 2:6
helaman	Helaman 2:6
helaman	Helaman 2:7
helaman	Helaman 2:8
helaman	Helaman 2:8
helaman	Helaman 2:9
helaman	Helaman 2:9
helaman	Helaman 2:10
helaman	Helaman 2:11
helaman	Helaman 2:14
helaman	Helaman 3:20
helaman	Helaman 3:37
helaman	Helaman 4:14
helaman	Helaman 5:5
helaman	Helaman 5:13
helaman	Helaman 6:26
helaman	Helaman 7:1
helaman	Helaman 16:25
helaman	Helaman 16:25
helaman	3 Nephi 1:2
helem	Mosiah 7:6
helorum	Mosiah 1:2
helped	1 Nephi 21:8
hemmed	Alma 22:33
herds	2 Nephi 5:11
herds	Enos 1:21
herds	Mosiah 7:22
herds	Mosiah 21:16
herds	Mosiah 22:2
herds	Mosiah 22:6
herds	Mosiah 22:8
herds	Mosiah 22:11
herds	Alma 1:29
herds	Alma 3:2
herds	Alma 4:2
herds	Alma 4:6
herds	Alma 7:27
herds	Alma 27:14
herds	Alma 62:29
herds	Helaman 6:12
herds	Helaman 12:2
herds	3 Nephi 3:13
herds	3 Nephi 3:22
herds	3 Nephi 4:3
herds	3 Nephi 6:1
herds	Ether 6:4
herds	Ether 10:12
heritages	1 Nephi 21:8
hermounts	Alma 2:37
heshlon	Ether 13:28
heth	Ether 1:16
heth	Ether 1:25
heth	Ether 1:26
heth	Ether 8:2
heth	Ether 9:25
heth	Ether 9:26
heth	Ether 9:29
heth	Ether 10:1
heth	Ether 10:1
heth	Ether 10:31
heth	Ether 10:31
heth	Ether 10:31
heweth	2 Nephi 20:15
hia	Alma 22:27
hideth	2 Nephi 18:17
hideth	Helaman 12:18
hideth	Helaman 13:19
hideth	Helaman 13:19
hideth	Helaman 13:19
hideth	Mormon 8:14
higher	Mosiah 29:28
higher	Mosiah 29:29
higher	Mosiah 29:29
higher	Alma 2:13
highways	1 Nephi 21:11
highways	Helaman 14:24
highways	3 Nephi 6:8
highways	3 Nephi 8:13
hills	2 Nephi 12:2
hills	2 Nephi 12:14
hills	2 Nephi 15:25
hills	2 Nephi 17:25
hills	Alma 26:29
hills	Helaman 12:9
hills	3 Nephi 4:1
hills	3 Nephi 9:8
hills	3 Nephi 22:10
hilts	Mosiah 8:11
himni	Mosiah 27:34
himni	Alma 22:35
himni	Alma 23:1
himni	Alma 25:17
himni	Alma 27:19
himni	Alma 31:6
hindereth	2 Nephi 24:6
hinderment	Mosiah 27:9
hinted	Alma 54:22
holds	Alma 50:6
holds	Alma 50:11
holds	Alma 51:27
holds	Alma 52:19
holds	Alma 52:21
holds	Alma 53:6
holds	Alma 56:21
holds	Alma 58:1
holds	Alma 58:2
holds	Alma 58:6
holds	Alma 58:23
holds	Helaman 1:27
holds	3 Nephi 1:27
holds	3 Nephi 4:1
holds	3 Nephi 21:15
holds	Mormon 5:4
holes	2 Nephi 12:19
holes	2 Nephi 17:19
homes	Alma 31:23
homes	Alma 43:45
homes	Alma 58:31
homes	3 Nephi 17:3
homes	Mormon 2:23
hoods	2 Nephi 13:23
hoofs	2 Nephi 15:28
hoofs	3 Nephi 20:19
hooks	2 Nephi 12:4
hoops	3 Nephi 20:19
hopes	1 Nephi 16:5
hopes	Alma 7:3
hopes	Alma 22:14
hopes	Alma 52:21
hopes	Alma 56:17
hopes	Alma 57:12
hopes	Mormon 5:2
hopeth	Moroni 7:45
horeb	3 Nephi 25:4
horses	2 Nephi 12:7
horses	2 Nephi 15:28
horses	Enos 1:21
horses	Alma 18:9
horses	Alma 18:9
horses	Alma 18:10
horses	Alma 18:12
horses	Alma 20:6
horses	3 Nephi 3:22
horses	3 Nephi 4:4
horses	3 Nephi 6:1
horses	3 Nephi 21:14
horses	Ether 9:19
hosts	1 Nephi 20:2
hosts	1 Nephi 20:2
hosts	2 Nephi 8:15
hosts	2 Nephi 12:12
hosts	2 Nephi 13:1
hosts	2 Nephi 13:15
hosts	2 Nephi 15:7
hosts	2 Nephi 15:9
hosts	2 Nephi 15:16
hosts	2 Nephi 15:24
hosts	2 Nephi 16:3
hosts	2 Nephi 16:5
hosts	2 Nephi 18:13
hosts	2 Nephi 18:18
hosts	2 Nephi 19:7
hosts	2 Nephi 19:13
hosts	2 Nephi 19:19
hosts	2 Nephi 20:16
hosts	2 Nephi 20:23
hosts	2 Nephi 20:24
hosts	2 Nephi 20:26
hosts	2 Nephi 20:33
hosts	2 Nephi 23:4
hosts	2 Nephi 23:4
hosts	2 Nephi 23:13
hosts	2 Nephi 24:22
hosts	2 Nephi 24:23
hosts	2 Nephi 24:24
hosts	2 Nephi 24:27
hosts	2 Nephi 26:4
hosts	2 Nephi 26:5
hosts	2 Nephi 26:6
hosts	2 Nephi 27:2
hosts	2 Nephi 27:27
hosts	2 Nephi 27:28
hosts	2 Nephi 28:17
hosts	2 Nephi 28:32
hosts	2 Nephi 28:32
hosts	Jacob 2:28
hosts	Jacob 2:29
hosts	Jacob 2:30
hosts	Jacob 2:32
hosts	Jacob 2:32
hosts	Jacob 2:33
hosts	Mosiah 8:8
hosts	Mosiah 10:8
hosts	Mosiah 20:20
hosts	Alma 3:2
hosts	Alma 51:27
hosts	Alma 58:15
hosts	Helaman 13:17
hosts	Helaman 13:18
hosts	Helaman 13:32
hosts	3 Nephi 22:5
hosts	3 Nephi 24:1
hosts	3 Nephi 24:5
hosts	3 Nephi 24:7
hosts	3 Nephi 24:10
hosts	3 Nephi 24:11
hosts	3 Nephi 24:12
hosts	3 Nephi 24:14
hosts	3 Nephi 24:17
hosts	3 Nephi 25:1
hosts	3 Nephi 25:3
hours	1 Nephi 8:8
hours	Helaman 12:14
hours	Helaman 14:21
hours	Helaman 14:26
hours	3 Nephi 8:19
hours	3 Nephi 8:19
hours	3 Nephi 10:1
hours	3 Nephi 10:2
hours	Ether 2:14
hours	Ether 15:27
houses	2 Nephi 13:14
houses	2 Nephi 15:9
houses	2 Nephi 16:11
houses	2 Nephi 18:14
houses	2 Nephi 23:16
houses	2 Nephi 23:21
houses	2 Nephi 23:22
houses	2 Nephi 26:26
houses	Mosiah 6:3
houses	Alma 3:1
houses	Alma 7:27
houses	Alma 23:2
houses	Alma 26:29
houses	Alma 32:1
houses	Alma 34:21
houses	Alma 43:9
houses	Alma 44:23
houses	Helaman 3:7
houses	Helaman 3:9
houses	Helaman 3:9
houses	Helaman 15:1
houses	Mormon 2:23
howlings	3 Nephi 8:25
howlings	Ether 15:16
howlings	Ether 15:17
humbleth	2 Nephi 12:9
humbleth	2 Nephi 31:7
humbleth	Alma 32:15
humbleth	Alma 32:16
hungered	Enos 1:4
hungered	Alma 8:19
hungered	Alma 8:26
hungered	Alma 10:7
husbands	Jacob 2:31
husbands	Jacob 3:7
husbands	Jacob 3:7
husbands	Jacob 3:7
husbands	Mosiah 23:33
husbands	Alma 28:5
husbands	Mormon 6:19
husbands	Mormon 8:40
husbands	Moroni 9:8
husbands	Moroni 9:8
hushed	Mosiah 23:28
hy	Ether 9:3
hypocrites	Alma 10:17
hypocrites	Alma 34:28
hypocrites	3 Nephi 13:2
hypocrites	3 Nephi 13:5
hypocrites	3 Nephi 13:16
hypocrites	Mormon 8:38
idolatries	3 Nephi 30:2
idolatries	Ether 7:26
idols	2 Nephi 9:37
idols	2 Nephi 12:8
idols	2 Nephi 12:18
idols	2 Nephi 12:20
idols	2 Nephi 12:20
idols	2 Nephi 20:10
idols	2 Nephi 20:11
idols	2 Nephi 20:11
idols	Alma 7:6
idols	Alma 17:15
idols	Alma 31:1
idols	Helaman 6:31
idols	Mormon 4:21
images	2 Nephi 20:10
images	3 Nephi 21:17
images	3 Nephi 21:17
imaginations	1 Nephi 2:11
imaginations	1 Nephi 12:18
imaginations	1 Nephi 17:20
immanuel	2 Nephi 17:14
immanuel	2 Nephi 18:8
immoveable	Alma 1:25
immoveable	3 Nephi 6:14
imparteth	Alma 32:23
imperfections	Mormon 8:12
imperfections	Mormon 9:31
inasmuch	1 Nephi 2:20
inasmuch	1 Nephi 2:21
inasmuch	1 Nephi 2:22
inasmuch	1 Nephi 4:14
inasmuch	1 Nephi 17:13
inasmuch	2 Nephi 1:9
inasmuch	2 Nephi 1:20
inasmuch	2 Nephi 1:20
inasmuch	2 Nephi 2:9
inasmuch	2 Nephi 4:4
inasmuch	2 Nephi 4:4
inasmuch	2 Nephi 5:20
inasmuch	2 Nephi 5:25
inasmuch	2 Nephi 25:30
inasmuch	Jarom 1:9
inasmuch	Omni 1:6
inasmuch	Alma 1:32
inasmuch	Alma 9:13
inasmuch	Alma 9:13
inasmuch	Alma 9:14
inasmuch	Alma 36:1
inasmuch	Alma 36:30
inasmuch	Alma 36:30
inasmuch	Alma 38:1
inasmuch	Alma 38:1
inasmuch	Alma 43:46
inasmuch	Alma 50:20
inasmuch	Alma 50:20
inasmuch	Helaman 4:15
inasmuch	Helaman 11:25
inasmuch	Ether 11:8
infirmities	Mosiah 2:11
infirmities	Alma 7:12
infirmities	Alma 7:12
infirmities	Alma 31:30
infirmities	3 Nephi 7:22
inflicteth	Alma 42:22
information	Alma 47:36
inhabitants	1 Nephi 1:13
inhabitants	1 Nephi 1:14
inhabitants	1 Nephi 21:19
inhabitants	2 Nephi 2:8
inhabitants	2 Nephi 15:3
inhabitants	2 Nephi 18:14
inhabitants	2 Nephi 19:9
inhabitants	2 Nephi 20:13
inhabitants	2 Nephi 20:31
inhabitants	2 Nephi 28:16
inhabitants	2 Nephi 28:17
inhabitants	Alma 50:9
inhabitants	Helaman 1:19
inhabitants	Helaman 3:5
inhabitants	3 Nephi 8:9
inhabitants	3 Nephi 8:14
inhabitants	3 Nephi 8:20
inhabitants	3 Nephi 9:1
inhabitants	3 Nephi 9:2
inhabitants	3 Nephi 9:3
inhabitants	3 Nephi 9:4
inhabitants	3 Nephi 9:5
inhabitants	3 Nephi 9:6
inhabitants	3 Nephi 9:7
inhabitants	3 Nephi 9:7
inhabitants	3 Nephi 9:7
inhabitants	3 Nephi 9:8
inhabitants	3 Nephi 9:10
inhabitants	Mormon 1:18
inhabitants	Mormon 4:3
inhabitants	Mormon 4:14
inhabitants	Mormon 4:22
inhabitants	Mormon 5:4
inhabitants	Mormon 5:5
inhabitants	Ether 1:1
inhabitants	Ether 2:11
inhabitants	Ether 3:25
inhabitants	Ether 4:9
inhabitants	Ether 9:30
inhabitants	Ether 10:21
inhabitants	Ether 13:11
inhabitants	Ether 14:27
iniquities	1 Nephi 3:29
iniquities	1 Nephi 18:15
iniquities	2 Nephi 1:26
iniquities	2 Nephi 4:17
iniquities	2 Nephi 5:22
iniquities	2 Nephi 7:1
iniquities	2 Nephi 9:33
iniquities	2 Nephi 9:44
iniquities	2 Nephi 10:5
iniquities	2 Nephi 10:6
iniquities	2 Nephi 24:21
iniquities	2 Nephi 25:9
iniquities	2 Nephi 25:12
iniquities	2 Nephi 26:33
iniquities	2 Nephi 27:5
iniquities	Jacob 2:35
iniquities	Mosiah 7:20
iniquities	Mosiah 10:12
iniquities	Mosiah 11:22
iniquities	Mosiah 12:1
iniquities	Mosiah 12:2
iniquities	Mosiah 12:7
iniquities	Mosiah 12:12
iniquities	Mosiah 12:31
iniquities	Mosiah 13:7
iniquities	Mosiah 13:13
iniquities	Mosiah 13:28
iniquities	Mosiah 14:5
iniquities	Mosiah 14:6
iniquities	Mosiah 14:11
iniquities	Mosiah 16:12
iniquities	Mosiah 17:16
iniquities	Mosiah 18:1
iniquities	Mosiah 19:17
iniquities	Mosiah 20:21
iniquities	Mosiah 21:15
iniquities	Mosiah 21:30
iniquities	Mosiah 26:11
iniquities	Mosiah 26:11
iniquities	Mosiah 27:8
iniquities	Mosiah 28:4
iniquities	Mosiah 28:15
iniquities	Mosiah 29:18
iniquities	Mosiah 29:30
iniquities	Mosiah 29:31
iniquities	Mosiah 29:31
iniquities	Mosiah 29:36
iniquities	Mosiah 29:36
iniquities	Alma 8:25
iniquities	Alma 8:28
iniquities	Alma 9:19
iniquities	Alma 10:20
iniquities	Alma 15:5
iniquities	Alma 19:14
iniquities	Alma 19:27
iniquities	Alma 31:33
iniquities	Alma 36:13
iniquities	Alma 36:14
iniquities	Alma 37:10
iniquities	Alma 37:30
iniquities	Alma 39:12
iniquities	Alma 45:12
iniquities	Alma 60:31
iniquities	Alma 60:33
iniquities	Helaman 4:14
iniquities	Helaman 6:32
iniquities	Helaman 6:33
iniquities	Helaman 7:13
iniquities	Helaman 7:14
iniquities	Helaman 8:8
iniquities	Helaman 8:8
iniquities	Helaman 10:3
iniquities	Helaman 12:20
iniquities	Helaman 12:21
iniquities	Helaman 13:22
iniquities	Helaman 13:23
iniquities	Helaman 13:26
iniquities	Helaman 13:37
iniquities	Helaman 14:11
iniquities	Helaman 15:3
iniquities	3 Nephi 3:15
iniquities	3 Nephi 6:20
iniquities	3 Nephi 9:5
iniquities	3 Nephi 20:26
iniquities	3 Nephi 20:28
iniquities	Mormon 5:2
iniquities	Mormon 7:5
iniquities	Mormon 8:36
iniquities	Ether 2:11
iniquities	Ether 7:26
iniquities	Ether 9:34
iniquities	Ether 11:12
injuries	Mosiah 27:35
inquired	1 Nephi 15:8
inquired	Jacob 2:11
inquired	Mosiah 8:6
inquired	Mosiah 26:13
inquired	Mosiah 26:19
inquired	Mosiah 28:6
inquired	Alma 16:6
inquired	Alma 17:22
inquired	Alma 18:8
inquired	Alma 27:11
inquired	Alma 40:3
inquired	Alma 40:9
inquired	Helaman 9:12
inquired	Helaman 9:13
inquired	3 Nephi 28:37
inquired	Moroni 8:7
insects	Mosiah 12:6
instances	2 Nephi 28:14
instances	Alma 31:11
instances	Alma 34:6
instances	Alma 37:6
instructions	Alma 49:8
instructions	Ether 2:16
instruments	Mosiah 27:36
instruments	Alma 26:3
instruments	Alma 26:15
instruments	Alma 35:14
insurrections	Alma 60:27
intentions	Alma 50:31
intents	Mosiah 5:13
intents	Alma 12:7
intents	Alma 18:32
interpreters	Mosiah 8:13
interpreters	Mosiah 8:19
interpreters	Mosiah 28:20
interpreters	Ether 4:5
intrigues	Alma 55:27
inviteth	2 Nephi 26:33
inviteth	Moroni 7:12
inviteth	Moroni 7:13
inviteth	Moroni 7:13
inviteth	Moroni 7:16
irreantum	1 Nephi 17:5
isaac	1 Nephi 6:4
isaac	1 Nephi 17:40
isaac	1 Nephi 19:10
isaac	Jacob 4:5
isaac	Mosiah 7:19
isaac	Mosiah 23:23
isaac	Alma 5:24
isaac	Alma 7:25
isaac	Alma 29:11
isaac	Alma 36:2
isaac	Helaman 3:30
isaac	3 Nephi 4:30
isaac	Mormon 9:11
isaiah	1 Nephi 15:20
isaiah	1 Nephi 19:23
isaiah	2 Nephi 6:4
isaiah	2 Nephi 6:5
isaiah	2 Nephi 6:5
isaiah	2 Nephi 11:2
isaiah	2 Nephi 11:8
isaiah	2 Nephi 12:1
isaiah	2 Nephi 17:3
isaiah	2 Nephi 23:1
isaiah	2 Nephi 25:1
isaiah	2 Nephi 25:1
isaiah	2 Nephi 25:4
isaiah	2 Nephi 25:5
isaiah	2 Nephi 25:6
isaiah	2 Nephi 25:7
isaiah	Mosiah 14:1
isaiah	Mosiah 15:6
isaiah	Helaman 8:20
isaiah	3 Nephi 16:17
isaiah	3 Nephi 19:4
isaiah	3 Nephi 20:11
isaiah	3 Nephi 23:1
isaiah	Mormon 8:23
ishmael	1 Nephi 7:2
ishmael	1 Nephi 7:4
ishmael	1 Nephi 7:4
ishmael	1 Nephi 7:5
ishmael	1 Nephi 7:6
ishmael	1 Nephi 7:6
ishmael	1 Nephi 7:6
ishmael	1 Nephi 7:19
ishmael	1 Nephi 7:19
ishmael	1 Nephi 7:22
ishmael	1 Nephi 16:7
ishmael	1 Nephi 16:7
ishmael	1 Nephi 16:7
ishmael	1 Nephi 16:20
ishmael	1 Nephi 16:27
ishmael	1 Nephi 16:34
ishmael	1 Nephi 16:35
ishmael	1 Nephi 16:37
ishmael	1 Nephi 18:9
ishmael	1 Nephi 18:17
ishmael	2 Nephi 1:28
ishmael	2 Nephi 4:10
ishmael	2 Nephi 4:13
ishmael	Alma 3:7
ishmael	Alma 10:2
ishmael	Alma 17:19
ishmael	Alma 17:19
ishmael	Alma 17:20
ishmael	Alma 17:21
ishmael	Alma 17:21
ishmael	Alma 18:38
ishmael	Alma 20:14
ishmael	Alma 20:15
ishmael	Alma 21:18
ishmael	Alma 21:20
ishmael	Alma 21:21
ishmael	Alma 22:1
ishmael	Alma 22:4
ishmael	Alma 23:9
ishmael	Alma 24:5
ishmael	Alma 25:13
ishmael	Alma 43:13
ishmaelites	Jacob 1:13
ishmaelites	Alma 47:35
ishmaelites	4 Nephi 1:38
ishmaelites	Mormon 1:8
ishmaelites	Mormon 1:9
ishmaelitish	Alma 3:7
islands	2 Nephi 21:11
islands	2 Nephi 23:22
islands	2 Nephi 29:11
isles	1 Nephi 19:10
isles	1 Nephi 19:12
isles	1 Nephi 19:16
isles	1 Nephi 21:1
isles	1 Nephi 21:8
isles	1 Nephi 22:4
isles	2 Nephi 8:5
isles	2 Nephi 10:8
isles	2 Nephi 10:21
isles	2 Nephi 10:21
isles	2 Nephi 29:7
israel	1 Nephi 5:9
israel	1 Nephi 5:10
israel	1 Nephi 10:12
israel	1 Nephi 10:14
israel	1 Nephi 10:14
israel	1 Nephi 11:35
israel	1 Nephi 12:9
israel	1 Nephi 12:9
israel	1 Nephi 13:23
israel	1 Nephi 13:23
israel	1 Nephi 13:33
israel	1 Nephi 13:34
israel	1 Nephi 14:2
israel	1 Nephi 14:2
israel	1 Nephi 14:5
israel	1 Nephi 14:8
israel	1 Nephi 14:17
israel	1 Nephi 14:26
israel	1 Nephi 15:12
israel	1 Nephi 15:12
israel	1 Nephi 15:12
israel	1 Nephi 15:14
israel	1 Nephi 15:16
israel	1 Nephi 15:17
israel	1 Nephi 15:18
israel	1 Nephi 15:20
israel	1 Nephi 17:23
israel	1 Nephi 17:25
israel	1 Nephi 17:29
israel	1 Nephi 19:7
israel	1 Nephi 19:10
israel	1 Nephi 19:11
israel	1 Nephi 19:13
israel	1 Nephi 19:13
israel	1 Nephi 19:14
israel	1 Nephi 19:15
israel	1 Nephi 19:16
israel	1 Nephi 19:19
israel	1 Nephi 19:24
israel	1 Nephi 19:24
israel	1 Nephi 20:1
israel	1 Nephi 20:1
israel	1 Nephi 20:2
israel	1 Nephi 20:12
israel	1 Nephi 20:17
israel	1 Nephi 21:1
israel	1 Nephi 21:1
israel	1 Nephi 21:3
israel	1 Nephi 21:5
israel	1 Nephi 21:6
israel	1 Nephi 21:7
israel	1 Nephi 21:12
israel	1 Nephi 21:15
israel	1 Nephi 22:3
israel	1 Nephi 22:5
israel	1 Nephi 22:6
israel	1 Nephi 22:7
israel	1 Nephi 22:9
israel	1 Nephi 22:11
israel	1 Nephi 22:12
israel	1 Nephi 22:14
israel	1 Nephi 22:18
israel	1 Nephi 22:21
israel	1 Nephi 22:24
israel	1 Nephi 22:26
israel	1 Nephi 22:28
israel	2 Nephi 1:10
israel	2 Nephi 3:2
israel	2 Nephi 3:5
israel	2 Nephi 3:9
israel	2 Nephi 3:13
israel	2 Nephi 3:24
israel	2 Nephi 6:5
israel	2 Nephi 6:5
israel	2 Nephi 6:5
israel	2 Nephi 6:9
israel	2 Nephi 6:10
israel	2 Nephi 6:10
israel	2 Nephi 6:15
israel	2 Nephi 7:2
israel	2 Nephi 7:4
israel	2 Nephi 9:1
israel	2 Nephi 9:11
israel	2 Nephi 9:12
israel	2 Nephi 9:15
israel	2 Nephi 9:18
israel	2 Nephi 9:18
israel	2 Nephi 9:19
israel	2 Nephi 9:23
israel	2 Nephi 9:24
israel	2 Nephi 9:25
israel	2 Nephi 9:26
israel	2 Nephi 9:40
israel	2 Nephi 9:41
israel	2 Nephi 9:44
israel	2 Nephi 9:51
israel	2 Nephi 9:53
israel	2 Nephi 10:18
israel	2 Nephi 10:22
israel	2 Nephi 14:2
israel	2 Nephi 15:7
israel	2 Nephi 15:19
israel	2 Nephi 15:24
israel	2 Nephi 17:1
israel	2 Nephi 18:14
israel	2 Nephi 18:18
israel	2 Nephi 19:8
israel	2 Nephi 19:12
israel	2 Nephi 19:14
israel	2 Nephi 20:17
israel	2 Nephi 20:20
israel	2 Nephi 20:20
israel	2 Nephi 20:22
israel	2 Nephi 21:12
israel	2 Nephi 21:16
israel	2 Nephi 22:6
israel	2 Nephi 24:1
israel	2 Nephi 24:2
israel	2 Nephi 25:4
israel	2 Nephi 25:20
israel	2 Nephi 25:29
israel	2 Nephi 27:30
israel	2 Nephi 27:34
israel	2 Nephi 28:2
israel	2 Nephi 28:5
israel	2 Nephi 29:1
israel	2 Nephi 29:2
israel	2 Nephi 29:12
israel	2 Nephi 29:13
israel	2 Nephi 29:13
israel	2 Nephi 29:14
israel	2 Nephi 29:14
israel	2 Nephi 30:2
israel	2 Nephi 31:13
israel	2 Nephi 33:13
israel	Jacob 1:7
israel	Jacob 5:1
israel	Jacob 5:2
israel	Jacob 5:3
israel	Jacob 6:1
israel	Jacob 6:4
israel	Omni 1:25
israel	Omni 1:26
israel	Mosiah 7:19
israel	Mosiah 8:8
israel	Mosiah 13:29
israel	Alma 26:36
israel	3 Nephi 10:4
israel	3 Nephi 10:4
israel	3 Nephi 10:5
israel	3 Nephi 10:5
israel	3 Nephi 10:6
israel	3 Nephi 10:7
israel	3 Nephi 11:14
israel	3 Nephi 15:5
israel	3 Nephi 15:15
israel	3 Nephi 16:5
israel	3 Nephi 16:7
israel	3 Nephi 16:8
israel	3 Nephi 16:8
israel	3 Nephi 16:9
israel	3 Nephi 16:9
israel	3 Nephi 16:11
israel	3 Nephi 16:12
israel	3 Nephi 16:12
israel	3 Nephi 16:13
israel	3 Nephi 16:14
israel	3 Nephi 16:15
israel	3 Nephi 16:15
israel	3 Nephi 17:4
israel	3 Nephi 17:14
israel	3 Nephi 20:10
israel	3 Nephi 20:12
israel	3 Nephi 20:21
israel	3 Nephi 20:25
israel	3 Nephi 20:27
israel	3 Nephi 20:42
israel	3 Nephi 21:1
israel	3 Nephi 21:4
israel	3 Nephi 21:6
israel	3 Nephi 21:7
israel	3 Nephi 21:20
israel	3 Nephi 21:23
israel	3 Nephi 22:5
israel	3 Nephi 23:2
israel	3 Nephi 25:4
israel	3 Nephi 28:29
israel	3 Nephi 29:1
israel	3 Nephi 29:2
israel	3 Nephi 29:3
israel	3 Nephi 29:8
israel	3 Nephi 29:9
israel	3 Nephi 30:2
israel	Mormon 3:17
israel	Mormon 3:18
israel	Mormon 4:12
israel	Mormon 5:10
israel	Mormon 5:11
israel	Mormon 5:14
israel	Mormon 5:20
israel	Mormon 7:1
israel	Mormon 7:2
israel	Mormon 8:21
israel	Mormon 8:21
israel	Mormon 9:37
israel	Ether 4:14
israel	Ether 4:15
israel	Ether 13:5
israel	Ether 13:5
israel	Ether 13:10
israel	Moroni 10:31
israelites	Helaman 8:11
ites	4 Nephi 1:17
its	1 Nephi 14:12
its	1 Nephi 17:5
its	1 Nephi 17:6
its	2 Nephi 2:12
its	2 Nephi 9:7
its	2 Nephi 9:11
its	2 Nephi 9:12
its	2 Nephi 9:12
its	2 Nephi 9:12
its	2 Nephi 9:12
its	Jacob 5:31
its	Jacob 5:77
its	Mosiah 2:26
its	Mosiah 15:27
its	Mosiah 18:4
its	Alma 4:10
its	Alma 11:43
its	Alma 11:43
its	Alma 11:44
its	Alma 16:9
its	Alma 16:21
its	Alma 26:36
its	Alma 30:25
its	Alma 30:44
its	Alma 32:31
its	Alma 32:38
its	Alma 34:4
its	Alma 37:45
its	Alma 37:45
its	Alma 40:23
its	Alma 40:23
its	Alma 41:2
its	Alma 41:4
its	Alma 41:12
its	Alma 55:13
its	Helaman 14:4
its	3 Nephi 1:19
its	3 Nephi 12:13
its	Ether 3:1
jacob	1 Nephi 5:14
jacob	1 Nephi 5:14
jacob	1 Nephi 6:4
jacob	1 Nephi 17:40
jacob	1 Nephi 18:7
jacob	1 Nephi 18:19
jacob	1 Nephi 19:10
jacob	1 Nephi 20:1
jacob	1 Nephi 20:12
jacob	1 Nephi 20:20
jacob	1 Nephi 21:5
jacob	1 Nephi 21:6
jacob	1 Nephi 21:26
jacob	2 Nephi 2:1
jacob	2 Nephi 2:2
jacob	2 Nephi 5:6
jacob	2 Nephi 5:26
jacob	2 Nephi 6:1
jacob	2 Nephi 6:2
jacob	2 Nephi 6:8
jacob	2 Nephi 6:18
jacob	2 Nephi 10:1
jacob	2 Nephi 11:1
jacob	2 Nephi 11:3
jacob	2 Nephi 12:3
jacob	2 Nephi 12:5
jacob	2 Nephi 12:6
jacob	2 Nephi 18:17
jacob	2 Nephi 19:8
jacob	2 Nephi 20:20
jacob	2 Nephi 20:21
jacob	2 Nephi 24:1
jacob	2 Nephi 24:1
jacob	2 Nephi 27:33
jacob	2 Nephi 27:33
jacob	2 Nephi 27:34
jacob	2 Nephi 31:1
jacob	Jacob 1:1
jacob	Jacob 1:2
jacob	Jacob 1:8
jacob	Jacob 1:14
jacob	Jacob 1:17
jacob	Jacob 1:18
jacob	Jacob 2:1
jacob	Jacob 2:2
jacob	Jacob 2:11
jacob	Jacob 3:1
jacob	Jacob 3:12
jacob	Jacob 3:14
jacob	Jacob 4:1
jacob	Jacob 4:15
jacob	Jacob 7:3
jacob	Jacob 7:6
jacob	Jacob 7:15
jacob	Jacob 7:22
jacob	Jacob 7:26
jacob	Jacob 7:27
jacob	Words of Mormon 1:3
jacob	Mosiah 7:19
jacob	Mosiah 23:23
jacob	Alma 3:6
jacob	Alma 5:24
jacob	Alma 7:25
jacob	Alma 29:11
jacob	Alma 36:2
jacob	Alma 46:23
jacob	Alma 46:24
jacob	Alma 46:26
jacob	Alma 52:20
jacob	Alma 52:20
jacob	Alma 52:22
jacob	Alma 52:33
jacob	Alma 52:34
jacob	Alma 52:35
jacob	Helaman 3:30
jacob	3 Nephi 4:30
jacob	3 Nephi 5:21
jacob	3 Nephi 5:24
jacob	3 Nephi 5:25
jacob	3 Nephi 5:25
jacob	3 Nephi 5:25
jacob	3 Nephi 7:9
jacob	3 Nephi 7:12
jacob	3 Nephi 9:8
jacob	3 Nephi 9:9
jacob	3 Nephi 10:4
jacob	3 Nephi 10:17
jacob	3 Nephi 20:16
jacob	3 Nephi 20:22
jacob	3 Nephi 21:2
jacob	3 Nephi 21:12
jacob	3 Nephi 21:22
jacob	3 Nephi 21:23
jacob	3 Nephi 24:6
jacob	4 Nephi 1:49
jacob	Mormon 5:12
jacob	Mormon 5:24
jacob	Mormon 7:10
jacob	Mormon 9:11
jacobites	Jacob 1:13
jacobites	4 Nephi 1:36
jacobites	4 Nephi 1:37
jacobites	Mormon 1:8
jacobugath	3 Nephi 9:9
jacom	Ether 6:14
jared	Ether 1:32
jared	Ether 1:33
jared	Ether 1:34
jared	Ether 1:34
jared	Ether 1:35
jared	Ether 1:35
jared	Ether 1:35
jared	Ether 1:35
jared	Ether 1:36
jared	Ether 1:37
jared	Ether 1:38
jared	Ether 1:39
jared	Ether 1:39
jared	Ether 1:40
jared	Ether 1:41
jared	Ether 1:41
jared	Ether 2:1
jared	Ether 2:1
jared	Ether 2:4
jared	Ether 2:4
jared	Ether 2:8
jared	Ether 2:13
jared	Ether 2:14
jared	Ether 2:14
jared	Ether 2:15
jared	Ether 2:16
jared	Ether 2:18
jared	Ether 2:20
jared	Ether 2:21
jared	Ether 2:23
jared	Ether 3:1
jared	Ether 3:6
jared	Ether 3:6
jared	Ether 3:6
jared	Ether 3:7
jared	Ether 3:21
jared	Ether 3:25
jared	Ether 4:1
jared	Ether 4:4
jared	Ether 4:4
jared	Ether 4:7
jared	Ether 4:7
jared	Ether 6:1
jared	Ether 6:2
jared	Ether 6:2
jared	Ether 6:9
jared	Ether 6:14
jared	Ether 6:15
jared	Ether 6:16
jared	Ether 6:19
jared	Ether 6:19
jared	Ether 6:20
jared	Ether 6:20
jared	Ether 6:23
jared	Ether 6:24
jared	Ether 6:25
jared	Ether 6:27
jared	Ether 6:29
jared	Ether 7:5
jared	Ether 8:1
jared	Ether 8:1
jared	Ether 8:2
jared	Ether 8:5
jared	Ether 8:5
jared	Ether 8:6
jared	Ether 8:7
jared	Ether 8:8
jared	Ether 8:9
jared	Ether 8:11
jared	Ether 8:11
jared	Ether 8:11
jared	Ether 8:12
jared	Ether 8:13
jared	Ether 8:17
jared	Ether 8:17
jared	Ether 9:3
jared	Ether 9:4
jared	Ether 9:6
jared	Ether 10:2
jared	Ether 11:17
jared	Ether 12:20
jared	Ether 12:20
jared	Ether 12:21
jared	Ether 12:21
jared	Ether 12:24
jared	Ether 12:30
jared	Moroni 1:1
jaredites	Moroni 9:23
jarom	Jarom 1:1
jarom	Jarom 1:14
jarom	Omni 1:1
jashon	Mormon 2:16
jashon	Mormon 2:17
jeberechiah	2 Nephi 18:2
jeremiah	1 Nephi 5:13
jeremiah	1 Nephi 7:14
jeremiah	Helaman 8:20
jeremiah	Helaman 8:20
jeremiah	Helaman 8:20
jeremiah	3 Nephi 19:4
jershon	Alma 27:22
jershon	Alma 27:22
jershon	Alma 27:23
jershon	Alma 27:23
jershon	Alma 27:24
jershon	Alma 27:26
jershon	Alma 27:26
jershon	Alma 28:1
jershon	Alma 28:1
jershon	Alma 28:1
jershon	Alma 28:8
jershon	Alma 30:1
jershon	Alma 30:19
jershon	Alma 31:3
jershon	Alma 35:1
jershon	Alma 35:2
jershon	Alma 35:6
jershon	Alma 35:8
jershon	Alma 35:13
jershon	Alma 35:13
jershon	Alma 35:14
jershon	Alma 43:4
jershon	Alma 43:15
jershon	Alma 43:18
jershon	Alma 43:22
jershon	Alma 43:25
jerusalem	1 Nephi 1:4
jerusalem	1 Nephi 1:4
jerusalem	1 Nephi 1:7
jerusalem	1 Nephi 1:13
jerusalem	1 Nephi 1:13
jerusalem	1 Nephi 1:18
jerusalem	1 Nephi 2:11
jerusalem	1 Nephi 2:13
jerusalem	1 Nephi 2:13
jerusalem	1 Nephi 3:2
jerusalem	1 Nephi 3:9
jerusalem	1 Nephi 3:10
jerusalem	1 Nephi 3:17
jerusalem	1 Nephi 3:29
jerusalem	1 Nephi 4:1
jerusalem	1 Nephi 4:4
jerusalem	1 Nephi 4:30
jerusalem	1 Nephi 5:4
jerusalem	1 Nephi 5:6
jerusalem	1 Nephi 7:2
jerusalem	1 Nephi 7:3
jerusalem	1 Nephi 7:7
jerusalem	1 Nephi 7:13
jerusalem	1 Nephi 7:13
jerusalem	1 Nephi 7:15
jerusalem	1 Nephi 10:3
jerusalem	1 Nephi 10:4
jerusalem	1 Nephi 11:13
jerusalem	1 Nephi 16:35
jerusalem	1 Nephi 16:36
jerusalem	1 Nephi 17:14
jerusalem	1 Nephi 17:20
jerusalem	1 Nephi 17:20
jerusalem	1 Nephi 17:22
jerusalem	1 Nephi 18:24
jerusalem	1 Nephi 19:8
jerusalem	1 Nephi 19:13
jerusalem	1 Nephi 19:20
jerusalem	1 Nephi 22:4
jerusalem	2 Nephi 1:1
jerusalem	2 Nephi 1:3
jerusalem	2 Nephi 1:4
jerusalem	2 Nephi 1:4
jerusalem	2 Nephi 1:9
jerusalem	2 Nephi 1:24
jerusalem	2 Nephi 1:30
jerusalem	2 Nephi 5:28
jerusalem	2 Nephi 6:8
jerusalem	2 Nephi 8:17
jerusalem	2 Nephi 8:24
jerusalem	2 Nephi 8:25
jerusalem	2 Nephi 9:5
jerusalem	2 Nephi 10:5
jerusalem	2 Nephi 12:1
jerusalem	2 Nephi 12:3
jerusalem	2 Nephi 13:1
jerusalem	2 Nephi 13:8
jerusalem	2 Nephi 14:3
jerusalem	2 Nephi 14:3
jerusalem	2 Nephi 14:4
jerusalem	2 Nephi 15:3
jerusalem	2 Nephi 17:1
jerusalem	2 Nephi 18:14
jerusalem	2 Nephi 20:10
jerusalem	2 Nephi 20:11
jerusalem	2 Nephi 20:12
jerusalem	2 Nephi 20:32
jerusalem	2 Nephi 25:4
jerusalem	2 Nephi 25:5
jerusalem	2 Nephi 25:6
jerusalem	2 Nephi 25:10
jerusalem	2 Nephi 25:11
jerusalem	2 Nephi 25:14
jerusalem	2 Nephi 25:19
jerusalem	2 Nephi 30:4
jerusalem	Jacob 1:1
jerusalem	Jacob 2:25
jerusalem	Jacob 2:31
jerusalem	Jacob 2:32
jerusalem	Jacob 7:26
jerusalem	Enos 1:25
jerusalem	Omni 1:6
jerusalem	Omni 1:15
jerusalem	Mosiah 1:6
jerusalem	Mosiah 1:11
jerusalem	Mosiah 2:4
jerusalem	Mosiah 2:34
jerusalem	Mosiah 6:4
jerusalem	Mosiah 7:20
jerusalem	Mosiah 10:12
jerusalem	Mosiah 12:23
jerusalem	Mosiah 12:23
jerusalem	Mosiah 15:30
jerusalem	Mosiah 15:30
jerusalem	Mosiah 28:20
jerusalem	Mosiah 29:46
jerusalem	Alma 3:11
jerusalem	Alma 7:10
jerusalem	Alma 9:9
jerusalem	Alma 9:22
jerusalem	Alma 10:3
jerusalem	Alma 11:4
jerusalem	Alma 18:36
jerusalem	Alma 18:38
jerusalem	Alma 21:1
jerusalem	Alma 21:2
jerusalem	Alma 21:4
jerusalem	Alma 22:9
jerusalem	Alma 24:1
jerusalem	Alma 28:2
jerusalem	Alma 36:29
jerusalem	Alma 54:23
jerusalem	Helaman 5:6
jerusalem	Helaman 7:7
jerusalem	Helaman 8:20
jerusalem	Helaman 8:20
jerusalem	Helaman 8:21
jerusalem	Helaman 8:21
jerusalem	Helaman 8:22
jerusalem	Helaman 16:18
jerusalem	Helaman 16:19
jerusalem	3 Nephi 1:1
jerusalem	3 Nephi 1:2
jerusalem	3 Nephi 2:6
jerusalem	3 Nephi 4:11
jerusalem	3 Nephi 5:15
jerusalem	3 Nephi 5:20
jerusalem	3 Nephi 9:7
jerusalem	3 Nephi 10:5
jerusalem	3 Nephi 10:17
jerusalem	3 Nephi 15:14
jerusalem	3 Nephi 16:1
jerusalem	3 Nephi 16:4
jerusalem	3 Nephi 16:19
jerusalem	3 Nephi 16:19
jerusalem	3 Nephi 17:8
jerusalem	3 Nephi 20:22
jerusalem	3 Nephi 20:29
jerusalem	3 Nephi 20:33
jerusalem	3 Nephi 20:34
jerusalem	3 Nephi 20:34
jerusalem	3 Nephi 20:36
jerusalem	3 Nephi 20:37
jerusalem	3 Nephi 20:46
jerusalem	3 Nephi 21:23
jerusalem	3 Nephi 21:24
jerusalem	3 Nephi 21:26
jerusalem	3 Nephi 24:4
jerusalem	4 Nephi 1:31
jerusalem	Mormon 3:18
jerusalem	Mormon 3:19
jerusalem	Ether 13:3
jerusalem	Ether 13:4
jerusalem	Ether 13:5
jerusalem	Ether 13:5
jerusalem	Ether 13:6
jerusalem	Ether 13:7
jerusalem	Ether 13:8
jerusalem	Ether 13:10
jerusalem	Ether 13:11
jerusalem	Moroni 10:31
jesus	1 Nephi 12:18
jesus	2 Nephi 25:19
jesus	2 Nephi 25:20
jesus	2 Nephi 26:12
jesus	2 Nephi 26:12
jesus	2 Nephi 30:5
jesus	2 Nephi 30:5
jesus	2 Nephi 31:10
jesus	2 Nephi 33:4
jesus	2 Nephi 33:6
jesus	Jacob 4:6
jesus	Mosiah 3:8
jesus	Mosiah 3:12
jesus	Mosiah 4:2
jesus	Mosiah 4:3
jesus	Alma 4:14
jesus	Alma 5:44
jesus	Alma 5:48
jesus	Alma 6:8
jesus	Alma 9:28
jesus	Alma 19:29
jesus	Alma 36:17
jesus	Alma 36:18
jesus	Alma 37:9
jesus	Alma 37:33
jesus	Alma 37:33
jesus	Alma 38:8
jesus	Alma 45:4
jesus	Alma 45:10
jesus	Alma 46:39
jesus	Helaman 3:28
jesus	Helaman 5:9
jesus	Helaman 13:6
jesus	Helaman 14:12
jesus	3 Nephi 5:13
jesus	3 Nephi 5:20
jesus	3 Nephi 5:26
jesus	3 Nephi 7:10
jesus	3 Nephi 7:16
jesus	3 Nephi 7:18
jesus	3 Nephi 7:19
jesus	3 Nephi 7:20
jesus	3 Nephi 7:21
jesus	3 Nephi 8:1
jesus	3 Nephi 8:1
jesus	3 Nephi 9:15
jesus	3 Nephi 10:10
jesus	3 Nephi 11:2
jesus	3 Nephi 11:10
jesus	3 Nephi 11:12
jesus	3 Nephi 11:17
jesus	3 Nephi 11:25
jesus	3 Nephi 12:1
jesus	3 Nephi 13:25
jesus	3 Nephi 14:1
jesus	3 Nephi 15:1
jesus	3 Nephi 15:2
jesus	3 Nephi 15:11
jesus	3 Nephi 17:1
jesus	3 Nephi 17:5
jesus	3 Nephi 17:12
jesus	3 Nephi 17:13
jesus	3 Nephi 17:14
jesus	3 Nephi 17:16
jesus	3 Nephi 17:17
jesus	3 Nephi 17:18
jesus	3 Nephi 17:19
jesus	3 Nephi 18:1
jesus	3 Nephi 18:10
jesus	3 Nephi 18:17
jesus	3 Nephi 18:26
jesus	3 Nephi 18:36
jesus	3 Nephi 18:38
jesus	3 Nephi 18:38
jesus	3 Nephi 19:1
jesus	3 Nephi 19:2
jesus	3 Nephi 19:3
jesus	3 Nephi 19:3
jesus	3 Nephi 19:4
jesus	3 Nephi 19:6
jesus	3 Nephi 19:7
jesus	3 Nephi 19:8
jesus	3 Nephi 19:8
jesus	3 Nephi 19:8
jesus	3 Nephi 19:12
jesus	3 Nephi 19:15
jesus	3 Nephi 19:18
jesus	3 Nephi 19:19
jesus	3 Nephi 19:24
jesus	3 Nephi 19:25
jesus	3 Nephi 19:25
jesus	3 Nephi 19:26
jesus	3 Nephi 19:30
jesus	3 Nephi 19:30
jesus	3 Nephi 19:35
jesus	3 Nephi 20:9
jesus	3 Nephi 20:10
jesus	3 Nephi 20:31
jesus	3 Nephi 21:11
jesus	3 Nephi 23:6
jesus	3 Nephi 23:11
jesus	3 Nephi 23:13
jesus	3 Nephi 23:14
jesus	3 Nephi 26:1
jesus	3 Nephi 26:6
jesus	3 Nephi 26:8
jesus	3 Nephi 26:17
jesus	3 Nephi 26:17
jesus	3 Nephi 26:20
jesus	3 Nephi 26:21
jesus	3 Nephi 27:1
jesus	3 Nephi 27:1
jesus	3 Nephi 27:2
jesus	3 Nephi 27:2
jesus	3 Nephi 27:33
jesus	3 Nephi 28:1
jesus	3 Nephi 28:12
jesus	3 Nephi 28:23
jesus	3 Nephi 28:29
jesus	3 Nephi 28:30
jesus	3 Nephi 28:34
jesus	3 Nephi 28:34
jesus	3 Nephi 29:7
jesus	3 Nephi 30:1
jesus	4 Nephi 1:1
jesus	4 Nephi 1:1
jesus	4 Nephi 1:5
jesus	4 Nephi 1:5
jesus	4 Nephi 1:13
jesus	4 Nephi 1:14
jesus	4 Nephi 1:30
jesus	4 Nephi 1:31
jesus	4 Nephi 1:34
jesus	4 Nephi 1:34
jesus	4 Nephi 1:37
jesus	4 Nephi 1:46
jesus	Mormon 1:15
jesus	Mormon 2:14
jesus	Mormon 3:14
jesus	Mormon 3:18
jesus	Mormon 3:19
jesus	Mormon 3:19
jesus	Mormon 3:21
jesus	Mormon 3:21
jesus	Mormon 5:11
jesus	Mormon 5:14
jesus	Mormon 6:17
jesus	Mormon 7:5
jesus	Mormon 7:8
jesus	Mormon 8:10
jesus	Mormon 8:35
jesus	Mormon 9:5
jesus	Mormon 9:6
jesus	Mormon 9:12
jesus	Mormon 9:12
jesus	Mormon 9:13
jesus	Mormon 9:18
jesus	Mormon 9:22
jesus	Mormon 9:27
jesus	Mormon 9:29
jesus	Mormon 9:37
jesus	Mormon 9:37
jesus	Ether 2:12
jesus	Ether 3:14
jesus	Ether 3:17
jesus	Ether 3:19
jesus	Ether 3:20
jesus	Ether 4:7
jesus	Ether 4:8
jesus	Ether 5:5
jesus	Ether 12:22
jesus	Ether 12:39
jesus	Ether 12:41
jesus	Ether 12:41
jesus	Moroni 3:3
jesus	Moroni 3:3
jesus	Moroni 4:3
jesus	Moroni 5:2
jesus	Moroni 6:6
jesus	Moroni 7:2
jesus	Moroni 7:44
jesus	Moroni 7:48
jesus	Moroni 8:2
jesus	Moroni 8:3
jesus	Moroni 9:26
jewels	2 Nephi 13:21
jewels	3 Nephi 24:17
jews	1 Nephi 1:2
jews	1 Nephi 1:19
jews	1 Nephi 1:20
jews	1 Nephi 2:13
jews	1 Nephi 3:3
jews	1 Nephi 4:22
jews	1 Nephi 4:27
jews	1 Nephi 4:36
jews	1 Nephi 5:6
jews	1 Nephi 5:12
jews	1 Nephi 10:2
jews	1 Nephi 10:4
jews	1 Nephi 10:11
jews	1 Nephi 10:11
jews	1 Nephi 13:23
jews	1 Nephi 13:25
jews	1 Nephi 13:26
jews	1 Nephi 13:39
jews	1 Nephi 13:42
jews	1 Nephi 13:42
jews	1 Nephi 13:42
jews	1 Nephi 15:17
jews	1 Nephi 15:19
jews	1 Nephi 15:20
jews	1 Nephi 17:44
jews	2 Nephi 9:2
jews	2 Nephi 10:3
jews	2 Nephi 25:1
jews	2 Nephi 25:2
jews	2 Nephi 25:5
jews	2 Nephi 25:5
jews	2 Nephi 25:5
jews	2 Nephi 25:5
jews	2 Nephi 25:6
jews	2 Nephi 25:6
jews	2 Nephi 25:9
jews	2 Nephi 25:15
jews	2 Nephi 25:15
jews	2 Nephi 25:18
jews	2 Nephi 26:12
jews	2 Nephi 27:1
jews	2 Nephi 29:4
jews	2 Nephi 29:4
jews	2 Nephi 29:4
jews	2 Nephi 29:5
jews	2 Nephi 29:6
jews	2 Nephi 29:12
jews	2 Nephi 29:13
jews	2 Nephi 29:13
jews	2 Nephi 29:13
jews	2 Nephi 29:13
jews	2 Nephi 30:2
jews	2 Nephi 30:3
jews	2 Nephi 30:4
jews	2 Nephi 30:7
jews	2 Nephi 33:14
jews	Jacob 4:14
jews	Jacob 4:15
jews	Jacob 4:16
jews	Omni 1:14
jews	Alma 11:4
jews	Alma 11:4
jews	Alma 16:13
jews	3 Nephi 19:35
jews	3 Nephi 28:6
jews	3 Nephi 28:28
jews	3 Nephi 28:28
jews	3 Nephi 29:8
jews	4 Nephi 1:31
jews	Mormon 3:21
jews	Mormon 5:14
jews	Mormon 5:14
jews	Mormon 7:5
jews	Mormon 7:8
jews	Ether 1:3
john	1 Nephi 14:27
john	3 Nephi 28:6
john	Ether 4:16
joins	Alma 27:22
joints	1 Nephi 19:20
jonas	3 Nephi 19:4
jonas	3 Nephi 19:4
joneam	Mormon 6:14
jordan	1 Nephi 10:9
jordan	1 Nephi 17:32
jordan	2 Nephi 19:1
jordan	Mormon 5:3
joseph	1 Nephi 5:14
joseph	1 Nephi 5:14
joseph	1 Nephi 5:16
joseph	1 Nephi 6:2
joseph	1 Nephi 18:7
joseph	1 Nephi 18:19
joseph	2 Nephi 3:1
joseph	2 Nephi 3:3
joseph	2 Nephi 3:4
joseph	2 Nephi 3:4
joseph	2 Nephi 3:5
joseph	2 Nephi 3:6
joseph	2 Nephi 3:7
joseph	2 Nephi 3:14
joseph	2 Nephi 3:16
joseph	2 Nephi 3:22
joseph	2 Nephi 3:25
joseph	2 Nephi 4:1
joseph	2 Nephi 4:3
joseph	2 Nephi 5:6
joseph	2 Nephi 5:26
joseph	2 Nephi 25:21
joseph	Jacob 1:18
joseph	Jacob 2:25
joseph	Alma 3:6
joseph	Alma 10:3
joseph	Alma 46:23
joseph	Alma 46:24
joseph	Alma 46:24
joseph	Alma 46:24
joseph	Alma 46:27
joseph	3 Nephi 5:21
joseph	3 Nephi 5:23
joseph	3 Nephi 10:17
joseph	3 Nephi 10:17
joseph	3 Nephi 15:12
joseph	Ether 13:6
joseph	Ether 13:7
joseph	Ether 13:7
joseph	Ether 13:7
joseph	Ether 13:7
joseph	Ether 13:8
joseph	Ether 13:10
josephites	Jacob 1:13
josephites	4 Nephi 1:36
josephites	4 Nephi 1:37
josephites	Mormon 1:8
josh	3 Nephi 9:10
josh	Mormon 6:14
joshua	Mormon 2:6
jotham	2 Nephi 17:1
journeyed	1 Nephi 17:12
journeyed	Alma 17:9
journeyings	1 Nephi 17:2
journeyings	1 Nephi 19:1
journeyings	Alma 17:5
journeyings	Alma 17:6
journeyings	Alma 18:37
journeyings	Alma 28:8
journeys	Alma 17:18
journied	1 Nephi 4:38
journied	1 Nephi 5:6
journied	1 Nephi 5:22
journied	1 Nephi 7:6
journied	1 Nephi 18:25
journied	2 Nephi 5:7
journied	Omni 1:16
judah	1 Nephi 1:4
judah	1 Nephi 5:12
judah	1 Nephi 20:1
judah	2 Nephi 3:12
judah	2 Nephi 3:12
judah	2 Nephi 12:1
judah	2 Nephi 13:1
judah	2 Nephi 13:8
judah	2 Nephi 15:3
judah	2 Nephi 15:7
judah	2 Nephi 17:1
judah	2 Nephi 17:6
judah	2 Nephi 17:17
judah	2 Nephi 18:8
judah	2 Nephi 19:21
judah	2 Nephi 21:12
judah	2 Nephi 21:13
judah	2 Nephi 21:13
judah	2 Nephi 21:13
judah	Omni 1:15
judah	3 Nephi 24:4
judea	Alma 56:9
judea	Alma 56:15
judea	Alma 56:18
judea	Alma 56:57
judea	Alma 57:11
judgement	Alma 50:37
judgement	Alma 50:39
judgement	Alma 51:5
judgement	Alma 51:7
judgement	Alma 60:13
judgement	Alma 60:32
judgement	Alma 61:4
judgement	Alma 61:9
judgement	Alma 62:2
judgement	Alma 62:8
judgement	Alma 62:44
judgement	Helaman 1:2
judgement	Helaman 1:3
judgement	Helaman 1:4
judgement	Helaman 1:6
judgement	Helaman 1:9
judgement	Helaman 1:9
judgement	Helaman 2:1
judgement	Helaman 2:1
judgement	Helaman 2:2
judgement	Helaman 2:5
judgement	Helaman 2:6
judgement	Helaman 2:7
judgement	Helaman 2:8
judgement	Helaman 2:9
judgement	Helaman 3:20
judgement	Helaman 3:37
judgement	Helaman 5:1
judgement	Helaman 5:4
judgement	Helaman 6:15
judgement	Helaman 6:19
judgement	Helaman 7:4
judgement	Helaman 8:25
judgement	Helaman 8:27
judgement	Helaman 8:27
judgement	Helaman 9:1
judgement	Helaman 9:3
judgement	Helaman 9:7
judgement	Helaman 9:14
judgement	Helaman 14:29
judgement	3 Nephi 7:1
judgement	3 Nephi 12:21
judgement	3 Nephi 12:22
judgement	3 Nephi 14:2
judgement	3 Nephi 22:17
judgement	3 Nephi 24:5
judgement	3 Nephi 27:27
judgement	3 Nephi 28:31
judgement	3 Nephi 28:32
judgement	3 Nephi 28:40
judgement	3 Nephi 29:9
judgement	Mormon 3:20
judgement	Mormon 3:22
judgement	Mormon 6:21
judgement	Mormon 7:6
judgement	Mormon 7:7
judgement	Mormon 7:10
judgement	Mormon 8:20
judgement	Mormon 9:14
judgement	Ether 7:1
judgement	Ether 7:8
judgement	Ether 7:11
judgement	Ether 7:24
judgement	Ether 7:27
judgement	Ether 9:21
judgement	Ether 11:14
judgement	Ether 11:20
judgement	Ether 12:38
judgement	Moroni 7:18
judgement	Moroni 8:21
judgement	Moroni 9:14
judgement	Moroni 9:15
judgements	Alma 58:9
judgements	Alma 58:40
judgements	Alma 60:14
judgements	Helaman 3:20
judgements	Helaman 4:23
judgements	Helaman 8:8
judgements	Helaman 8:12
judgements	Helaman 9:5
judgements	Helaman 14:11
judgements	Helaman 15:5
judgements	3 Nephi 16:9
judgements	3 Nephi 25:4
judgements	Mormon 4:5
judgements	Mormon 5:2
judges	Mosiah 29:11
judges	Mosiah 29:11
judges	Mosiah 29:25
judges	Mosiah 29:28
judges	Mosiah 29:29
judges	Mosiah 29:29
judges	Mosiah 29:29
judges	Mosiah 29:39
judges	Mosiah 29:41
judges	Mosiah 29:44
judges	Alma 1:1
judges	Alma 1:33
judges	Alma 2:6
judges	Alma 3:25
judges	Alma 3:27
judges	Alma 4:1
judges	Alma 4:5
judges	Alma 4:5
judges	Alma 4:6
judges	Alma 4:9
judges	Alma 4:10
judges	Alma 4:20
judges	Alma 8:2
judges	Alma 8:3
judges	Alma 10:6
judges	Alma 10:13
judges	Alma 10:14
judges	Alma 10:27
judges	Alma 10:29
judges	Alma 11:1
judges	Alma 11:4
judges	Alma 14:2
judges	Alma 14:5
judges	Alma 14:18
judges	Alma 14:23
judges	Alma 15:19
judges	Alma 16:1
judges	Alma 16:9
judges	Alma 16:12
judges	Alma 16:21
judges	Alma 17:6
judges	Alma 28:7
judges	Alma 28:9
judges	Alma 30:2
judges	Alma 30:4
judges	Alma 30:5
judges	Alma 30:32
judges	Alma 35:12
judges	Alma 35:13
judges	Alma 41:7
judges	Alma 43:3
judges	Alma 44:24
judges	Alma 45:2
judges	Alma 45:20
judges	Alma 46:4
judges	Alma 46:34
judges	Alma 46:37
judges	Alma 48:2
judges	Alma 49:29
judges	Alma 50:1
judges	Alma 50:17
judges	Alma 50:23
judges	Alma 50:24
judges	Alma 50:25
judges	Alma 50:35
judges	Alma 51:1
judges	Alma 51:12
judges	Alma 51:37
judges	Alma 52:1
judges	Alma 52:14
judges	Alma 52:15
judges	Alma 52:18
judges	Alma 53:23
judges	Alma 54:1
judges	Alma 55:35
judges	Alma 56:1
judges	Alma 57:5
judges	Alma 59:1
judges	Alma 62:11
judges	Alma 62:12
judges	Alma 62:39
judges	Alma 62:47
judges	Alma 62:47
judges	Alma 62:52
judges	Alma 63:1
judges	Alma 63:3
judges	Alma 63:4
judges	Alma 63:10
judges	Alma 63:16
judges	Helaman 1:1
judges	Helaman 1:13
judges	Helaman 1:14
judges	Helaman 1:34
judges	Helaman 2:1
judges	Helaman 2:12
judges	Helaman 3:1
judges	Helaman 3:18
judges	Helaman 3:22
judges	Helaman 3:23
judges	Helaman 3:32
judges	Helaman 3:33
judges	Helaman 3:37
judges	Helaman 4:4
judges	Helaman 4:5
judges	Helaman 4:8
judges	Helaman 4:9
judges	Helaman 4:10
judges	Helaman 4:17
judges	Helaman 4:18
judges	Helaman 6:1
judges	Helaman 6:15
judges	Helaman 6:32
judges	Helaman 6:41
judges	Helaman 7:1
judges	Helaman 8:1
judges	Helaman 8:4
judges	Helaman 9:11
judges	Helaman 9:13
judges	Helaman 9:13
judges	Helaman 9:16
judges	Helaman 9:18
judges	Helaman 10:19
judges	Helaman 11:1
judges	Helaman 11:8
judges	Helaman 11:9
judges	Helaman 11:24
judges	Helaman 11:29
judges	Helaman 11:35
judges	Helaman 16:9
judges	Helaman 16:10
judges	Helaman 16:11
judges	Helaman 16:12
judges	Helaman 16:13
judges	Helaman 16:24
judges	3 Nephi 6:21
judges	3 Nephi 6:23
judges	3 Nephi 6:25
judges	3 Nephi 6:27
judges	3 Nephi 6:27
judges	3 Nephi 27:27
judgeth	Mosiah 3:18
judgeth	Alma 11:2
judgeth	Mormon 8:19
judgments	1 Nephi 12:5
judgments	1 Nephi 17:22
judgments	2 Nephi 1:10
judgments	2 Nephi 1:16
judgments	2 Nephi 5:10
judgments	2 Nephi 6:10
judgments	2 Nephi 9:46
judgments	2 Nephi 25:3
judgments	2 Nephi 25:6
judgments	Jacob 2:14
judgments	Enos 1:23
judgments	Omni 1:22
judgments	Mosiah 6:6
judgments	Mosiah 16:1
judgments	Mosiah 17:11
judgments	Mosiah 29:12
judgments	Mosiah 29:12
judgments	Mosiah 29:27
judgments	Mosiah 29:29
judgments	Mosiah 29:43
judgments	Alma 4:3
judgments	Alma 8:17
judgments	Alma 12:15
judgments	Alma 14:11
judgments	Alma 30:57
judgments	Alma 33:11
judgments	Alma 33:13
judgments	Alma 37:30
justified	1 Nephi 16:2
justified	2 Nephi 2:5
justifieth	2 Nephi 7:8
justifieth	Jacob 2:14
justifieth	Alma 41:15
keepeth	Mosiah 29:22
keepeth	Alma 7:16
keys	1 Nephi 4:20
khown	Alma 22:18
kib	Ether 1:31
kib	Ether 1:32
kib	Ether 7:3
kib	Ether 7:3
kib	Ether 7:3
kib	Ether 7:7
kib	Ether 7:7
kib	Ether 7:9
killeth	2 Nephi 9:35
kim	Ether 1:21
kim	Ether 1:22
kim	Ether 10:13
kim	Ether 10:13
kim	Ether 10:13
kimnor	Ether 8:10
kindleth	2 Nephi 7:11
kindreds	1 Nephi 5:18
kindreds	1 Nephi 11:36
kindreds	1 Nephi 13:40
kindreds	1 Nephi 14:11
kindreds	1 Nephi 14:15
kindreds	1 Nephi 15:18
kindreds	1 Nephi 22:9
kindreds	1 Nephi 22:10
kindreds	1 Nephi 22:28
kindreds	2 Nephi 30:8
kindreds	Mosiah 27:25
kindreds	Alma 10:4
kindreds	3 Nephi 6:27
kindreds	3 Nephi 6:27
kindreds	3 Nephi 7:4
kindreds	3 Nephi 7:6
kindreds	3 Nephi 20:25
kindreds	3 Nephi 20:27
kindreds	3 Nephi 26:4
kindreds	Ether 8:17
kinds	Jacob 5:32
kinds	Helaman 6:11
kinds	Moroni 10:15
kinds	Moroni 10:16
kingdoms	1 Nephi 13:1
kingdoms	1 Nephi 13:2
kingdoms	1 Nephi 13:3
kingdoms	2 Nephi 20:10
kingdoms	2 Nephi 23:4
kingdoms	2 Nephi 23:19
kingdoms	2 Nephi 24:16
kingdoms	Ether 7:20
kingdoms	Ether 8:9
kings	1 Nephi 9:4
kings	1 Nephi 9:4
kings	1 Nephi 19:12
kings	1 Nephi 21:7
kings	1 Nephi 21:23
kings	2 Nephi 6:7
kings	2 Nephi 10:9
kings	2 Nephi 10:11
kings	2 Nephi 17:16
kings	2 Nephi 20:8
kings	2 Nephi 24:9
kings	2 Nephi 24:18
kings	Jacob 1:9
kings	Jacob 1:11
kings	Jacob 1:14
kings	Jacob 3:13
kings	Jarom 1:7
kings	Jarom 1:14
kings	Omni 1:11
kings	Words of Mormon 1:10
kings	Mosiah 23:8
kings	Mosiah 24:2
kings	Mosiah 29:13
kings	Mosiah 29:13
kings	Mosiah 29:13
kings	Mosiah 29:16
kings	Mosiah 29:31
kings	Mosiah 29:31
kings	Mosiah 29:47
kings	Alma 18:13
kings	Alma 51:8
kings	Alma 51:8
kings	3 Nephi 6:30
kings	3 Nephi 20:45
kings	3 Nephi 21:8
kinsfolks	Alma 10:11
kinsfolks	Mormon 8:5
kinsfolks	Ether 8:13
kish	Ether 1:18
kish	Ether 1:19
kish	Ether 10:17
kish	Ether 10:18
kishkumen	Helaman 1:9
kishkumen	Helaman 1:10
kishkumen	Helaman 1:11
kishkumen	Helaman 1:12
kishkumen	Helaman 1:12
kishkumen	Helaman 2:3
kishkumen	Helaman 2:4
kishkumen	Helaman 2:5
kishkumen	Helaman 2:5
kishkumen	Helaman 2:7
kishkumen	Helaman 2:7
kishkumen	Helaman 2:8
kishkumen	Helaman 2:8
kishkumen	Helaman 2:9
kishkumen	Helaman 2:9
kishkumen	Helaman 2:11
kishkumen	Helaman 6:18
kishkumen	Helaman 6:24
kishkumen	3 Nephi 9:10
kneeled	Enos 1:4
knees	Alma 19:14
knees	Alma 22:17
knelt	3 Nephi 17:14
knelt	3 Nephi 17:15
knelt	3 Nephi 19:8
knelt	3 Nephi 19:17
knewest	1 Nephi 20:8
knocketh	2 Nephi 9:42
knocketh	3 Nephi 14:8
knocketh	3 Nephi 27:29
knowest	1 Nephi 11:5
knowest	1 Nephi 11:16
knowest	1 Nephi 11:21
knowest	1 Nephi 13:21
knowest	1 Nephi 14:5
knowest	2 Nephi 2:2
knowest	Jacob 5:23
knowest	Jacob 7:14
knowest	Mosiah 8:12
knowest	Mosiah 12:30
knowest	Mosiah 12:30
knowest	Mosiah 12:31
knowest	Alma 11:23
knowest	Alma 11:24
knowest	Alma 11:30
knowest	Alma 18:20
knowest	Alma 21:6
knowest	Alma 21:6
knowest	Alma 21:6
knowest	Alma 21:8
knowest	Alma 21:8
knowest	Alma 30:32
knowest	Alma 30:35
knowest	Alma 38:4
knowest	Alma 56:4
knowest	Ether 3:13
knowest	Moroni 9:20
knowest	Moroni 9:20
knoweth	1 Nephi 9:6
knoweth	1 Nephi 22:4
knoweth	2 Nephi 2:24
knoweth	2 Nephi 9:20
knoweth	2 Nephi 27:27
knoweth	Jacob 4:8
knoweth	Jacob 7:7
knoweth	Words of Mormon 1:7
knoweth	Mosiah 2:34
knoweth	Mosiah 3:12
knoweth	Mosiah 5:13
knoweth	Mosiah 29:7
knoweth	Alma 5:29
knoweth	Alma 7:13
knoweth	Alma 26:21
knoweth	Alma 26:21
knoweth	Alma 29:5
knoweth	Alma 29:5
knoweth	Alma 32:18
knoweth	Alma 32:18
knoweth	Alma 32:19
knoweth	Alma 37:10
knoweth	Alma 40:3
knoweth	Alma 40:4
knoweth	Alma 40:5
knoweth	Alma 40:10
knoweth	Alma 46:27
knoweth	Helaman 8:8
knoweth	Helaman 8:8
knoweth	3 Nephi 1:3
knoweth	3 Nephi 8:16
knoweth	3 Nephi 13:8
knoweth	3 Nephi 13:32
knoweth	3 Nephi 17:4
knoweth	3 Nephi 28:27
knoweth	Mormon 6:22
knoweth	Mormon 8:8
knoweth	Mormon 8:10
knoweth	Mormon 8:17
knoweth	Mormon 8:24
knoweth	Mormon 8:24
knoweth	Mormon 9:8
knoweth	Mormon 9:34
knoweth	Mormon 9:34
knoweth	Mormon 9:34
knoweth	Ether 1:38
known	1 Nephi 2:17
known	1 Nephi 5:4
known	1 Nephi 11:1
known	1 Nephi 13:40
known	1 Nephi 13:40
known	1 Nephi 13:41
known	1 Nephi 14:29
known	1 Nephi 15:9
known	1 Nephi 15:11
known	1 Nephi 19:3
known	1 Nephi 22:2
known	1 Nephi 22:9
known	2 Nephi 2:8
known	2 Nephi 22:5
known	2 Nephi 30:16
known	2 Nephi 30:16
known	2 Nephi 31:14
known	2 Nephi 33:4
known	Jacob 2:34
known	Omni 1:30
known	Mosiah 2:36
known	Mosiah 3:2
known	Mosiah 4:11
known	Mosiah 7:13
known	Mosiah 8:17
known	Mosiah 8:17
known	Mosiah 8:17
known	Mosiah 8:17
known	Mosiah 15:26
known	Mosiah 23:1
known	Alma 1:17
known	Alma 1:33
known	Alma 5:37
known	Alma 5:46
known	Alma 7:20
known	Alma 9:20
known	Alma 10:5
known	Alma 10:5
known	Alma 11:31
known	Alma 12:3
known	Alma 12:30
known	Alma 12:30
known	Alma 12:32
known	Alma 13:23
known	Alma 13:26
known	Alma 18:39
known	Alma 18:39
known	Alma 19:4
known	Alma 19:17
known	Alma 19:17
known	Alma 19:17
known	Alma 24:14
known	Alma 24:14
known	Alma 24:14
known	Alma 24:30
known	Alma 27:25
known	Alma 28:2
known	Alma 30:28
known	Alma 31:16
known	Alma 31:29
known	Alma 34:3
known	Alma 36:5
known	Alma 36:5
known	Alma 37:11
known	Alma 37:12
known	Alma 37:26
known	Alma 37:29
known	Alma 38:6
known	Alma 38:6
known	Alma 39:17
known	Alma 39:18
known	Alma 40:11
known	Alma 43:43
known	Alma 45:9
known	Alma 45:9
known	Alma 48:16
known	Alma 49:8
known	Alma 51:21
known	Alma 52:12
known	Alma 56:3
known	Alma 56:56
known	Alma 59:2
known	Alma 60:10
known	Helaman 1:12
known	Helaman 2:7
known	Helaman 2:8
known	Helaman 3:23
known	Helaman 6:27
known	Helaman 7:29
known	Helaman 9:17
known	Helaman 16:5
known	3 Nephi 1:14
known	3 Nephi 1:25
known	3 Nephi 4:11
known	3 Nephi 8:5
known	3 Nephi 8:7
known	3 Nephi 16:7
known	3 Nephi 21:2
known	3 Nephi 21:3
known	3 Nephi 27:25
known	Mormon 5:8
known	Mormon 5:12
known	Mormon 8:12
known	Ether 8:14
known	Ether 8:20
known	Ether 11:7
known	Moroni 1:1
knows	Alma 12:3
knows	Alma 18:18
knows	Alma 18:32
knows	Alma 40:4
korihor	Alma 30:12
korihor	Alma 30:23
korihor	Alma 30:36
korihor	Alma 30:43
korihor	Alma 30:48
korihor	Alma 30:50
korihor	Alma 30:51
korihor	Alma 30:52
korihor	Alma 30:56
korihor	Alma 30:57
korihor	Alma 30:57
korihor	Alma 30:58
korihor	Alma 30:58
korihor	Alma 30:58
korihor	Alma 31:1
kumen	3 Nephi 19:4
kumenonhi	3 Nephi 19:4
laban	1 Nephi 3:3
laban	1 Nephi 3:4
laban	1 Nephi 3:11
laban	1 Nephi 3:11
laban	1 Nephi 3:12
laban	1 Nephi 3:13
laban	1 Nephi 3:14
laban	1 Nephi 3:23
laban	1 Nephi 3:24
laban	1 Nephi 3:25
laban	1 Nephi 3:26
laban	1 Nephi 3:26
laban	1 Nephi 3:27
laban	1 Nephi 3:29
laban	1 Nephi 3:31
laban	1 Nephi 4:1
laban	1 Nephi 4:3
laban	1 Nephi 4:5
laban	1 Nephi 4:7
laban	1 Nephi 4:8
laban	1 Nephi 4:10
laban	1 Nephi 4:17
laban	1 Nephi 4:18
laban	1 Nephi 4:19
laban	1 Nephi 4:20
laban	1 Nephi 4:20
laban	1 Nephi 4:20
laban	1 Nephi 4:20
laban	1 Nephi 4:21
laban	1 Nephi 4:22
laban	1 Nephi 4:23
laban	1 Nephi 4:26
laban	1 Nephi 4:28
laban	1 Nephi 4:30
laban	1 Nephi 4:31
laban	1 Nephi 4:38
laban	1 Nephi 5:5
laban	1 Nephi 5:8
laban	1 Nephi 5:16
laban	1 Nephi 7:11
laban	2 Nephi 1:30
laban	2 Nephi 5:14
laban	Jacob 1:10
laban	Words of Mormon 1:13
laban	Mosiah 1:16
laborers	Mosiah 26:38
laborers	Alma 31:32
labors	2 Nephi 29:4
labors	Enos 1:20
labors	Mosiah 7:16
labors	Mosiah 9:12
labors	Alma 1:26
labors	Alma 1:26
labors	Alma 8:1
labors	Alma 26:31
labors	Alma 29:17
labors	Alma 30:27
labors	Alma 30:31
labors	Alma 30:32
labors	Alma 30:33
labors	Alma 30:34
labors	Alma 34:32
labors	Alma 36:25
labors	Alma 40:26
labors	Alma 51:33
labors	Alma 53:1
labors	Alma 55:33
labors	3 Nephi 6:3
laboured	Jacob 1:7
laboured	Jacob 1:10
lachoneus	3 Nephi 1:1
lachoneus	3 Nephi 3:1
lachoneus	3 Nephi 3:2
lachoneus	3 Nephi 3:3
lachoneus	3 Nephi 3:10
lachoneus	3 Nephi 3:11
lachoneus	3 Nephi 3:12
lachoneus	3 Nephi 3:16
lachoneus	3 Nephi 3:16
lachoneus	3 Nephi 3:17
lachoneus	3 Nephi 3:22
lachoneus	3 Nephi 3:24
lachoneus	3 Nephi 3:25
lachoneus	3 Nephi 6:6
lachoneus	3 Nephi 6:19
lachoneus	3 Nephi 6:19
lachoneus	3 Nephi 6:19
lacking	1 Nephi 17:19
ladders	Alma 62:21
ladders	Alma 62:23
laish	2 Nephi 20:30
lamah	Mormon 6:14
laman	1 Nephi 2:5
laman	1 Nephi 2:8
laman	1 Nephi 2:9
laman	1 Nephi 2:11
laman	1 Nephi 2:12
laman	1 Nephi 2:18
laman	1 Nephi 3:11
laman	1 Nephi 3:11
laman	1 Nephi 3:14
laman	1 Nephi 3:28
laman	1 Nephi 3:28
laman	1 Nephi 3:28
laman	1 Nephi 3:31
laman	1 Nephi 4:28
laman	1 Nephi 7:6
laman	1 Nephi 7:8
laman	1 Nephi 8:4
laman	1 Nephi 8:17
laman	1 Nephi 8:35
laman	1 Nephi 8:36
laman	1 Nephi 16:12
laman	1 Nephi 16:20
laman	1 Nephi 16:37
laman	1 Nephi 16:38
laman	1 Nephi 18:11
laman	2 Nephi 1:28
laman	2 Nephi 4:3
laman	2 Nephi 4:8
laman	2 Nephi 4:9
laman	2 Nephi 4:13
laman	Mosiah 7:21
laman	Mosiah 9:10
laman	Mosiah 9:11
laman	Mosiah 9:13
laman	Mosiah 10:6
laman	Mosiah 10:18
laman	Mosiah 24:3
laman	Mosiah 24:3
laman	Mosiah 24:9
laman	Alma 3:7
laman	Alma 18:38
laman	Alma 24:29
laman	Alma 43:13
laman	Alma 55:4
laman	Alma 55:5
laman	Alma 55:6
laman	Alma 55:7
laman	Alma 55:8
laman	Alma 55:10
laman	Alma 55:12
laman	Alma 55:15
laman	Alma 56:3
laman	3 Nephi 9:10
lamanitas	Alma 58:6
lamanite	Alma 54:2
lamanite	Alma 54:24
lamanite	Alma 55:8
lamanite	Alma 55:31
lamanite	Alma 55:32
lamanite	Helaman 13:2
lamanite	Helaman 13:5
lamanite	Helaman 14:1
lamanite	Helaman 14:10
lamanite	Helaman 16:1
lamanite	3 Nephi 1:5
lamanite	3 Nephi 8:3
lamanite	3 Nephi 23:9
lamanite	Mormon 1:19
lamanites	2 Nephi 5:14
lamanites	Jacob 1:13
lamanites	Jacob 1:13
lamanites	Jacob 1:14
lamanites	Jacob 2:35
lamanites	Jacob 3:3
lamanites	Jacob 3:5
lamanites	Jacob 7:24
lamanites	Enos 1:11
lamanites	Enos 1:13
lamanites	Enos 1:13
lamanites	Enos 1:16
lamanites	Enos 1:20
lamanites	Enos 1:24
lamanites	Jarom 1:2
lamanites	Jarom 1:6
lamanites	Jarom 1:7
lamanites	Jarom 1:9
lamanites	Omni 1:2
lamanites	Omni 1:10
lamanites	Omni 1:10
lamanites	Omni 1:24
lamanites	Words of Mormon 1:13
lamanites	Words of Mormon 1:14
lamanites	Words of Mormon 1:14
lamanites	Words of Mormon 1:16
lamanites	Mosiah 1:5
lamanites	Mosiah 1:14
lamanites	Mosiah 7:15
lamanites	Mosiah 7:15
lamanites	Mosiah 7:15
lamanites	Mosiah 7:22
lamanites	Mosiah 7:22
lamanites	Mosiah 9:1
lamanites	Mosiah 9:14
lamanites	Mosiah 9:16
lamanites	Mosiah 9:17
lamanites	Mosiah 9:18
lamanites	Mosiah 10:1
lamanites	Mosiah 10:2
lamanites	Mosiah 10:9
lamanites	Mosiah 10:10
lamanites	Mosiah 10:10
lamanites	Mosiah 10:11
lamanites	Mosiah 10:19
lamanites	Mosiah 11:12
lamanites	Mosiah 11:16
lamanites	Mosiah 11:17
lamanites	Mosiah 11:17
lamanites	Mosiah 11:19
lamanites	Mosiah 19:6
lamanites	Mosiah 19:7
lamanites	Mosiah 19:9
lamanites	Mosiah 19:10
lamanites	Mosiah 19:11
lamanites	Mosiah 19:13
lamanites	Mosiah 19:14
lamanites	Mosiah 19:15
lamanites	Mosiah 19:15
lamanites	Mosiah 19:15
lamanites	Mosiah 19:22
lamanites	Mosiah 19:22
lamanites	Mosiah 19:25
lamanites	Mosiah 19:26
lamanites	Mosiah 19:28
lamanites	Mosiah 19:29
lamanites	Mosiah 20:1
lamanites	Mosiah 20:4
lamanites	Mosiah 20:5
lamanites	Mosiah 20:6
lamanites	Mosiah 20:9
lamanites	Mosiah 20:11
lamanites	Mosiah 20:11
lamanites	Mosiah 20:12
lamanites	Mosiah 20:13
lamanites	Mosiah 20:18
lamanites	Mosiah 20:25
lamanites	Mosiah 20:25
lamanites	Mosiah 20:25
lamanites	Mosiah 20:26
lamanites	Mosiah 21:2
lamanites	Mosiah 21:5
lamanites	Mosiah 21:7
lamanites	Mosiah 21:8
lamanites	Mosiah 21:10
lamanites	Mosiah 21:11
lamanites	Mosiah 21:15
lamanites	Mosiah 21:19
lamanites	Mosiah 21:20
lamanites	Mosiah 21:22
lamanites	Mosiah 21:36
lamanites	Mosiah 22:2
lamanites	Mosiah 22:3
lamanites	Mosiah 22:6
lamanites	Mosiah 22:6
lamanites	Mosiah 22:7
lamanites	Mosiah 22:10
lamanites	Mosiah 22:15
lamanites	Mosiah 23:25
lamanites	Mosiah 23:26
lamanites	Mosiah 23:28
lamanites	Mosiah 23:29
lamanites	Mosiah 23:29
lamanites	Mosiah 23:30
lamanites	Mosiah 23:33
lamanites	Mosiah 23:33
lamanites	Mosiah 23:34
lamanites	Mosiah 23:35
lamanites	Mosiah 23:36
lamanites	Mosiah 23:37
lamanites	Mosiah 23:39
lamanites	Mosiah 23:39
lamanites	Mosiah 24:1
lamanites	Mosiah 24:1
lamanites	Mosiah 24:2
lamanites	Mosiah 24:2
lamanites	Mosiah 24:3
lamanites	Mosiah 24:4
lamanites	Mosiah 24:7
lamanites	Mosiah 24:19
lamanites	Mosiah 24:23
lamanites	Mosiah 24:23
lamanites	Mosiah 25:3
lamanites	Mosiah 25:9
lamanites	Mosiah 25:10
lamanites	Mosiah 25:11
lamanites	Mosiah 25:12
lamanites	Mosiah 28:1
lamanites	Mosiah 28:6
lamanites	Mosiah 28:7
lamanites	Mosiah 28:9
lamanites	Alma 2:24
lamanites	Alma 2:27
lamanites	Alma 2:28
lamanites	Alma 2:32
lamanites	Alma 2:32
lamanites	Alma 2:33
lamanites	Alma 2:34
lamanites	Alma 2:34
lamanites	Alma 2:35
lamanites	Alma 3:3
lamanites	Alma 3:4
lamanites	Alma 3:4
lamanites	Alma 3:5
lamanites	Alma 3:6
lamanites	Alma 3:9
lamanites	Alma 3:10
lamanites	Alma 3:11
lamanites	Alma 3:12
lamanites	Alma 3:14
lamanites	Alma 3:20
lamanites	Alma 3:20
lamanites	Alma 3:22
lamanites	Alma 3:23
lamanites	Alma 4:2
lamanites	Alma 5:5
lamanites	Alma 9:14
lamanites	Alma 9:14
lamanites	Alma 9:16
lamanites	Alma 9:18
lamanites	Alma 9:19
lamanites	Alma 9:23
lamanites	Alma 9:24
lamanites	Alma 16:2
lamanites	Alma 16:5
lamanites	Alma 16:6
lamanites	Alma 16:6
lamanites	Alma 16:8
lamanites	Alma 16:8
lamanites	Alma 16:8
lamanites	Alma 16:9
lamanites	Alma 16:12
lamanites	Alma 17:4
lamanites	Alma 17:8
lamanites	Alma 17:9
lamanites	Alma 17:11
lamanites	Alma 17:12
lamanites	Alma 17:13
lamanites	Alma 17:19
lamanites	Alma 17:20
lamanites	Alma 17:22
lamanites	Alma 17:25
lamanites	Alma 17:26
lamanites	Alma 17:27
lamanites	Alma 18:7
lamanites	Alma 18:43
lamanites	Alma 19:14
lamanites	Alma 19:27
lamanites	Alma 19:36
lamanites	Alma 21:1
lamanites	Alma 21:1
lamanites	Alma 21:2
lamanites	Alma 21:3
lamanites	Alma 21:3
lamanites	Alma 21:16
lamanites	Alma 22:27
lamanites	Alma 22:28
lamanites	Alma 22:29
lamanites	Alma 22:29
lamanites	Alma 22:33
lamanites	Alma 22:34
lamanites	Alma 22:34
lamanites	Alma 23:1
lamanites	Alma 23:4
lamanites	Alma 23:6
lamanites	Alma 23:9
lamanites	Alma 23:10
lamanites	Alma 23:11
lamanites	Alma 23:12
lamanites	Alma 23:13
lamanites	Alma 23:13
lamanites	Alma 23:14
lamanites	Alma 23:15
lamanites	Alma 23:17
lamanites	Alma 24:1
lamanites	Alma 24:4
lamanites	Alma 24:5
lamanites	Alma 24:5
lamanites	Alma 24:19
lamanites	Alma 24:20
lamanites	Alma 24:21
lamanites	Alma 24:23
lamanites	Alma 24:24
lamanites	Alma 24:28
lamanites	Alma 25:1
lamanites	Alma 25:4
lamanites	Alma 25:5
lamanites	Alma 25:5
lamanites	Alma 25:8
lamanites	Alma 25:9
lamanites	Alma 25:12
lamanites	Alma 25:13
lamanites	Alma 25:17
lamanites	Alma 26:3
lamanites	Alma 26:23
lamanites	Alma 26:24
lamanites	Alma 26:24
lamanites	Alma 26:27
lamanites	Alma 27:1
lamanites	Alma 27:12
lamanites	Alma 27:20
lamanites	Alma 28:1
lamanites	Alma 28:2
lamanites	Alma 28:3
lamanites	Alma 28:9
lamanites	Alma 30:1
lamanites	Alma 30:19
lamanites	Alma 31:3
lamanites	Alma 31:4
lamanites	Alma 35:10
lamanites	Alma 35:11
lamanites	Alma 35:13
lamanites	Alma 35:13
lamanites	Alma 37:9
lamanites	Alma 37:19
lamanites	Alma 39:3
lamanites	Alma 43:3
lamanites	Alma 43:4
lamanites	Alma 43:4
lamanites	Alma 43:5
lamanites	Alma 43:6
lamanites	Alma 43:6
lamanites	Alma 43:8
lamanites	Alma 43:10
lamanites	Alma 43:10
lamanites	Alma 43:11
lamanites	Alma 43:11
lamanites	Alma 43:13
lamanites	Alma 43:15
lamanites	Alma 43:18
lamanites	Alma 43:19
lamanites	Alma 43:23
lamanites	Alma 43:24
lamanites	Alma 43:25
lamanites	Alma 43:26
lamanites	Alma 43:26
lamanites	Alma 43:28
lamanites	Alma 43:29
lamanites	Alma 43:30
lamanites	Alma 43:34
lamanites	Alma 43:35
lamanites	Alma 43:35
lamanites	Alma 43:36
lamanites	Alma 43:37
lamanites	Alma 43:38
lamanites	Alma 43:38
lamanites	Alma 43:39
lamanites	Alma 43:41
lamanites	Alma 43:42
lamanites	Alma 43:43
lamanites	Alma 43:43
lamanites	Alma 43:44
lamanites	Alma 43:47
lamanites	Alma 43:48
lamanites	Alma 43:49
lamanites	Alma 43:50
lamanites	Alma 43:50
lamanites	Alma 43:51
lamanites	Alma 44:17
lamanites	Alma 44:17
lamanites	Alma 44:20
lamanites	Alma 44:21
lamanites	Alma 45:14
lamanites	Alma 45:14
lamanites	Alma 45:21
lamanites	Alma 46:7
lamanites	Alma 46:30
lamanites	Alma 46:30
lamanites	Alma 47:1
lamanites	Alma 47:1
lamanites	Alma 47:1
lamanites	Alma 47:4
lamanites	Alma 47:5
lamanites	Alma 47:5
lamanites	Alma 47:8
lamanites	Alma 47:17
lamanites	Alma 47:19
lamanites	Alma 47:23
lamanites	Alma 47:35
lamanites	Alma 47:35
lamanites	Alma 47:36
lamanites	Alma 47:36
lamanites	Alma 48:1
lamanites	Alma 48:1
lamanites	Alma 48:2
lamanites	Alma 48:2
lamanites	Alma 48:3
lamanites	Alma 48:21
lamanites	Alma 48:22
lamanites	Alma 48:23
lamanites	Alma 48:24
lamanites	Alma 49:1
lamanites	Alma 49:2
lamanites	Alma 49:3
lamanites	Alma 49:4
lamanites	Alma 49:5
lamanites	Alma 49:6
lamanites	Alma 49:8
lamanites	Alma 49:9
lamanites	Alma 49:10
lamanites	Alma 49:11
lamanites	Alma 49:16
lamanites	Alma 49:17
lamanites	Alma 49:18
lamanites	Alma 49:20
lamanites	Alma 49:21
lamanites	Alma 49:23
lamanites	Alma 49:23
lamanites	Alma 49:24
lamanites	Alma 49:25
lamanites	Alma 50:1
lamanites	Alma 50:4
lamanites	Alma 50:7
lamanites	Alma 50:9
lamanites	Alma 50:11
lamanites	Alma 50:11
lamanites	Alma 50:12
lamanites	Alma 50:13
lamanites	Alma 50:22
lamanites	Alma 51:9
lamanites	Alma 51:12
lamanites	Alma 51:13
lamanites	Alma 51:14
lamanites	Alma 51:22
lamanites	Alma 51:22
lamanites	Alma 51:24
lamanites	Alma 51:25
lamanites	Alma 51:27
lamanites	Alma 51:27
lamanites	Alma 51:31
lamanites	Alma 51:31
lamanites	Alma 51:36
lamanites	Alma 52:1
lamanites	Alma 52:2
lamanites	Alma 52:5
lamanites	Alma 52:8
lamanites	Alma 52:8
lamanites	Alma 52:8
lamanites	Alma 52:9
lamanites	Alma 52:10
lamanites	Alma 52:10
lamanites	Alma 52:11
lamanites	Alma 52:17
lamanites	Alma 52:19
lamanites	Alma 52:20
lamanites	Alma 52:21
lamanites	Alma 52:22
lamanites	Alma 52:23
lamanites	Alma 52:23
lamanites	Alma 52:24
lamanites	Alma 52:24
lamanites	Alma 52:26
lamanites	Alma 52:27
lamanites	Alma 52:28
lamanites	Alma 52:29
lamanites	Alma 52:31
lamanites	Alma 52:31
lamanites	Alma 52:33
lamanites	Alma 52:34
lamanites	Alma 52:36
lamanites	Alma 52:38
lamanites	Alma 53:1
lamanites	Alma 53:3
lamanites	Alma 53:4
lamanites	Alma 53:5
lamanites	Alma 53:5
lamanites	Alma 53:5
lamanites	Alma 53:6
lamanites	Alma 53:6
lamanites	Alma 53:7
lamanites	Alma 53:7
lamanites	Alma 53:8
lamanites	Alma 53:10
lamanites	Alma 54:3
lamanites	Alma 54:3
lamanites	Alma 54:16
lamanites	Alma 55:3
lamanites	Alma 55:9
lamanites	Alma 55:16
lamanites	Alma 55:18
lamanites	Alma 55:19
lamanites	Alma 55:21
lamanites	Alma 55:22
lamanites	Alma 55:25
lamanites	Alma 55:27
lamanites	Alma 55:29
lamanites	Alma 55:33
lamanites	Alma 56:10
lamanites	Alma 56:12
lamanites	Alma 56:13
lamanites	Alma 56:18
lamanites	Alma 56:21
lamanites	Alma 56:22
lamanites	Alma 56:29
lamanites	Alma 56:30
lamanites	Alma 56:34
lamanites	Alma 56:36
lamanites	Alma 56:39
lamanites	Alma 56:41
lamanites	Alma 56:49
lamanites	Alma 56:50
lamanites	Alma 56:51
lamanites	Alma 56:52
lamanites	Alma 56:52
lamanites	Alma 56:52
lamanites	Alma 56:53
lamanites	Alma 56:53
lamanites	Alma 56:54
lamanites	Alma 56:56
lamanites	Alma 56:56
lamanites	Alma 56:57
lamanites	Alma 57:9
lamanites	Alma 57:10
lamanites	Alma 57:11
lamanites	Alma 57:12
lamanites	Alma 57:15
lamanites	Alma 57:17
lamanites	Alma 57:19
lamanites	Alma 57:20
lamanites	Alma 57:22
lamanites	Alma 57:24
lamanites	Alma 57:28
lamanites	Alma 57:30
lamanites	Alma 57:31
lamanites	Alma 58:5
lamanites	Alma 58:13
lamanites	Alma 58:14
lamanites	Alma 58:17
lamanites	Alma 58:18
lamanites	Alma 58:19
lamanites	Alma 58:19
lamanites	Alma 58:20
lamanites	Alma 58:20
lamanites	Alma 58:22
lamanites	Alma 58:24
lamanites	Alma 58:25
lamanites	Alma 58:27
lamanites	Alma 58:29
lamanites	Alma 58:30
lamanites	Alma 58:31
lamanites	Alma 58:31
lamanites	Alma 58:38
lamanites	Alma 58:41
lamanites	Alma 59:4
lamanites	Alma 59:5
lamanites	Alma 59:5
lamanites	Alma 59:6
lamanites	Alma 59:9
lamanites	Alma 59:12
lamanites	Alma 60:2
lamanites	Alma 60:17
lamanites	Alma 60:24
lamanites	Alma 60:32
lamanites	Alma 61:8
lamanites	Alma 61:8
lamanites	Alma 61:8
lamanites	Alma 61:10
lamanites	Alma 62:13
lamanites	Alma 62:14
lamanites	Alma 62:15
lamanites	Alma 62:19
lamanites	Alma 62:19
lamanites	Alma 62:20
lamanites	Alma 62:22
lamanites	Alma 62:24
lamanites	Alma 62:26
lamanites	Alma 62:27
lamanites	Alma 62:29
lamanites	Alma 62:29
lamanites	Alma 62:30
lamanites	Alma 62:31
lamanites	Alma 62:32
lamanites	Alma 62:33
lamanites	Alma 62:33
lamanites	Alma 62:34
lamanites	Alma 62:35
lamanites	Alma 62:35
lamanites	Alma 62:36
lamanites	Alma 62:38
lamanites	Alma 62:41
lamanites	Alma 62:42
lamanites	Alma 63:14
lamanites	Helaman 1:14
lamanites	Helaman 1:16
lamanites	Helaman 1:18
lamanites	Helaman 1:26
lamanites	Helaman 1:27
lamanites	Helaman 1:31
lamanites	Helaman 1:32
lamanites	Helaman 1:32
lamanites	Helaman 1:33
lamanites	Helaman 2:1
lamanites	Helaman 3:12
lamanites	Helaman 3:14
lamanites	Helaman 3:16
lamanites	Helaman 3:16
lamanites	Helaman 4:2
lamanites	Helaman 4:3
lamanites	Helaman 4:3
lamanites	Helaman 4:4
lamanites	Helaman 4:7
lamanites	Helaman 4:8
lamanites	Helaman 4:9
lamanites	Helaman 4:12
lamanites	Helaman 4:13
lamanites	Helaman 4:18
lamanites	Helaman 4:19
lamanites	Helaman 4:20
lamanites	Helaman 4:22
lamanites	Helaman 4:24
lamanites	Helaman 4:25
lamanites	Helaman 4:26
lamanites	Helaman 5:16
lamanites	Helaman 5:18
lamanites	Helaman 5:19
lamanites	Helaman 5:19
lamanites	Helaman 5:21
lamanites	Helaman 5:25
lamanites	Helaman 5:27
lamanites	Helaman 5:34
lamanites	Helaman 5:40
lamanites	Helaman 5:50
lamanites	Helaman 6:1
lamanites	Helaman 6:3
lamanites	Helaman 6:4
lamanites	Helaman 6:6
lamanites	Helaman 6:7
lamanites	Helaman 6:8
lamanites	Helaman 6:8
lamanites	Helaman 6:9
lamanites	Helaman 6:18
lamanites	Helaman 6:20
lamanites	Helaman 6:34
lamanites	Helaman 6:36
lamanites	Helaman 6:37
lamanites	Helaman 6:37
lamanites	Helaman 7:23
lamanites	Helaman 11:6
lamanites	Helaman 11:21
lamanites	Helaman 11:24
lamanites	Helaman 11:24
lamanites	Helaman 11:24
lamanites	Helaman 11:27
lamanites	Helaman 11:32
lamanites	Helaman 13:1
lamanites	Helaman 15:4
lamanites	Helaman 15:11
lamanites	Helaman 15:12
lamanites	Helaman 16:15
lamanites	3 Nephi 1:29
lamanites	3 Nephi 1:30
lamanites	3 Nephi 2:11
lamanites	3 Nephi 2:12
lamanites	3 Nephi 2:14
lamanites	3 Nephi 3:14
lamanites	3 Nephi 6:3
lamanites	3 Nephi 6:14
lamanites	3 Nephi 9:20
lamanites	3 Nephi 10:18
lamanites	4 Nephi 1:2
lamanites	4 Nephi 1:17
lamanites	4 Nephi 1:20
lamanites	4 Nephi 1:20
lamanites	4 Nephi 1:36
lamanites	4 Nephi 1:38
lamanites	4 Nephi 1:39
lamanites	4 Nephi 1:43
lamanites	4 Nephi 1:45
lamanites	Mormon 1:8
lamanites	Mormon 1:9
lamanites	Mormon 1:9
lamanites	Mormon 1:9
lamanites	Mormon 1:11
lamanites	Mormon 1:12
lamanites	Mormon 1:18
lamanites	Mormon 2:1
lamanites	Mormon 2:2
lamanites	Mormon 2:3
lamanites	Mormon 2:4
lamanites	Mormon 2:4
lamanites	Mormon 2:8
lamanites	Mormon 2:8
lamanites	Mormon 2:9
lamanites	Mormon 2:16
lamanites	Mormon 2:23
lamanites	Mormon 2:24
lamanites	Mormon 2:27
lamanites	Mormon 2:28
lamanites	Mormon 2:29
lamanites	Mormon 2:29
lamanites	Mormon 3:1
lamanites	Mormon 3:4
lamanites	Mormon 3:6
lamanites	Mormon 3:7
lamanites	Mormon 4:1
lamanites	Mormon 4:2
lamanites	Mormon 4:2
lamanites	Mormon 4:4
lamanites	Mormon 4:4
lamanites	Mormon 4:6
lamanites	Mormon 4:7
lamanites	Mormon 4:8
lamanites	Mormon 4:9
lamanites	Mormon 4:10
lamanites	Mormon 4:11
lamanites	Mormon 4:13
lamanites	Mormon 4:15
lamanites	Mormon 4:15
lamanites	Mormon 4:15
lamanites	Mormon 4:16
lamanites	Mormon 4:18
lamanites	Mormon 4:19
lamanites	Mormon 4:20
lamanites	Mormon 4:20
lamanites	Mormon 4:23
lamanites	Mormon 5:3
lamanites	Mormon 5:5
lamanites	Mormon 5:6
lamanites	Mormon 5:7
lamanites	Mormon 5:7
lamanites	Mormon 5:15
lamanites	Mormon 6:1
lamanites	Mormon 6:2
lamanites	Mormon 6:3
lamanites	Mormon 6:4
lamanites	Mormon 6:6
lamanites	Mormon 6:6
lamanites	Mormon 6:7
lamanites	Mormon 6:11
lamanites	Mormon 6:15
lamanites	Mormon 8:2
lamanites	Mormon 8:7
lamanites	Mormon 8:8
lamanites	Mormon 8:9
lamanites	Ether 4:3
lamanites	Ether 8:20
lamanites	Ether 12:14
lamanites	Ether 12:15
lamanites	Moroni 1:1
lamanites	Moroni 1:4
lamanites	Moroni 8:27
lamanites	Moroni 9:2
lamanites	Moroni 9:3
lamanites	Moroni 9:7
lamanites	Moroni 9:9
lamanites	Moroni 9:9
lamanites	Moroni 9:16
lamanites	Moroni 9:17
lamanites	Moroni 9:20
lamanites	Moroni 9:24
lamanites	Moroni 10:1
lamanitish	Alma 17:26
lamanitish	Alma 19:16
lambs	2 Nephi 15:17
lamentations	Alma 4:13
lamentations	3 Nephi 10:10
lamentations	Ether 15:16
lamoni	Alma 17:21
lamoni	Alma 17:24
lamoni	Alma 17:25
lamoni	Alma 17:25
lamoni	Alma 18:1
lamoni	Alma 18:5
lamoni	Alma 18:5
lamoni	Alma 18:8
lamoni	Alma 18:9
lamoni	Alma 18:10
lamoni	Alma 18:18
lamoni	Alma 18:22
lamoni	Alma 18:31
lamoni	Alma 18:33
lamoni	Alma 19:6
lamoni	Alma 19:17
lamoni	Alma 19:30
lamoni	Alma 19:33
lamoni	Alma 20:1
lamoni	Alma 20:3
lamoni	Alma 20:4
lamoni	Alma 20:4
lamoni	Alma 20:6
lamoni	Alma 20:8
lamoni	Alma 20:8
lamoni	Alma 20:9
lamoni	Alma 20:11
lamoni	Alma 20:13
lamoni	Alma 20:13
lamoni	Alma 20:14
lamoni	Alma 20:15
lamoni	Alma 20:24
lamoni	Alma 20:26
lamoni	Alma 20:26
lamoni	Alma 20:27
lamoni	Alma 20:28
lamoni	Alma 20:28
lamoni	Alma 20:30
lamoni	Alma 21:14
lamoni	Alma 21:18
lamoni	Alma 21:19
lamoni	Alma 21:22
lamoni	Alma 21:23
lamoni	Alma 22:1
lamoni	Alma 22:1
lamoni	Alma 22:4
lamoni	Alma 24:5
lands	1 Nephi 2:20
lands	1 Nephi 13:30
lands	1 Nephi 17:38
lands	1 Nephi 19:22
lands	1 Nephi 22:12
lands	2 Nephi 1:5
lands	2 Nephi 1:11
lands	2 Nephi 6:11
lands	2 Nephi 9:2
lands	2 Nephi 9:2
lands	2 Nephi 10:7
lands	2 Nephi 10:8
lands	2 Nephi 10:19
lands	2 Nephi 24:2
lands	2 Nephi 25:11
lands	2 Nephi 27:1
lands	2 Nephi 27:1
lands	2 Nephi 29:14
lands	Jacob 2:31
lands	Jarom 1:7
lands	Words of Mormon 1:14
lands	Mosiah 9:14
lands	Mosiah 24:2
lands	Mosiah 24:2
lands	Alma 3:1
lands	Alma 7:27
lands	Alma 8:7
lands	Alma 16:8
lands	Alma 16:11
lands	Alma 35:9
lands	Alma 35:14
lands	Alma 35:14
lands	Alma 43:9
lands	Alma 43:12
lands	Alma 43:26
lands	Alma 43:30
lands	Alma 43:47
lands	Alma 43:48
lands	Alma 44:5
lands	Alma 44:23
lands	Alma 48:8
lands	Alma 48:10
lands	Alma 50:7
lands	Alma 50:9
lands	Alma 50:12
lands	Alma 50:12
lands	Alma 50:36
lands	Alma 51:1
lands	Alma 52:13
lands	Alma 54:6
lands	Alma 54:6
lands	Alma 54:7
lands	Alma 54:10
lands	Alma 54:13
lands	Alma 58:10
lands	Alma 58:12
lands	Alma 58:33
lands	Alma 58:33
lands	Alma 58:38
lands	Alma 59:1
lands	Alma 60:17
lands	Alma 63:15
lands	Helaman 1:18
lands	Helaman 4:5
lands	Helaman 4:13
lands	Helaman 4:16
lands	Helaman 4:19
lands	Helaman 5:52
lands	Helaman 6:11
lands	Helaman 7:28
lands	Helaman 11:29
lands	Helaman 11:31
lands	Helaman 16:7
lands	3 Nephi 2:17
lands	3 Nephi 3:6
lands	3 Nephi 3:10
lands	3 Nephi 3:20
lands	3 Nephi 3:21
lands	3 Nephi 4:1
lands	3 Nephi 4:1
lands	3 Nephi 4:2
lands	3 Nephi 4:3
lands	3 Nephi 4:16
lands	3 Nephi 5:26
lands	3 Nephi 6:1
lands	3 Nephi 6:2
lands	3 Nephi 6:3
lands	3 Nephi 29:1
lands	4 Nephi 1:1
lands	Mormon 2:27
lands	Mormon 2:28
lands	Mormon 3:1
lands	Mormon 3:6
lands	Mormon 3:7
lands	Mormon 4:15
lands	Mormon 5:5
lands	Mormon 8:29
lands	Ether 2:7
lands	Ether 2:10
lands	Ether 2:13
lands	Ether 2:15
lands	Ether 8:25
lands	Ether 9:20
lands	Ether 10:28
lands	Ether 13:2
langauge	Mosiah 28:17
languages	Omni 1:25
languages	Mosiah 8:6
languages	Mosiah 28:14
languages	Moroni 10:16
larger	Jacob 3:13
lasted	Helaman 14:27
lasted	Ether 9:12
laughed	Alma 26:23
laugheth	3 Nephi 9:2
launched	Alma 63:5
laws	Jarom 1:5
laws	Mosiah 4:14
laws	Mosiah 29:13
laws	Mosiah 29:22
laws	Mosiah 29:23
laws	Mosiah 29:23
laws	Mosiah 29:23
laws	Mosiah 29:25
laws	Alma 1:1
laws	Alma 1:1
laws	Alma 4:16
laws	Alma 4:16
laws	Alma 10:24
laws	Alma 60:33
laws	Helaman 4:22
laws	Helaman 4:22
laws	Helaman 5:2
laws	Helaman 5:2
laws	Helaman 6:23
laws	Helaman 6:23
laws	Helaman 6:24
laws	Helaman 6:24
laws	3 Nephi 6:4
laws	3 Nephi 6:24
laws	3 Nephi 7:11
laws	3 Nephi 7:14
laws	3 Nephi 7:14
laws	Mormon 9:3
lawyers	Alma 10:14
lawyers	Alma 10:15
lawyers	Alma 10:17
lawyers	Alma 10:24
lawyers	Alma 10:27
lawyers	Alma 10:29
lawyers	Alma 10:30
lawyers	Alma 10:32
lawyers	Alma 14:2
lawyers	Alma 14:5
lawyers	Alma 14:18
lawyers	Alma 14:23
lawyers	Alma 14:27
lawyers	3 Nephi 6:11
lawyers	3 Nephi 6:21
lawyers	3 Nephi 6:21
lawyers	3 Nephi 6:27
layeth	2 Nephi 2:8
layeth	2 Nephi 26:24
layeth	Helaman 13:34
leaders	2 Nephi 19:16
leaders	Jarom 1:7
leaders	Mosiah 27:1
leaders	Alma 2:14
leaders	Alma 43:44
leaders	Alma 49:6
leaders	Alma 51:19
leaders	Alma 56:51
leaders	Alma 56:51
leaders	Helaman 11:8
leaders	3 Nephi 3:1
leaders	3 Nephi 6:6
leaders	3 Nephi 7:3
leaders	3 Nephi 7:11
leaders	3 Nephi 7:14
leaders	Mormon 8:28
leadeth	1 Nephi 12:17
leadeth	1 Nephi 17:38
leadeth	1 Nephi 20:17
leadeth	2 Nephi 26:22
leadeth	2 Nephi 28:21
leadeth	Helaman 15:7
leadeth	3 Nephi 14:13
leadeth	3 Nephi 14:14
leadeth	Ether 4:12
leadeth	Ether 6:23
leads	2 Nephi 31:18
leads	2 Nephi 33:9
leads	Alma 7:19
leads	3 Nephi 27:33
leads	3 Nephi 27:33
leah	Alma 11:17
leaned	Ether 15:30
leaped	Alma 15:11
lebanon	2 Nephi 12:13
lebanon	2 Nephi 20:34
lebanon	2 Nephi 24:8
lebanon	2 Nephi 27:28
legs	2 Nephi 13:20
legs	Alma 49:24
lehi	1 Nephi 1:4
lehi	1 Nephi 1:5
lehi	1 Nephi 1:18
lehi	1 Nephi 2:1
lehi	1 Nephi 5:6
lehi	1 Nephi 5:10
lehi	1 Nephi 5:14
lehi	1 Nephi 5:16
lehi	1 Nephi 7:1
lehi	1 Nephi 7:1
lehi	1 Nephi 18:17
lehi	2 Nephi 1:1
lehi	2 Nephi 1:6
lehi	2 Nephi 1:9
lehi	2 Nephi 2:17
lehi	2 Nephi 4:12
lehi	Jacob 1:1
lehi	Jacob 2:34
lehi	Enos 1:25
lehi	Mosiah 1:4
lehi	Mosiah 2:34
lehi	Mosiah 6:4
lehi	Mosiah 7:1
lehi	Mosiah 7:1
lehi	Mosiah 7:2
lehi	Mosiah 7:4
lehi	Mosiah 7:21
lehi	Mosiah 9:6
lehi	Mosiah 9:8
lehi	Mosiah 28:20
lehi	Mosiah 29:46
lehi	Alma 9:9
lehi	Alma 9:13
lehi	Alma 10:3
lehi	Alma 16:5
lehi	Alma 18:36
lehi	Alma 18:38
lehi	Alma 24:1
lehi	Alma 24:2
lehi	Alma 24:3
lehi	Alma 24:5
lehi	Alma 24:20
lehi	Alma 25:1
lehi	Alma 25:13
lehi	Alma 27:2
lehi	Alma 27:21
lehi	Alma 27:25
lehi	Alma 28:2
lehi	Alma 36:22
lehi	Alma 43:11
lehi	Alma 43:35
lehi	Alma 43:36
lehi	Alma 43:40
lehi	Alma 43:40
lehi	Alma 43:40
lehi	Alma 43:52
lehi	Alma 43:53
lehi	Alma 49:8
lehi	Alma 49:16
lehi	Alma 49:16
lehi	Alma 49:17
lehi	Alma 49:17
lehi	Alma 50:15
lehi	Alma 50:19
lehi	Alma 50:25
lehi	Alma 50:25
lehi	Alma 50:26
lehi	Alma 50:27
lehi	Alma 50:28
lehi	Alma 50:36
lehi	Alma 51:1
lehi	Alma 51:24
lehi	Alma 51:26
lehi	Alma 52:27
lehi	Alma 52:28
lehi	Alma 52:28
lehi	Alma 52:28
lehi	Alma 52:29
lehi	Alma 52:30
lehi	Alma 52:31
lehi	Alma 52:36
lehi	Alma 53:2
lehi	Alma 53:2
lehi	Alma 53:2
lehi	Alma 56:3
lehi	Alma 59:5
lehi	Alma 61:15
lehi	Alma 61:18
lehi	Alma 61:21
lehi	Alma 62:3
lehi	Alma 62:13
lehi	Alma 62:30
lehi	Alma 62:32
lehi	Alma 62:32
lehi	Alma 62:34
lehi	Alma 62:37
lehi	Helaman 1:28
lehi	Helaman 3:21
lehi	Helaman 4:14
lehi	Helaman 5:4
lehi	Helaman 5:18
lehi	Helaman 5:20
lehi	Helaman 5:23
lehi	Helaman 5:23
lehi	Helaman 5:26
lehi	Helaman 5:36
lehi	Helaman 5:37
lehi	Helaman 5:44
lehi	Helaman 6:6
lehi	Helaman 6:10
lehi	Helaman 6:10
lehi	Helaman 8:22
lehi	Helaman 11:19
lehi	Helaman 11:23
lehi	3 Nephi 1:1
lehi	3 Nephi 1:2
lehi	3 Nephi 2:6
lehi	3 Nephi 4:11
lehi	3 Nephi 5:15
lehi	3 Nephi 5:20
lehi	3 Nephi 5:22
lehi	3 Nephi 10:17
lehi	Mormon 4:12
lehi	Ether 12:14
lehi	Ether 13:5
lehies	Alma 23:17
lehonti	Alma 47:10
lehonti	Alma 47:11
lehonti	Alma 47:11
lehonti	Alma 47:12
lehonti	Alma 47:12
lehonti	Alma 47:12
lehonti	Alma 47:13
lehonti	Alma 47:13
lehonti	Alma 47:14
lehonti	Alma 47:14
lehonti	Alma 47:18
lehonti	Alma 47:19
lemuel	1 Nephi 2:5
lemuel	1 Nephi 2:10
lemuel	1 Nephi 2:11
lemuel	1 Nephi 2:12
lemuel	1 Nephi 2:14
lemuel	1 Nephi 2:18
lemuel	1 Nephi 3:28
lemuel	1 Nephi 3:28
lemuel	1 Nephi 3:31
lemuel	1 Nephi 4:28
lemuel	1 Nephi 7:6
lemuel	1 Nephi 7:8
lemuel	1 Nephi 8:4
lemuel	1 Nephi 8:17
lemuel	1 Nephi 8:35
lemuel	1 Nephi 8:36
lemuel	1 Nephi 9:1
lemuel	1 Nephi 10:16
lemuel	1 Nephi 16:6
lemuel	1 Nephi 16:20
lemuel	1 Nephi 16:37
lemuel	1 Nephi 18:11
lemuel	2 Nephi 1:28
lemuel	2 Nephi 4:8
lemuel	2 Nephi 4:13
lemuel	Alma 3:7
lemuel	Alma 18:38
lemuel	Alma 23:12
lemuel	Alma 24:29
lemuel	Alma 43:13
lemuelites	Jacob 1:13
lemuelites	Alma 47:35
lemuelites	4 Nephi 1:38
lemuelites	Mormon 1:8
lemuelites	Mormon 1:9
letting	Helaman 7:5
levelled	Alma 51:18
levi	3 Nephi 24:3
levi	Ether 1:20
levi	Ether 1:21
levi	Ether 10:14
levi	Ether 10:15
liahona	Alma 37:38
liars	Alma 1:17
liberties	Alma 43:26
liberties	Alma 43:45
lied	Jacob 7:19
lied	Jacob 7:19
lied	Mosiah 12:14
lied	Alma 10:28
lied	Alma 11:25
lied	Alma 11:36
lied	Alma 12:3
lied	Alma 12:3
lied	Alma 14:2
lies	2 Nephi 2:18
lies	2 Nephi 9:9
lies	2 Nephi 19:15
lies	Ether 8:25
liest	Alma 37:37
lieth	1 Nephi 16:38
lieth	2 Nephi 9:41
lieth	Jacob 4:13
lieth	Helaman 8:27
lieth	3 Nephi 27:18
lightnings	1 Nephi 12:4
lightnings	1 Nephi 19:11
lightnings	2 Nephi 26:6
lightnings	Helaman 14:21
lightnings	Helaman 14:26
lightnings	3 Nephi 8:7
lightnings	3 Nephi 8:12
lightnings	3 Nephi 8:17
lightnings	3 Nephi 8:19
lilies	3 Nephi 13:28
limbs	2 Nephi 1:14
limbs	Mosiah 27:22
limbs	Mosiah 27:23
limbs	Alma 36:10
limbs	Alma 36:23
limhah	Mormon 6:14
limher	Alma 2:22
limhi	Mosiah 7:9
limhi	Mosiah 7:14
limhi	Mosiah 7:16
limhi	Mosiah 7:17
limhi	Mosiah 8:1
limhi	Mosiah 8:3
limhi	Mosiah 8:4
limhi	Mosiah 19:16
limhi	Mosiah 19:17
limhi	Mosiah 19:17
limhi	Mosiah 19:26
limhi	Mosiah 19:27
limhi	Mosiah 19:28
limhi	Mosiah 19:29
limhi	Mosiah 20:6
limhi	Mosiah 20:6
limhi	Mosiah 20:7
limhi	Mosiah 20:8
limhi	Mosiah 20:9
limhi	Mosiah 20:11
limhi	Mosiah 20:13
limhi	Mosiah 20:14
limhi	Mosiah 20:14
limhi	Mosiah 20:16
limhi	Mosiah 20:23
limhi	Mosiah 20:25
limhi	Mosiah 20:26
limhi	Mosiah 21:1
limhi	Mosiah 21:3
limhi	Mosiah 21:9
limhi	Mosiah 21:11
limhi	Mosiah 21:17
limhi	Mosiah 21:18
limhi	Mosiah 21:22
limhi	Mosiah 21:25
limhi	Mosiah 21:28
limhi	Mosiah 21:32
limhi	Mosiah 21:33
limhi	Mosiah 21:36
limhi	Mosiah 22:1
limhi	Mosiah 22:2
limhi	Mosiah 22:10
limhi	Mosiah 22:10
limhi	Mosiah 22:11
limhi	Mosiah 22:14
limhi	Mosiah 22:15
limhi	Mosiah 23:30
limhi	Mosiah 25:16
limhi	Mosiah 25:17
limhi	Mosiah 28:11
limhi	Mosiah 28:11
limhi	Alma 1:8
limhi	Helaman 5:21
limhi	Ether 1:2
limhi	Ether 15:33
limnah	Alma 11:5
limnah	Alma 11:10
lions	2 Nephi 15:29
lions	Mosiah 20:10
lions	Alma 14:29
lips	2 Nephi 16:5
lips	2 Nephi 16:5
lips	2 Nephi 16:7
lips	2 Nephi 21:4
lips	2 Nephi 27:25
lips	2 Nephi 30:9
liquors	Alma 55:32
listened	Mosiah 22:4
listeth	Mosiah 2:33
listeth	Mosiah 2:33
listeth	Mosiah 2:37
listeth	Alma 3:27
listeth	Alma 26:6
lived	2 Nephi 5:27
lived	Omni 1:23
lived	Mosiah 6:5
lived	Mosiah 29:45
lived	Alma 22:28
lived	Alma 42:5
lived	3 Nephi 28:2
lived	Ether 9:22
lived	Ether 9:24
lived	Ether 10:31
lived	Ether 11:4
livest	Alma 19:13
livest	Alma 22:8
liveth	1 Nephi 3:15
liveth	1 Nephi 4:32
liveth	2 Nephi 9:16
liveth	2 Nephi 25:20
liveth	2 Nephi 25:20
liveth	2 Nephi 27:31
liveth	Omni 1:26
liveth	Alma 7:7
liveth	Alma 10:10
liveth	Alma 23:6
liveth	Alma 23:6
liveth	Alma 44:11
liveth	Alma 54:10
liveth	Helaman 13:26
liveth	Helaman 15:17
liveth	3 Nephi 3:15
liveth	3 Nephi 3:21
liveth	3 Nephi 5:24
liveth	3 Nephi 5:26
liveth	Mormon 8:23
liveth	Moroni 7:26
loins	1 Nephi 4:19
loins	1 Nephi 4:21
loins	2 Nephi 3:4
loins	2 Nephi 3:5
loins	2 Nephi 3:6
loins	2 Nephi 3:7
loins	2 Nephi 3:7
loins	2 Nephi 3:7
loins	2 Nephi 3:11
loins	2 Nephi 3:11
loins	2 Nephi 3:12
loins	2 Nephi 3:12
loins	2 Nephi 3:12
loins	2 Nephi 3:12
loins	2 Nephi 3:12
loins	2 Nephi 3:14
loins	2 Nephi 3:18
loins	2 Nephi 3:18
loins	2 Nephi 3:18
loins	2 Nephi 3:18
loins	2 Nephi 3:19
loins	2 Nephi 3:19
loins	2 Nephi 3:21
loins	2 Nephi 15:27
loins	2 Nephi 21:5
loins	2 Nephi 30:11
loins	Jacob 2:25
loins	Enos 1:20
loins	Mosiah 10:8
loins	Alma 3:5
loins	Alma 43:20
loins	Alma 46:13
loins	Alma 46:21
loins	3 Nephi 4:7
looked	1 Nephi 8:14
looked	1 Nephi 11:8
looked	1 Nephi 11:12
looked	1 Nephi 11:13
looked	1 Nephi 11:20
looked	1 Nephi 11:24
looked	1 Nephi 11:27
looked	1 Nephi 11:30
looked	1 Nephi 11:31
looked	1 Nephi 11:32
looked	1 Nephi 12:1
looked	1 Nephi 12:11
looked	1 Nephi 12:15
looked	1 Nephi 13:1
looked	1 Nephi 13:10
looked	1 Nephi 13:12
looked	1 Nephi 14:11
looked	1 Nephi 14:19
looked	2 Nephi 15:2
looked	2 Nephi 15:4
looked	2 Nephi 15:7
looked	Jacob 5:17
looked	Mosiah 15:11
looked	Alma 60:8
looked	Helaman 8:22
looked	3 Nephi 13:25
looked	3 Nephi 17:1
looked	3 Nephi 17:24
looked	Mormon 5:1
looketh	Alma 18:32
looketh	3 Nephi 12:28
looking	Jacob 4:14
looking	Alma 4:14
looking	Alma 32:40
looking	Alma 32:41
looking	Alma 40:14
looks	2 Nephi 12:11
looks	2 Nephi 20:12
looks	Ether 3:5
lots	1 Nephi 3:11
lovest	Alma 11:24
loveth	1 Nephi 11:17
loveth	1 Nephi 17:40
loveth	2 Nephi 26:24
loveth	Alma 24:14
loveth	Alma 24:14
loveth	Helaman 15:3
luram	Moroni 9:2
lustre	1 Nephi 1:9
lustre	Mosiah 13:5
lusts	1 Nephi 22:23
lusts	Alma 39:9
lusts	Mormon 9:28
lyings	Alma 16:18
lyings	Alma 20:13
lyings	3 Nephi 1:22
lyings	3 Nephi 1:22
lyings	3 Nephi 1:29
lyings	3 Nephi 16:10
lyings	3 Nephi 21:19
lyings	3 Nephi 30:2
lyings	4 Nephi 1:16
madest	Ether 12:24
madmenah	2 Nephi 20:31
magics	Mormon 1:19
mahah	Ether 6:14
maher	2 Nephi 18:1
maher	2 Nephi 18:3
maidservants	Alma 50:30
makers	3 Nephi 12:9
maketh	1 Nephi 15:9
maketh	2 Nephi 4:34
maketh	2 Nephi 28:31
maketh	2 Nephi 33:4
maketh	Jarom 1:4
maketh	Alma 38:6
maketh	3 Nephi 12:45
maketh	Ether 12:4
malachi	3 Nephi 24:1
malachi	3 Nephi 24:1
manasseh	2 Nephi 19:21
manasseh	2 Nephi 19:21
manasseh	Alma 10:3
manifestations	Mosiah 5:3
manifestations	Mormon 3:16
manifestations	Ether 4:11
manifestations	Moroni 10:8
manifesteth	2 Nephi 26:13
manifesteth	Jacob 4:11
mansions	Enos 1:27
mansions	Ether 12:32
mansions	Ether 12:34
mansions	Ether 12:37
manti	Alma 1:15
manti	Alma 2:22
manti	Alma 16:6
manti	Alma 16:7
manti	Alma 17:1
manti	Alma 22:27
manti	Alma 43:22
manti	Alma 43:24
manti	Alma 43:25
manti	Alma 43:32
manti	Alma 43:42
manti	Alma 56:14
manti	Alma 56:14
manti	Alma 57:22
manti	Alma 58:1
manti	Alma 58:13
manti	Alma 58:25
manti	Alma 58:26
manti	Alma 58:27
manti	Alma 58:28
manti	Alma 58:39
manti	Alma 59:6
mantles	2 Nephi 13:22
marched	Alma 16:7
marched	Alma 43:25
marched	Alma 46:31
marched	Alma 46:32
marched	Alma 47:20
marched	Alma 49:12
marched	Alma 49:13
marched	Alma 51:28
marched	Alma 52:12
marched	Alma 52:22
marched	Alma 52:26
marched	Alma 53:3
marched	Alma 56:35
marched	Alma 62:38
marched	Mormon 2:6
marred	3 Nephi 20:44
marred	3 Nephi 21:10
marvelled	Alma 18:18
marvelled	Alma 22:23
marvelled	Alma 59:12
marvelled	3 Nephi 15:2
marvelling	3 Nephi 11:1
marvellings	Alma 18:16
marvellings	Alma 18:17
marvellous	1 Nephi 1:14
marvellous	1 Nephi 1:14
marvellous	1 Nephi 1:18
marvellous	1 Nephi 14:7
marvellous	1 Nephi 22:8
marvellous	2 Nephi 1:10
marvellous	2 Nephi 4:17
marvellous	2 Nephi 27:26
marvellous	2 Nephi 27:26
marvellous	2 Nephi 29:1
marvellous	Jacob 4:8
marvellous	Mosiah 1:13
marvellous	Mosiah 8:20
marvellous	Mosiah 27:29
marvellous	Alma 9:5
marvellous	Alma 9:6
marvellous	Alma 10:5
marvellous	Alma 10:5
marvellous	Alma 19:6
marvellous	Alma 26:3
marvellous	Alma 26:15
marvellous	Alma 36:20
marvellous	Alma 37:41
marvellous	Alma 37:41
marvellous	Alma 57:26
marvellous	Helaman 5:26
marvellous	Helaman 5:33
marvellous	Helaman 5:45
marvellous	Helaman 9:2
marvellous	Helaman 16:16
marvellous	Helaman 16:20
marvellous	3 Nephi 3:16
marvellous	3 Nephi 5:8
marvellous	3 Nephi 11:1
marvellous	3 Nephi 17:16
marvellous	3 Nephi 17:17
marvellous	3 Nephi 19:34
marvellous	3 Nephi 21:9
marvellous	3 Nephi 26:14
marvellous	3 Nephi 26:16
marvellous	3 Nephi 28:31
marvellous	3 Nephi 28:32
marvellous	3 Nephi 28:33
marvellous	4 Nephi 1:5
marvellous	Mormon 7:9
marvellous	Mormon 8:7
marvellous	Mormon 8:34
marvellous	Mormon 9:16
marvellous	Mormon 9:16
marvellous	Ether 4:15
marvellous	Ether 11:20
marvellous	Ether 12:5
marvellous	Ether 13:13
mary	Mosiah 3:8
mary	Alma 7:10
massacred	Alma 48:24
masters	Mosiah 24:9
masters	Mosiah 24:19
masters	3 Nephi 13:24
mathoni	3 Nephi 19:4
mathonihah	3 Nephi 19:4
mattereth	1 Nephi 6:3
mattereth	Jacob 5:8
mattereth	Jacob 5:13
mattereth	Alma 40:5
mattereth	Alma 40:8
mattereth	Alma 40:8
mattereth	Alma 54:22
mattereth	Alma 58:37
mattereth	Alma 61:9
mattereth	Mormon 8:4
mattereth	Mormon 8:31
mattereth	Ether 12:37
mattereth	Ether 15:34
matters	Mosiah 13:9
matters	Alma 5:58
mayest	1 Nephi 21:6
mayest	1 Nephi 21:9
mayest	Mosiah 3:4
mayest	Mosiah 3:4
mayest	Mosiah 12:16
mayest	Alma 18:20
mayest	Alma 42:31
mayest	Moroni 10:31
meaneth	1 Nephi 15:13
meaneth	1 Nephi 15:17
meaneth	1 Nephi 15:17
meaneth	1 Nephi 15:17
meaneth	1 Nephi 15:21
meaneth	1 Nephi 15:21
meaneth	1 Nephi 15:23
meaneth	1 Nephi 15:26
meaneth	1 Nephi 22:1
meaneth	1 Nephi 22:6
meaneth	1 Nephi 22:7
meaneth	2 Nephi 20:7
meaneth	Mosiah 12:20
meaneth	Alma 18:25
meaneth	Alma 40:17
meaneth	Alma 40:18
means	1 Nephi 16:29
means	1 Nephi 17:3
means	1 Nephi 17:3
means	2 Nephi 5:14
means	Jacob 1:7
means	Jacob 4:18
means	Jacob 7:24
means	Enos 1:13
means	Mosiah 3:17
means	Mosiah 4:8
means	Mosiah 4:29
means	Mosiah 8:18
means	Mosiah 9:11
means	Mosiah 21:19
means	Mosiah 21:20
means	Mosiah 28:13
means	Alma 26:30
means	Alma 26:30
means	Alma 30:47
means	Alma 31:4
means	Alma 34:15
means	Alma 37:6
means	Alma 37:7
means	Alma 37:7
means	Alma 37:10
means	Alma 37:41
means	Alma 38:9
means	Alma 42:12
means	Alma 43:25
means	Alma 48:23
means	Alma 49:14
means	Alma 52:19
means	Alma 58:9
means	Alma 58:23
means	Alma 60:21
means	Alma 62:23
means	Helaman 5:9
means	Helaman 6:20
means	Helaman 6:25
means	Helaman 15:9
means	3 Nephi 1:7
means	3 Nephi 12:26
means	3 Nephi 18:32
means	Mormon 9:34
means	Ether 7:9
means	Ether 9:11
medes	2 Nephi 23:17
meetings	Moroni 6:9
melchizedek	Alma 13:14
melchizedek	Alma 13:15
melchizedek	Alma 13:17
melchizedek	Alma 13:18
melchizedek	Alma 13:18
melek	Alma 8:3
melek	Alma 8:4
melek	Alma 8:4
melek	Alma 8:6
melek	Alma 8:6
melek	Alma 31:6
melek	Alma 35:13
melek	Alma 45:18
merchants	3 Nephi 6:11
mercies	1 Nephi 1:20
mercies	1 Nephi 8:8
mercies	2 Nephi 1:2
mercies	2 Nephi 9:25
mercies	Alma 24:25
mercies	Alma 26:28
mercies	Alma 26:28
mercies	Alma 26:28
mercies	Alma 27:9
mercies	Alma 33:16
mercies	Alma 34:38
mercies	3 Nephi 16:9
mercies	3 Nephi 22:7
mercies	Mormon 2:12
mercies	Ether 6:12
mercies	Moroni 8:19
mercies	Moroni 8:20
mercies	Moroni 8:23
merits	2 Nephi 2:8
merits	2 Nephi 31:19
merits	Alma 24:10
merits	Helaman 14:13
merits	Moroni 6:4
messengers	2 Nephi 24:32
messengers	Alma 43:24
messengers	Alma 43:24
metals	Helaman 6:9
metals	Ether 10:23
michmash	2 Nephi 20:28
middoni	Alma 20:2
middoni	Alma 20:3
middoni	Alma 20:4
middoni	Alma 20:4
middoni	Alma 20:4
middoni	Alma 20:5
middoni	Alma 20:7
middoni	Alma 20:14
middoni	Alma 20:15
middoni	Alma 20:28
middoni	Alma 20:30
middoni	Alma 21:12
middoni	Alma 21:13
middoni	Alma 21:18
middoni	Alma 22:1
middoni	Alma 22:3
middoni	Alma 23:10
midian	2 Nephi 20:26
midian	Alma 24:5
mightest	1 Nephi 2:9
mightest	1 Nephi 2:10
mightest	Mosiah 27:14
mightest	Alma 11:25
mightest	Alma 12:4
mightest	Ether 12:33
mightier	1 Nephi 4:1
mightier	1 Nephi 4:1
mightier	1 Nephi 10:8
mightier	Alma 10:25
mightier	Alma 22:20
mights	Jacob 1:19
mights	Jacob 5:61
mights	Jacob 5:62
mights	Jacob 5:71
mights	Jacob 5:71
mights	Jacob 5:72
mights	Alma 26:5
mights	Alma 44:17
mights	Alma 56:15
mights	Alma 56:37
mights	Mormon 2:4
mights	Ether 15:24
migron	2 Nephi 20:28
millions	Ether 15:2
millions	Ether 15:2
minds	1 Nephi 7:8
minds	1 Nephi 14:7
minds	1 Nephi 17:30
minds	2 Nephi 9:47
minds	Jacob 2:9
minds	Jacob 3:2
minds	Jarom 1:3
minds	Mosiah 2:9
minds	Alma 11:4
minds	Alma 13:1
minds	Alma 13:4
minds	Alma 14:6
minds	Alma 16:16
minds	Alma 17:6
minds	Alma 30:16
minds	Alma 31:5
minds	Alma 34:3
minds	Alma 34:5
minds	Alma 35:5
minds	Alma 35:6
minds	Alma 39:16
minds	Alma 39:16
minds	Alma 47:6
minds	Alma 48:3
minds	Alma 48:7
minds	Alma 57:27
minds	3 Nephi 2:1
minds	3 Nephi 7:14
minds	3 Nephi 7:16
minds	3 Nephi 17:3
minds	Ether 15:19
mingleth	Alma 3:15
ministers	1 Nephi 12:9
ministers	1 Nephi 12:10
ministers	Mosiah 23:14
minon	Alma 2:24
miracles	1 Nephi 17:51
miracles	2 Nephi 10:4
miracles	2 Nephi 26:13
miracles	2 Nephi 26:20
miracles	2 Nephi 27:23
miracles	2 Nephi 28:6
miracles	Mosiah 3:5
miracles	Mosiah 8:18
miracles	Mosiah 15:6
miracles	Alma 23:6
miracles	Alma 26:12
miracles	Alma 37:40
miracles	Alma 37:41
miracles	Helaman 16:4
miracles	Helaman 16:23
miracles	3 Nephi 1:4
miracles	3 Nephi 7:20
miracles	3 Nephi 7:22
miracles	3 Nephi 8:1
miracles	3 Nephi 19:35
miracles	4 Nephi 1:5
miracles	4 Nephi 1:5
miracles	4 Nephi 1:13
miracles	4 Nephi 1:29
miracles	4 Nephi 1:30
miracles	4 Nephi 1:31
miracles	Mormon 1:13
miracles	Mormon 8:26
miracles	Mormon 9:10
miracles	Mormon 9:11
miracles	Mormon 9:15
miracles	Mormon 9:15
miracles	Mormon 9:17
miracles	Mormon 9:18
miracles	Mormon 9:18
miracles	Mormon 9:19
miracles	Mormon 9:19
miracles	Mormon 9:19
miracles	Mormon 9:20
miracles	Ether 12:16
miracles	Ether 12:18
miracles	Moroni 7:27
miracles	Moroni 7:29
miracles	Moroni 7:35
miracles	Moroni 7:37
miracles	Moroni 10:12
mischiefs	3 Nephi 16:10
miserable	2 Nephi 2:5
miserable	2 Nephi 2:18
miserable	2 Nephi 2:27
miserable	Alma 12:26
miserable	Alma 42:11
miserable	Mormon 9:4
mists	1 Nephi 12:17
mists	3 Nephi 8:22
mixeth	2 Nephi 5:23
mnltitude	3 Nephi 18:17
moab	2 Nephi 21:14
mocum	3 Nephi 9:7
moles	2 Nephi 12:20
months	Alma 58:7
moons	Omni 1:21
moriancumer	Ether 2:13
morianton	Alma 50:25
morianton	Alma 50:26
morianton	Alma 50:26
morianton	Alma 50:28
morianton	Alma 50:28
morianton	Alma 50:29
morianton	Alma 50:30
morianton	Alma 50:32
morianton	Alma 50:33
morianton	Alma 50:35
morianton	Alma 50:35
morianton	Alma 50:35
morianton	Alma 50:36
morianton	Alma 50:36
morianton	Alma 51:1
morianton	Alma 51:26
morianton	Alma 51:29
morianton	Alma 55:33
morianton	Alma 59:5
morianton	Ether 1:22
morianton	Ether 1:23
morianton	Ether 10:9
morianton	Ether 10:12
morianton	Ether 10:13
moriantum	Moroni 9:9
morionton	Alma 55:33
mormon	Words of Mormon 1:1
mormon	Words of Mormon 1:9
mormon	Words of Mormon 1:11
mormon	Mosiah 18:4
mormon	Mosiah 18:5
mormon	Mosiah 18:7
mormon	Mosiah 18:8
mormon	Mosiah 18:16
mormon	Mosiah 18:16
mormon	Mosiah 18:30
mormon	Mosiah 18:30
mormon	Mosiah 18:30
mormon	Mosiah 18:30
mormon	Mosiah 18:30
mormon	Mosiah 18:30
mormon	Mosiah 25:18
mormon	Mosiah 26:15
mormon	Alma 5:3
mormon	Alma 5:3
mormon	Alma 21:1
mormon	3 Nephi 5:12
mormon	3 Nephi 5:12
mormon	3 Nephi 5:20
mormon	3 Nephi 26:12
mormon	3 Nephi 26:12
mormon	3 Nephi 28:24
mormon	4 Nephi 1:23
mormon	Mormon 1:1
mormon	Mormon 1:1
mormon	Mormon 1:5
mormon	Mormon 1:5
mormon	Mormon 2:12
mormon	Mormon 3:11
mormon	Mormon 4:23
mormon	Mormon 5:8
mormon	Mormon 6:2
mormon	Mormon 6:6
mormon	Mormon 8:1
mormon	Mormon 8:13
mormon	Ether 15:11
mormon	Moroni 7:1
mormon	Moroni 7:2
mormon	Moroni 8:1
moron	Ether 1:7
moron	Ether 1:8
moron	Ether 7:5
moron	Ether 7:6
moron	Ether 7:17
moron	Ether 11:14
moron	Ether 11:14
moron	Ether 11:14
moron	Ether 11:15
moron	Ether 11:16
moron	Ether 11:18
moron	Ether 11:18
moron	Ether 14:6
moron	Ether 14:11
moroni	Words of Mormon 1:1
moroni	Alma 43:16
moroni	Alma 43:17
moroni	Alma 43:19
moroni	Alma 43:22
moroni	Alma 43:23
moroni	Alma 43:23
moroni	Alma 43:24
moroni	Alma 43:24
moroni	Alma 43:25
moroni	Alma 43:25
moroni	Alma 43:27
moroni	Alma 43:28
moroni	Alma 43:29
moroni	Alma 43:34
moroni	Alma 43:41
moroni	Alma 43:41
moroni	Alma 43:42
moroni	Alma 43:48
moroni	Alma 43:48
moroni	Alma 43:52
moroni	Alma 43:53
moroni	Alma 43:54
moroni	Alma 44:1
moroni	Alma 44:8
moroni	Alma 44:10
moroni	Alma 44:12
moroni	Alma 44:12
moroni	Alma 44:12
moroni	Alma 44:12
moroni	Alma 44:15
moroni	Alma 44:17
moroni	Alma 44:18
moroni	Alma 44:19
moroni	Alma 44:20
moroni	Alma 44:23
moroni	Alma 46:11
moroni	Alma 46:16
moroni	Alma 46:19
moroni	Alma 46:21
moroni	Alma 46:22
moroni	Alma 46:23
moroni	Alma 46:28
moroni	Alma 46:29
moroni	Alma 46:30
moroni	Alma 46:31
moroni	Alma 46:33
moroni	Alma 46:34
moroni	Alma 46:36
moroni	Alma 48:7
moroni	Alma 48:11
moroni	Alma 48:16
moroni	Alma 48:17
moroni	Alma 48:19
moroni	Alma 49:2
moroni	Alma 49:8
moroni	Alma 49:11
moroni	Alma 49:13
moroni	Alma 49:14
moroni	Alma 49:15
moroni	Alma 49:16
moroni	Alma 49:27
moroni	Alma 49:27
moroni	Alma 50:1
moroni	Alma 50:6
moroni	Alma 50:7
moroni	Alma 50:9
moroni	Alma 50:12
moroni	Alma 50:13
moroni	Alma 50:14
moroni	Alma 50:14
moroni	Alma 50:23
moroni	Alma 50:27
moroni	Alma 50:28
moroni	Alma 50:28
moroni	Alma 50:31
moroni	Alma 50:31
moroni	Alma 50:32
moroni	Alma 50:33
moroni	Alma 50:35
moroni	Alma 50:35
moroni	Alma 51:9
moroni	Alma 51:14
moroni	Alma 51:15
moroni	Alma 51:17
moroni	Alma 51:18
moroni	Alma 51:21
moroni	Alma 51:22
moroni	Alma 51:22
moroni	Alma 51:23
moroni	Alma 51:24
moroni	Alma 51:27
moroni	Alma 52:7
moroni	Alma 52:8
moroni	Alma 52:10
moroni	Alma 52:15
moroni	Alma 52:17
moroni	Alma 52:18
moroni	Alma 52:19
moroni	Alma 52:21
moroni	Alma 52:22
moroni	Alma 52:24
moroni	Alma 52:26
moroni	Alma 52:29
moroni	Alma 52:30
moroni	Alma 52:31
moroni	Alma 52:32
moroni	Alma 52:33
moroni	Alma 52:34
moroni	Alma 52:34
moroni	Alma 52:35
moroni	Alma 52:37
moroni	Alma 52:38
moroni	Alma 53:1
moroni	Alma 53:2
moroni	Alma 53:2
moroni	Alma 53:2
moroni	Alma 53:3
moroni	Alma 53:5
moroni	Alma 53:6
moroni	Alma 53:8
moroni	Alma 54:1
moroni	Alma 54:2
moroni	Alma 54:3
moroni	Alma 54:3
moroni	Alma 54:3
moroni	Alma 54:4
moroni	Alma 54:14
moroni	Alma 54:15
moroni	Alma 54:24
moroni	Alma 55:1
moroni	Alma 55:4
moroni	Alma 55:6
moroni	Alma 55:7
moroni	Alma 55:15
moroni	Alma 55:16
moroni	Alma 55:16
moroni	Alma 55:17
moroni	Alma 55:19
moroni	Alma 55:24
moroni	Alma 55:24
moroni	Alma 55:33
moroni	Alma 56:1
moroni	Alma 56:2
moroni	Alma 56:45
moroni	Alma 58:41
moroni	Alma 59:1
moroni	Alma 59:4
moroni	Alma 59:5
moroni	Alma 59:5
moroni	Alma 59:8
moroni	Alma 59:9
moroni	Alma 59:11
moroni	Alma 59:13
moroni	Alma 60:34
moroni	Alma 60:36
moroni	Alma 61:1
moroni	Alma 61:2
moroni	Alma 61:2
moroni	Alma 61:14
moroni	Alma 61:19
moroni	Alma 61:21
moroni	Alma 62:1
moroni	Alma 62:3
moroni	Alma 62:6
moroni	Alma 62:7
moroni	Alma 62:11
moroni	Alma 62:12
moroni	Alma 62:14
moroni	Alma 62:19
moroni	Alma 62:20
moroni	Alma 62:21
moroni	Alma 62:22
moroni	Alma 62:24
moroni	Alma 62:25
moroni	Alma 62:25
moroni	Alma 62:26
moroni	Alma 62:30
moroni	Alma 62:30
moroni	Alma 62:30
moroni	Alma 62:31
moroni	Alma 62:31
moroni	Alma 62:32
moroni	Alma 62:32
moroni	Alma 62:33
moroni	Alma 62:34
moroni	Alma 62:34
moroni	Alma 62:37
moroni	Alma 62:38
moroni	Alma 62:42
moroni	Alma 62:43
moroni	Alma 63:3
moroni	3 Nephi 8:9
moroni	3 Nephi 9:4
moroni	Mormon 6:6
moroni	Mormon 6:11
moroni	Mormon 6:12
moroni	Mormon 8:1
moroni	Mormon 8:12
moroni	Ether 1:1
moroni	Ether 3:17
moroni	Ether 5:1
moroni	Ether 6:1
moroni	Ether 8:20
moroni	Ether 8:26
moroni	Ether 9:1
moroni	Ether 12:6
moroni	Ether 12:29
moroni	Ether 12:38
moroni	Ether 13:1
moroni	Moroni 1:1
moroni	Moroni 1:3
moroni	Moroni 7:1
moroni	Moroni 8:1
moroni	Moroni 8:2
moroni	Moroni 10:1
moronihah	Alma 62:43
moronihah	Alma 63:15
moronihah	Alma 63:15
moronihah	Helaman 1:25
moronihah	Helaman 1:26
moronihah	Helaman 1:26
moronihah	Helaman 1:28
moronihah	Helaman 1:30
moronihah	Helaman 1:33
moronihah	Helaman 2:1
moronihah	Helaman 4:6
moronihah	Helaman 4:9
moronihah	Helaman 4:14
moronihah	Helaman 4:16
moronihah	Helaman 4:18
moronihah	Helaman 4:19
moronihah	3 Nephi 8:10
moronihah	3 Nephi 8:25
moronihah	3 Nephi 9:5
moronihah	Mormon 6:14
moses	1 Nephi 4:2
moses	1 Nephi 4:15
moses	1 Nephi 5:11
moses	1 Nephi 17:22
moses	1 Nephi 17:24
moses	1 Nephi 17:26
moses	1 Nephi 17:29
moses	1 Nephi 17:30
moses	1 Nephi 17:42
moses	1 Nephi 19:23
moses	1 Nephi 22:20
moses	1 Nephi 22:21
moses	2 Nephi 3:9
moses	2 Nephi 3:10
moses	2 Nephi 3:16
moses	2 Nephi 3:17
moses	2 Nephi 5:10
moses	2 Nephi 11:4
moses	2 Nephi 25:20
moses	2 Nephi 25:24
moses	2 Nephi 25:30
moses	Jacob 4:5
moses	Jacob 7:7
moses	Jacob 7:7
moses	Jarom 1:5
moses	Jarom 1:11
moses	Mosiah 2:3
moses	Mosiah 3:14
moses	Mosiah 3:15
moses	Mosiah 12:28
moses	Mosiah 12:29
moses	Mosiah 12:31
moses	Mosiah 12:31
moses	Mosiah 12:31
moses	Mosiah 12:32
moses	Mosiah 12:33
moses	Mosiah 13:5
moses	Mosiah 13:27
moses	Mosiah 13:27
moses	Mosiah 13:27
moses	Mosiah 13:28
moses	Mosiah 13:33
moses	Mosiah 16:14
moses	Mosiah 24:5
moses	Alma 25:15
moses	Alma 25:15
moses	Alma 25:15
moses	Alma 25:15
moses	Alma 25:16
moses	Alma 25:16
moses	Alma 30:3
moses	Alma 30:3
moses	Alma 31:9
moses	Alma 33:19
moses	Alma 34:7
moses	Alma 34:13
moses	Alma 45:19
moses	Alma 45:19
moses	Helaman 8:11
moses	Helaman 8:13
moses	Helaman 8:16
moses	Helaman 13:1
moses	Helaman 15:5
moses	3 Nephi 1:24
moses	3 Nephi 9:17
moses	3 Nephi 15:2
moses	3 Nephi 15:4
moses	3 Nephi 15:8
moses	3 Nephi 20:23
moses	3 Nephi 21:11
moses	3 Nephi 25:4
moses	3 Nephi 27:8
moses	3 Nephi 27:8
moses	4 Nephi 1:12
moses	Ether 12:11
mosiah	Omni 1:12
mosiah	Omni 1:14
mosiah	Omni 1:15
mosiah	Omni 1:16
mosiah	Omni 1:17
mosiah	Omni 1:17
mosiah	Omni 1:17
mosiah	Omni 1:18
mosiah	Omni 1:18
mosiah	Omni 1:19
mosiah	Omni 1:19
mosiah	Omni 1:20
mosiah	Omni 1:23
mosiah	Mosiah 1:2
mosiah	Mosiah 1:10
mosiah	Mosiah 1:10
mosiah	Mosiah 1:18
mosiah	Mosiah 2:1
mosiah	Mosiah 2:30
mosiah	Mosiah 2:32
mosiah	Mosiah 6:3
mosiah	Mosiah 6:4
mosiah	Mosiah 6:6
mosiah	Mosiah 6:7
mosiah	Mosiah 7:1
mosiah	Mosiah 7:2
mosiah	Mosiah 22:14
mosiah	Mosiah 24:25
mosiah	Mosiah 25:1
mosiah	Mosiah 25:5
mosiah	Mosiah 25:7
mosiah	Mosiah 25:14
mosiah	Mosiah 25:19
mosiah	Mosiah 26:5
mosiah	Mosiah 26:8
mosiah	Mosiah 26:12
mosiah	Mosiah 27:1
mosiah	Mosiah 27:1
mosiah	Mosiah 27:2
mosiah	Mosiah 27:8
mosiah	Mosiah 27:10
mosiah	Mosiah 27:34
mosiah	Mosiah 27:34
mosiah	Mosiah 27:35
mosiah	Mosiah 28:1
mosiah	Mosiah 28:6
mosiah	Mosiah 28:7
mosiah	Mosiah 28:8
mosiah	Mosiah 28:10
mosiah	Mosiah 28:17
mosiah	Mosiah 28:18
mosiah	Mosiah 28:20
mosiah	Mosiah 29:1
mosiah	Mosiah 29:3
mosiah	Mosiah 29:4
mosiah	Mosiah 29:33
mosiah	Mosiah 29:37
mosiah	Mosiah 29:40
mosiah	Mosiah 29:46
mosiah	Alma 1:1
mosiah	Alma 1:14
mosiah	Alma 10:19
mosiah	Alma 11:1
mosiah	Alma 11:4
mosiah	Alma 17:1
mosiah	Alma 17:2
mosiah	Alma 17:6
mosiah	Alma 17:12
mosiah	Alma 17:16
mosiah	Alma 17:35
mosiah	Alma 19:23
mosiah	Alma 19:23
mosiah	Alma 36:6
mosiah	Alma 48:18
mosiah	Alma 48:18
mosiah	Helaman 4:21
mosiah	Helaman 4:22
mosiah	3 Nephi 2:5
mothers	1 Nephi 21:23
mothers	2 Nephi 6:7
mothers	2 Nephi 10:9
mothers	Alma 56:47
mothers	Alma 56:48
mothers	Alma 56:48
mothers	Alma 57:21
mothers	3 Nephi 8:25
mothers	Mormon 6:19
motions	Alma 32:28
moulder	Mormon 6:15
mouldering	Alma 28:11
mouldering	Mormon 6:21
moulten	Ether 3:1
moulten	Ether 3:3
moulten	Ether 7:9
mountains	1 Nephi 12:4
mountains	1 Nephi 13:37
mountains	1 Nephi 19:11
mountains	1 Nephi 21:11
mountains	1 Nephi 21:13
mountains	2 Nephi 4:25
mountains	2 Nephi 12:2
mountains	2 Nephi 12:14
mountains	2 Nephi 23:4
mountains	2 Nephi 24:25
mountains	2 Nephi 26:5
mountains	Jacob 4:6
mountains	Mosiah 12:21
mountains	Mosiah 15:15
mountains	Mosiah 15:16
mountains	Mosiah 15:17
mountains	Mosiah 15:18
mountains	Alma 12:14
mountains	Helaman 11:25
mountains	Helaman 11:28
mountains	Helaman 11:31
mountains	Helaman 11:31
mountains	Helaman 12:9
mountains	Helaman 14:23
mountains	Helaman 14:23
mountains	3 Nephi 1:27
mountains	3 Nephi 2:17
mountains	3 Nephi 3:20
mountains	3 Nephi 4:1
mountains	3 Nephi 20:40
mountains	3 Nephi 22:10
mountains	Mormon 8:24
mourned	1 Nephi 5:1
mourned	Alma 18:43
mourned	Ether 11:13
mourned	Ether 15:3
mournings	Ether 15:17
mouths	Words of Mormon 1:15
mouths	Mosiah 1:2
mouths	Mosiah 4:20
mouths	Alma 31:27
mouths	Alma 40:22
mouths	Alma 40:24
mouths	3 Nephi 11:8
mouths	3 Nephi 20:45
mouths	3 Nephi 21:8
mouths	3 Nephi 26:16
movements	Alma 56:22
moveth	Helaman 12:8
moveth	Helaman 12:15
mufflers	2 Nephi 13:19
mulek	Alma 51:26
mulek	Alma 52:2
mulek	Alma 52:16
mulek	Alma 52:17
mulek	Alma 52:19
mulek	Alma 52:20
mulek	Alma 52:22
mulek	Alma 52:26
mulek	Alma 52:28
mulek	Alma 52:34
mulek	Alma 53:2
mulek	Alma 53:6
mulek	Helaman 5:15
mulek	Helaman 6:10
mulek	Helaman 6:10
mulek	Helaman 8:21
mulok	Mosiah 25:2
muloki	Alma 20:2
muloki	Alma 21:11
multitudes	1 Nephi 8:30
multitudes	1 Nephi 8:31
multitudes	1 Nephi 11:28
multitudes	1 Nephi 11:31
multitudes	1 Nephi 11:34
multitudes	1 Nephi 12:1
multitudes	1 Nephi 12:2
multitudes	1 Nephi 12:5
multitudes	1 Nephi 12:13
multitudes	1 Nephi 12:15
multitudes	1 Nephi 12:20
multitudes	1 Nephi 12:21
multitudes	1 Nephi 13:14
multitudes	1 Nephi 14:13
multitudes	Alma 14:29
multitudes	Helaman 7:11
multitudes	Helaman 7:12
multitudes	Helaman 10:12
murderers	1 Nephi 17:44
murderers	Alma 5:23
murderers	Alma 37:30
murderers	Alma 54:7
murderers	Helaman 2:10
murderers	Helaman 6:18
murderers	Helaman 6:18
murderers	Helaman 9:9
murderers	Helaman 9:12
murderers	4 Nephi 1:17
murdereth	Alma 34:11
murdereth	Alma 39:6
murderings	Alma 50:21
murderings	Helaman 10:3
murders	2 Nephi 10:15
murders	Alma 18:2
murders	Alma 24:9
murders	Alma 24:10
murders	Alma 24:11
murders	Alma 24:25
murders	Alma 27:6
murders	Alma 27:8
murders	Alma 27:23
murders	Alma 37:21
murders	Alma 37:22
murders	Alma 37:29
murders	Alma 37:29
murders	Alma 37:29
murders	Alma 62:40
murders	Helaman 3:14
murders	Helaman 6:17
murders	Helaman 6:21
murders	Helaman 6:38
murders	Helaman 8:26
murders	Helaman 13:22
murders	3 Nephi 1:27
murders	3 Nephi 5:5
murders	3 Nephi 5:6
murders	3 Nephi 9:9
murders	3 Nephi 16:10
murders	3 Nephi 30:2
murders	4 Nephi 1:16
murders	Mormon 8:31
murders	Ether 11:1
murmured	1 Nephi 3:6
murmured	2 Nephi 1:26
murmured	2 Nephi 5:4
murmured	2 Nephi 27:35
murmurings	1 Nephi 17:2
murmurings	Mosiah 29:33
murmurings	Alma 22:24
mustereth	2 Nephi 23:4
mysteries	1 Nephi 1:1
mysteries	1 Nephi 2:16
mysteries	1 Nephi 10:19
mysteries	Jacob 4:8
mysteries	Mosiah 1:3
mysteries	Mosiah 1:5
mysteries	Mosiah 2:9
mysteries	Mosiah 8:19
mysteries	Alma 10:5
mysteries	Alma 10:5
mysteries	Alma 12:9
mysteries	Alma 12:10
mysteries	Alma 12:11
mysteries	Alma 26:22
mysteries	Alma 30:28
mysteries	Alma 37:4
mysteries	Alma 37:11
mysteries	Alma 37:21
mysteries	Alma 40:3
nahom	1 Nephi 16:34
nails	3 Nephi 11:14
nails	3 Nephi 11:15
names	Jacob 1:14
names	Mosiah 1:2
names	Mosiah 6:1
names	Mosiah 7:6
names	Mosiah 25:12
names	Mosiah 26:36
names	Mosiah 27:34
names	Mosiah 27:34
names	Alma 1:24
names	Alma 5:57
names	Alma 5:57
names	Alma 5:57
names	Alma 5:57
names	Alma 5:57
names	Alma 5:58
names	Alma 6:3
names	Alma 6:3
names	Alma 11:4
names	Alma 11:4
names	Alma 23:13
names	Alma 31:7
names	Alma 31:7
names	Helaman 1:3
names	Helaman 5:6
names	Helaman 5:6
names	3 Nephi 19:4
names	3 Nephi 28:25
names	Moroni 6:4
names	Moroni 6:7
naphtali	2 Nephi 19:1
nations	1 Nephi 5:18
nations	1 Nephi 11:36
nations	1 Nephi 13:1
nations	1 Nephi 13:2
nations	1 Nephi 13:3
nations	1 Nephi 13:4
nations	1 Nephi 13:19
nations	1 Nephi 13:29
nations	1 Nephi 13:29
nations	1 Nephi 13:30
nations	1 Nephi 13:42
nations	1 Nephi 14:11
nations	1 Nephi 14:13
nations	1 Nephi 14:15
nations	1 Nephi 14:16
nations	1 Nephi 17:37
nations	1 Nephi 19:14
nations	1 Nephi 21:7
nations	1 Nephi 22:3
nations	1 Nephi 22:5
nations	1 Nephi 22:10
nations	1 Nephi 22:11
nations	1 Nephi 22:28
nations	2 Nephi 1:8
nations	2 Nephi 1:8
nations	2 Nephi 1:9
nations	2 Nephi 1:11
nations	2 Nephi 10:4
nations	2 Nephi 10:6
nations	2 Nephi 10:8
nations	2 Nephi 10:12
nations	2 Nephi 12:2
nations	2 Nephi 12:4
nations	2 Nephi 12:12
nations	2 Nephi 12:14
nations	2 Nephi 15:26
nations	2 Nephi 19:1
nations	2 Nephi 20:7
nations	2 Nephi 21:12
nations	2 Nephi 23:4
nations	2 Nephi 24:6
nations	2 Nephi 24:9
nations	2 Nephi 24:12
nations	2 Nephi 24:18
nations	2 Nephi 24:26
nations	2 Nephi 24:32
nations	2 Nephi 25:3
nations	2 Nephi 25:15
nations	2 Nephi 25:15
nations	2 Nephi 25:16
nations	2 Nephi 25:20
nations	2 Nephi 25:22
nations	2 Nephi 27:1
nations	2 Nephi 27:3
nations	2 Nephi 27:3
nations	2 Nephi 29:7
nations	2 Nephi 29:7
nations	2 Nephi 29:8
nations	2 Nephi 29:8
nations	2 Nephi 29:8
nations	2 Nephi 29:12
nations	2 Nephi 30:8
nations	2 Nephi 30:16
nations	Mosiah 12:8
nations	Mosiah 12:8
nations	Mosiah 12:24
nations	Mosiah 15:31
nations	Mosiah 27:25
nations	Alma 13:22
nations	Alma 29:8
nations	3 Nephi 16:10
nations	3 Nephi 16:20
nations	3 Nephi 20:20
nations	3 Nephi 20:35
nations	3 Nephi 20:45
nations	3 Nephi 21:28
nations	3 Nephi 21:29
nations	3 Nephi 24:12
nations	3 Nephi 26:4
nations	3 Nephi 28:29
nations	Ether 2:12
nations	Ether 8:25
natures	Ether 3:2
nazareth	1 Nephi 11:13
nazareth	1 Nephi 11:13
nearer	1 Nephi 2:5
neas	Mosiah 9:9
neckedness	2 Nephi 32:7
necks	2 Nephi 6:10
necks	2 Nephi 10:5
necks	2 Nephi 13:16
necks	2 Nephi 25:12
necks	2 Nephi 28:14
necks	Jacob 2:13
necks	Jarom 1:3
needeth	Moroni 8:14
needeth	Moroni 8:20
neeeds	2 Nephi 2:11
nehor	Alma 1:15
nehor	Alma 2:20
nehor	Alma 6:7
nehor	Alma 14:16
nehor	Alma 14:18
nehor	Alma 15:15
nehor	Alma 16:11
nehor	Alma 24:29
nehor	Ether 7:4
nehor	Ether 7:9
nehors	Alma 16:11
nehors	Alma 21:4
nehors	Alma 21:4
nehors	Alma 24:28
nephi	1 Nephi 1:1
nephi	1 Nephi 1:16
nephi	1 Nephi 1:20
nephi	1 Nephi 2:16
nephi	1 Nephi 2:19
nephi	1 Nephi 3:1
nephi	1 Nephi 3:7
nephi	1 Nephi 3:9
nephi	1 Nephi 4:5
nephi	1 Nephi 4:14
nephi	1 Nephi 4:31
nephi	1 Nephi 6:1
nephi	1 Nephi 7:2
nephi	1 Nephi 7:3
nephi	1 Nephi 7:6
nephi	1 Nephi 7:8
nephi	1 Nephi 7:16
nephi	1 Nephi 8:3
nephi	1 Nephi 8:14
nephi	1 Nephi 8:29
nephi	1 Nephi 9:2
nephi	1 Nephi 9:2
nephi	1 Nephi 9:2
nephi	1 Nephi 10:1
nephi	1 Nephi 10:17
nephi	1 Nephi 10:17
nephi	1 Nephi 11:6
nephi	1 Nephi 11:14
nephi	1 Nephi 11:33
nephi	1 Nephi 12:12
nephi	1 Nephi 13:16
nephi	1 Nephi 13:19
nephi	1 Nephi 13:20
nephi	1 Nephi 13:23
nephi	1 Nephi 14:5
nephi	1 Nephi 14:14
nephi	1 Nephi 14:27
nephi	1 Nephi 14:28
nephi	1 Nephi 15:1
nephi	1 Nephi 15:4
nephi	1 Nephi 15:19
nephi	1 Nephi 15:25
nephi	1 Nephi 16:1
nephi	1 Nephi 16:4
nephi	1 Nephi 16:7
nephi	1 Nephi 16:8
nephi	1 Nephi 16:18
nephi	1 Nephi 16:21
nephi	1 Nephi 16:22
nephi	1 Nephi 16:23
nephi	1 Nephi 16:28
nephi	1 Nephi 16:30
nephi	1 Nephi 16:37
nephi	1 Nephi 17:7
nephi	1 Nephi 17:11
nephi	1 Nephi 17:15
nephi	1 Nephi 17:19
nephi	1 Nephi 17:23
nephi	1 Nephi 17:49
nephi	1 Nephi 17:52
nephi	1 Nephi 18:2
nephi	1 Nephi 18:3
nephi	1 Nephi 18:10
nephi	1 Nephi 18:10
nephi	1 Nephi 18:22
nephi	1 Nephi 19:3
nephi	1 Nephi 19:4
nephi	1 Nephi 19:18
nephi	1 Nephi 19:22
nephi	1 Nephi 22:1
nephi	1 Nephi 22:2
nephi	1 Nephi 22:21
nephi	1 Nephi 22:27
nephi	1 Nephi 22:29
nephi	2 Nephi 1:1
nephi	2 Nephi 1:28
nephi	2 Nephi 1:30
nephi	2 Nephi 2:3
nephi	2 Nephi 3:25
nephi	2 Nephi 4:1
nephi	2 Nephi 4:11
nephi	2 Nephi 4:14
nephi	2 Nephi 5:1
nephi	2 Nephi 5:5
nephi	2 Nephi 5:6
nephi	2 Nephi 5:8
nephi	2 Nephi 5:8
nephi	2 Nephi 5:9
nephi	2 Nephi 5:12
nephi	2 Nephi 5:14
nephi	2 Nephi 5:16
nephi	2 Nephi 5:17
nephi	2 Nephi 5:18
nephi	2 Nephi 5:26
nephi	2 Nephi 5:29
nephi	2 Nephi 5:31
nephi	2 Nephi 6:1
nephi	2 Nephi 6:1
nephi	2 Nephi 6:2
nephi	2 Nephi 11:2
nephi	2 Nephi 25:1
nephi	2 Nephi 25:2
nephi	2 Nephi 25:6
nephi	2 Nephi 26:7
nephi	2 Nephi 29:2
nephi	2 Nephi 30:1
nephi	2 Nephi 31:1
nephi	2 Nephi 32:7
nephi	2 Nephi 33:1
nephi	2 Nephi 33:3
nephi	Jacob 1:1
nephi	Jacob 1:2
nephi	Jacob 1:8
nephi	Jacob 1:9
nephi	Jacob 1:10
nephi	Jacob 1:11
nephi	Jacob 1:11
nephi	Jacob 1:12
nephi	Jacob 1:14
nephi	Jacob 1:14
nephi	Jacob 1:14
nephi	Jacob 1:15
nephi	Jacob 1:18
nephi	Jacob 2:1
nephi	Jacob 2:1
nephi	Jacob 2:1
nephi	Jacob 3:12
nephi	Jacob 3:14
nephi	Jacob 7:1
nephi	Jacob 7:25
nephi	Jacob 7:26
nephi	Jacob 7:27
nephi	Enos 1:19
nephi	Enos 1:20
nephi	Enos 1:21
nephi	Jarom 1:5
nephi	Jarom 1:10
nephi	Jarom 1:14
nephi	Omni 1:12
nephi	Omni 1:27
nephi	Words of Mormon 1:3
nephi	Words of Mormon 1:3
nephi	Words of Mormon 1:5
nephi	Words of Mormon 1:9
nephi	Words of Mormon 1:13
nephi	Mosiah 1:6
nephi	Mosiah 1:16
nephi	Mosiah 7:1
nephi	Mosiah 7:1
nephi	Mosiah 7:2
nephi	Mosiah 7:4
nephi	Mosiah 7:6
nephi	Mosiah 7:7
nephi	Mosiah 7:21
nephi	Mosiah 9:1
nephi	Mosiah 9:6
nephi	Mosiah 9:8
nephi	Mosiah 9:14
nephi	Mosiah 9:15
nephi	Mosiah 10:13
nephi	Mosiah 10:17
nephi	Mosiah 11:13
nephi	Mosiah 17:2
nephi	Mosiah 19:15
nephi	Mosiah 19:19
nephi	Mosiah 19:22
nephi	Mosiah 19:24
nephi	Mosiah 20:3
nephi	Mosiah 20:7
nephi	Mosiah 21:1
nephi	Mosiah 21:12
nephi	Mosiah 21:21
nephi	Mosiah 21:26
nephi	Mosiah 23:35
nephi	Mosiah 23:36
nephi	Mosiah 23:37
nephi	Mosiah 23:38
nephi	Mosiah 24:4
nephi	Mosiah 25:2
nephi	Mosiah 25:2
nephi	Mosiah 25:3
nephi	Mosiah 25:4
nephi	Mosiah 25:12
nephi	Mosiah 25:12
nephi	Mosiah 25:13
nephi	Mosiah 27:16
nephi	Mosiah 28:1
nephi	Mosiah 28:5
nephi	Mosiah 28:11
nephi	Mosiah 29:3
nephi	Mosiah 29:47
nephi	Alma 1:1
nephi	Alma 1:33
nephi	Alma 2:16
nephi	Alma 2:24
nephi	Alma 2:26
nephi	Alma 3:6
nephi	Alma 3:11
nephi	Alma 3:14
nephi	Alma 3:17
nephi	Alma 3:20
nephi	Alma 4:1
nephi	Alma 4:5
nephi	Alma 4:19
nephi	Alma 4:20
nephi	Alma 5:3
nephi	Alma 8:2
nephi	Alma 8:3
nephi	Alma 8:7
nephi	Alma 9:19
nephi	Alma 10:3
nephi	Alma 14:23
nephi	Alma 15:19
nephi	Alma 16:1
nephi	Alma 16:12
nephi	Alma 16:12
nephi	Alma 16:21
nephi	Alma 17:8
nephi	Alma 18:9
nephi	Alma 18:9
nephi	Alma 18:41
nephi	Alma 20:1
nephi	Alma 20:2
nephi	Alma 22:1
nephi	Alma 22:28
nephi	Alma 22:28
nephi	Alma 22:32
nephi	Alma 22:34
nephi	Alma 23:11
nephi	Alma 23:17
nephi	Alma 24:1
nephi	Alma 24:2
nephi	Alma 24:3
nephi	Alma 24:5
nephi	Alma 24:20
nephi	Alma 24:20
nephi	Alma 25:1
nephi	Alma 25:13
nephi	Alma 25:13
nephi	Alma 26:23
nephi	Alma 27:1
nephi	Alma 27:2
nephi	Alma 27:14
nephi	Alma 27:20
nephi	Alma 27:21
nephi	Alma 27:23
nephi	Alma 27:25
nephi	Alma 27:27
nephi	Alma 28:3
nephi	Alma 28:3
nephi	Alma 28:4
nephi	Alma 28:7
nephi	Alma 28:8
nephi	Alma 29:14
nephi	Alma 30:2
nephi	Alma 30:4
nephi	Alma 35:12
nephi	Alma 37:2
nephi	Alma 43:11
nephi	Alma 43:19
nephi	Alma 44:24
nephi	Alma 44:24
nephi	Alma 45:1
nephi	Alma 45:2
nephi	Alma 45:11
nephi	Alma 45:13
nephi	Alma 45:13
nephi	Alma 45:20
nephi	Alma 45:22
nephi	Alma 46:7
nephi	Alma 46:29
nephi	Alma 47:1
nephi	Alma 47:1
nephi	Alma 47:20
nephi	Alma 47:20
nephi	Alma 47:31
nephi	Alma 47:35
nephi	Alma 48:1
nephi	Alma 49:10
nephi	Alma 49:25
nephi	Alma 49:28
nephi	Alma 49:29
nephi	Alma 50:8
nephi	Alma 50:11
nephi	Alma 50:17
nephi	Alma 50:17
nephi	Alma 50:21
nephi	Alma 50:23
nephi	Alma 50:23
nephi	Alma 50:25
nephi	Alma 50:32
nephi	Alma 50:35
nephi	Alma 50:37
nephi	Alma 50:40
nephi	Alma 51:1
nephi	Alma 51:9
nephi	Alma 51:37
nephi	Alma 52:1
nephi	Alma 52:14
nephi	Alma 52:18
nephi	Alma 53:2
nephi	Alma 53:6
nephi	Alma 53:23
nephi	Alma 54:6
nephi	Alma 55:1
nephi	Alma 55:35
nephi	Alma 56:3
nephi	Alma 56:12
nephi	Alma 56:54
nephi	Alma 58:38
nephi	Alma 59:1
nephi	Alma 62:11
nephi	Alma 62:12
nephi	Alma 62:39
nephi	Alma 62:40
nephi	Alma 62:42
nephi	Alma 62:48
nephi	Alma 62:52
nephi	Alma 63:1
nephi	Alma 63:16
nephi	Helaman 1:1
nephi	Helaman 1:5
nephi	Helaman 1:12
nephi	Helaman 2:12
nephi	Helaman 2:13
nephi	Helaman 2:14
nephi	Helaman 3:1
nephi	Helaman 3:17
nephi	Helaman 3:21
nephi	Helaman 3:22
nephi	Helaman 3:37
nephi	Helaman 4:12
nephi	Helaman 4:14
nephi	Helaman 5:1
nephi	Helaman 5:4
nephi	Helaman 5:14
nephi	Helaman 5:16
nephi	Helaman 5:18
nephi	Helaman 5:20
nephi	Helaman 5:20
nephi	Helaman 5:23
nephi	Helaman 5:23
nephi	Helaman 5:26
nephi	Helaman 5:36
nephi	Helaman 5:37
nephi	Helaman 5:44
nephi	Helaman 6:6
nephi	Helaman 6:32
nephi	Helaman 6:41
nephi	Helaman 7:1
nephi	Helaman 7:6
nephi	Helaman 7:7
nephi	Helaman 7:10
nephi	Helaman 7:10
nephi	Helaman 7:11
nephi	Helaman 7:12
nephi	Helaman 8:1
nephi	Helaman 8:3
nephi	Helaman 8:3
nephi	Helaman 8:7
nephi	Helaman 8:10
nephi	Helaman 8:22
nephi	Helaman 9:1
nephi	Helaman 9:4
nephi	Helaman 9:5
nephi	Helaman 9:8
nephi	Helaman 9:11
nephi	Helaman 9:14
nephi	Helaman 9:15
nephi	Helaman 9:16
nephi	Helaman 9:16
nephi	Helaman 9:18
nephi	Helaman 9:19
nephi	Helaman 9:21
nephi	Helaman 9:27
nephi	Helaman 9:36
nephi	Helaman 9:37
nephi	Helaman 9:38
nephi	Helaman 9:39
nephi	Helaman 9:40
nephi	Helaman 10:1
nephi	Helaman 10:2
nephi	Helaman 10:4
nephi	Helaman 10:6
nephi	Helaman 10:12
nephi	Helaman 10:13
nephi	Helaman 10:14
nephi	Helaman 10:15
nephi	Helaman 10:19
nephi	Helaman 11:1
nephi	Helaman 11:3
nephi	Helaman 11:5
nephi	Helaman 11:5
nephi	Helaman 11:7
nephi	Helaman 11:8
nephi	Helaman 11:9
nephi	Helaman 11:9
nephi	Helaman 11:18
nephi	Helaman 11:20
nephi	Helaman 11:23
nephi	Helaman 11:24
nephi	Helaman 11:24
nephi	Helaman 11:27
nephi	Helaman 11:29
nephi	Helaman 15:3
nephi	Helaman 15:3
nephi	Helaman 16:1
nephi	Helaman 16:3
nephi	Helaman 16:4
nephi	Helaman 16:9
nephi	Helaman 16:24
nephi	3 Nephi 1:2
nephi	3 Nephi 1:2
nephi	3 Nephi 1:3
nephi	3 Nephi 1:10
nephi	3 Nephi 1:10
nephi	3 Nephi 1:15
nephi	3 Nephi 1:23
nephi	3 Nephi 2:9
nephi	3 Nephi 2:9
nephi	3 Nephi 2:17
nephi	3 Nephi 2:17
nephi	3 Nephi 2:18
nephi	3 Nephi 2:18
nephi	3 Nephi 4:16
nephi	3 Nephi 4:16
nephi	3 Nephi 5:9
nephi	3 Nephi 5:10
nephi	3 Nephi 5:10
nephi	3 Nephi 7:13
nephi	3 Nephi 7:15
nephi	3 Nephi 7:17
nephi	3 Nephi 7:23
nephi	3 Nephi 7:25
nephi	3 Nephi 10:18
nephi	3 Nephi 11:1
nephi	3 Nephi 11:18
nephi	3 Nephi 11:18
nephi	3 Nephi 11:19
nephi	3 Nephi 12:1
nephi	3 Nephi 19:4
nephi	3 Nephi 19:11
nephi	3 Nephi 23:7
nephi	3 Nephi 23:8
nephi	3 Nephi 23:12
nephi	3 Nephi 26:7
nephi	3 Nephi 26:11
nephi	3 Nephi 28:23
nephi	4 Nephi 1:10
nephi	4 Nephi 1:19
nephi	4 Nephi 1:19
nephi	4 Nephi 1:19
nephi	4 Nephi 1:21
nephi	4 Nephi 1:21
nephi	4 Nephi 1:39
nephi	4 Nephi 1:43
nephi	4 Nephi 1:45
nephi	Mormon 1:4
nephi	Mormon 1:4
nephi	Mormon 1:5
nephi	Mormon 2:1
nephi	Mormon 2:11
nephi	Mormon 2:17
nephi	Mormon 2:18
nephi	Mormon 2:20
nephi	Mormon 6:6
nephi	Mormon 8:13
nephi	Ether 8:21
nephi	Ether 12:14
nephihah	Alma 4:17
nephihah	Alma 4:18
nephihah	Alma 4:20
nephihah	Alma 8:12
nephihah	Alma 50:14
nephihah	Alma 50:37
nephihah	Alma 50:39
nephihah	Alma 51:24
nephihah	Alma 51:25
nephihah	Alma 51:26
nephihah	Alma 56:25
nephihah	Alma 59:5
nephihah	Alma 59:7
nephihah	Alma 59:8
nephihah	Alma 59:9
nephihah	Alma 59:11
nephihah	Alma 62:14
nephihah	Alma 62:18
nephihah	Alma 62:18
nephihah	Alma 62:18
nephihah	Alma 62:18
nephihah	Alma 62:26
nephihah	Alma 62:30
nephihah	Alma 62:30
nephite	Alma 8:20
nephite	Alma 19:18
nephite	Alma 19:19
nephite	Alma 20:10
nephite	Alma 22:32
nephite	Alma 49:25
nephite	Alma 55:32
nephite	Helaman 4:7
nephite	Helaman 5:35
nephite	Moroni 1:2
nephites	2 Nephi 29:12
nephites	2 Nephi 29:13
nephites	2 Nephi 29:13
nephites	2 Nephi 29:13
nephites	2 Nephi 29:13
nephites	Jacob 1:13
nephites	Jacob 1:13
nephites	Jacob 1:14
nephites	Enos 1:9
nephites	Enos 1:13
nephites	Enos 1:13
nephites	Enos 1:24
nephites	Jarom 1:6
nephites	Jarom 1:7
nephites	Omni 1:2
nephites	Omni 1:5
nephites	Omni 1:10
nephites	Omni 1:24
nephites	Omni 1:24
nephites	Words of Mormon 1:1
nephites	Mosiah 7:15
nephites	Mosiah 9:1
nephites	Mosiah 19:28
nephites	Mosiah 21:2
nephites	Mosiah 21:5
nephites	Mosiah 25:12
nephites	Mosiah 25:13
nephites	Mosiah 28:2
nephites	Mosiah 29:44
nephites	Alma 2:11
nephites	Alma 2:12
nephites	Alma 2:15
nephites	Alma 2:17
nephites	Alma 2:17
nephites	Alma 2:18
nephites	Alma 2:19
nephites	Alma 2:19
nephites	Alma 2:20
nephites	Alma 2:23
nephites	Alma 2:28
nephites	Alma 2:36
nephites	Alma 2:36
nephites	Alma 3:1
nephites	Alma 3:4
nephites	Alma 3:11
nephites	Alma 11:4
nephites	Alma 16:3
nephites	Alma 16:4
nephites	Alma 16:5
nephites	Alma 16:12
nephites	Alma 16:15
nephites	Alma 17:14
nephites	Alma 17:20
nephites	Alma 19:10
nephites	Alma 19:14
nephites	Alma 19:26
nephites	Alma 19:27
nephites	Alma 20:13
nephites	Alma 22:27
nephites	Alma 22:29
nephites	Alma 22:29
nephites	Alma 22:29
nephites	Alma 22:33
nephites	Alma 22:33
nephites	Alma 22:34
nephites	Alma 23:5
nephites	Alma 23:18
nephites	Alma 24:7
nephites	Alma 24:8
nephites	Alma 25:1
nephites	Alma 25:3
nephites	Alma 25:4
nephites	Alma 25:6
nephites	Alma 25:13
nephites	Alma 26:33
nephites	Alma 27:1
nephites	Alma 27:2
nephites	Alma 27:5
nephites	Alma 27:6
nephites	Alma 27:26
nephites	Alma 28:1
nephites	Alma 28:9
nephites	Alma 28:9
nephites	Alma 30:2
nephites	Alma 30:20
nephites	Alma 30:59
nephites	Alma 31:2
nephites	Alma 31:4
nephites	Alma 31:4
nephites	Alma 31:8
nephites	Alma 35:11
nephites	Alma 35:13
nephites	Alma 35:13
nephites	Alma 37:10
nephites	Alma 43:3
nephites	Alma 43:4
nephites	Alma 43:7
nephites	Alma 43:8
nephites	Alma 43:8
nephites	Alma 43:9
nephites	Alma 43:12
nephites	Alma 43:13
nephites	Alma 43:13
nephites	Alma 43:13
nephites	Alma 43:14
nephites	Alma 43:14
nephites	Alma 43:15
nephites	Alma 43:16
nephites	Alma 43:16
nephites	Alma 43:16
nephites	Alma 43:17
nephites	Alma 43:21
nephites	Alma 43:21
nephites	Alma 43:22
nephites	Alma 43:23
nephites	Alma 43:30
nephites	Alma 43:36
nephites	Alma 43:37
nephites	Alma 43:38
nephites	Alma 43:38
nephites	Alma 43:44
nephites	Alma 43:45
nephites	Alma 43:47
nephites	Alma 43:51
nephites	Alma 43:53
nephites	Alma 44:16
nephites	Alma 44:18
nephites	Alma 44:18
nephites	Alma 44:21
nephites	Alma 44:23
nephites	Alma 45:10
nephites	Alma 46:11
nephites	Alma 46:34
nephites	Alma 46:36
nephites	Alma 46:36
nephites	Alma 47:1
nephites	Alma 47:2
nephites	Alma 47:6
nephites	Alma 47:21
nephites	Alma 47:23
nephites	Alma 47:35
nephites	Alma 47:36
nephites	Alma 48:1
nephites	Alma 48:2
nephites	Alma 48:2
nephites	Alma 48:3
nephites	Alma 48:4
nephites	Alma 48:5
nephites	Alma 48:8
nephites	Alma 48:9
nephites	Alma 48:14
nephites	Alma 48:25
nephites	Alma 49:4
nephites	Alma 49:5
nephites	Alma 49:10
nephites	Alma 49:11
nephites	Alma 49:11
nephites	Alma 49:12
nephites	Alma 49:19
nephites	Alma 49:21
nephites	Alma 49:22
nephites	Alma 49:23
nephites	Alma 49:23
nephites	Alma 49:23
nephites	Alma 49:26
nephites	Alma 50:1
nephites	Alma 50:11
nephites	Alma 50:11
nephites	Alma 50:13
nephites	Alma 51:9
nephites	Alma 51:10
nephites	Alma 51:11
nephites	Alma 51:23
nephites	Alma 51:28
nephites	Alma 52:12
nephites	Alma 52:13
nephites	Alma 52:13
nephites	Alma 52:14
nephites	Alma 52:31
nephites	Alma 53:1
nephites	Alma 53:3
nephites	Alma 53:8
nephites	Alma 53:8
nephites	Alma 53:10
nephites	Alma 53:12
nephites	Alma 53:13
nephites	Alma 53:16
nephites	Alma 53:17
nephites	Alma 53:17
nephites	Alma 53:19
nephites	Alma 54:3
nephites	Alma 54:14
nephites	Alma 54:20
nephites	Alma 55:6
nephites	Alma 55:7
nephites	Alma 55:8
nephites	Alma 55:8
nephites	Alma 55:10
nephites	Alma 55:11
nephites	Alma 55:18
nephites	Alma 55:20
nephites	Alma 55:22
nephites	Alma 55:23
nephites	Alma 55:23
nephites	Alma 55:23
nephites	Alma 55:24
nephites	Alma 55:28
nephites	Alma 55:30
nephites	Alma 55:31
nephites	Alma 56:45
nephites	Alma 57:10
nephites	Alma 58:25
nephites	Alma 62:16
nephites	Alma 62:29
nephites	Alma 62:30
nephites	Alma 62:35
nephites	Alma 62:38
nephites	Alma 62:41
nephites	Alma 63:6
nephites	Alma 63:14
nephites	Helaman 1:1
nephites	Helaman 1:15
nephites	Helaman 1:15
nephites	Helaman 1:16
nephites	Helaman 1:16
nephites	Helaman 1:17
nephites	Helaman 1:19
nephites	Helaman 1:22
nephites	Helaman 1:25
nephites	Helaman 1:31
nephites	Helaman 1:32
nephites	Helaman 1:32
nephites	Helaman 1:32
nephites	Helaman 2:1
nephites	Helaman 3:14
nephites	Helaman 3:15
nephites	Helaman 3:16
nephites	Helaman 3:16
nephites	Helaman 3:22
nephites	Helaman 3:31
nephites	Helaman 4:3
nephites	Helaman 4:4
nephites	Helaman 4:4
nephites	Helaman 4:5
nephites	Helaman 4:6
nephites	Helaman 4:8
nephites	Helaman 4:8
nephites	Helaman 4:11
nephites	Helaman 4:19
nephites	Helaman 4:20
nephites	Helaman 5:17
nephites	Helaman 5:17
nephites	Helaman 5:27
nephites	Helaman 5:52
nephites	Helaman 6:1
nephites	Helaman 6:2
nephites	Helaman 6:4
nephites	Helaman 6:7
nephites	Helaman 6:7
nephites	Helaman 6:8
nephites	Helaman 6:9
nephites	Helaman 6:18
nephites	Helaman 6:21
nephites	Helaman 6:31
nephites	Helaman 6:34
nephites	Helaman 6:35
nephites	Helaman 6:38
nephites	Helaman 6:38
nephites	Helaman 7:1
nephites	Helaman 7:6
nephites	Helaman 9:39
nephites	Helaman 10:3
nephites	Helaman 11:6
nephites	Helaman 11:21
nephites	Helaman 11:32
nephites	Helaman 13:1
nephites	Helaman 13:8
nephites	Helaman 13:16
nephites	Helaman 15:4
nephites	Helaman 15:17
nephites	Helaman 16:8
nephites	Helaman 16:15
nephites	3 Nephi 1:28
nephites	3 Nephi 1:28
nephites	3 Nephi 2:5
nephites	3 Nephi 2:8
nephites	3 Nephi 2:11
nephites	3 Nephi 2:12
nephites	3 Nephi 2:13
nephites	3 Nephi 2:14
nephites	3 Nephi 2:14
nephites	3 Nephi 2:15
nephites	3 Nephi 2:16
nephites	3 Nephi 2:16
nephites	3 Nephi 3:3
nephites	3 Nephi 3:11
nephites	3 Nephi 3:14
nephites	3 Nephi 3:14
nephites	3 Nephi 3:17
nephites	3 Nephi 3:18
nephites	3 Nephi 3:19
nephites	3 Nephi 3:24
nephites	3 Nephi 4:1
nephites	3 Nephi 4:2
nephites	3 Nephi 4:3
nephites	3 Nephi 4:4
nephites	3 Nephi 4:4
nephites	3 Nephi 4:5
nephites	3 Nephi 4:6
nephites	3 Nephi 4:6
nephites	3 Nephi 4:8
nephites	3 Nephi 4:9
nephites	3 Nephi 4:10
nephites	3 Nephi 4:12
nephites	3 Nephi 4:15
nephites	3 Nephi 4:18
nephites	3 Nephi 4:18
nephites	3 Nephi 4:21
nephites	3 Nephi 4:25
nephites	3 Nephi 4:27
nephites	3 Nephi 5:1
nephites	3 Nephi 6:1
nephites	4 Nephi 1:2
nephites	4 Nephi 1:36
nephites	4 Nephi 1:37
nephites	Mormon 1:8
nephites	Mormon 1:8
nephites	Mormon 1:8
nephites	Mormon 1:9
nephites	Mormon 1:11
nephites	Mormon 1:11
nephites	Mormon 2:1
nephites	Mormon 2:2
nephites	Mormon 2:8
nephites	Mormon 2:10
nephites	Mormon 2:16
nephites	Mormon 3:1
nephites	Mormon 3:9
nephites	Mormon 4:1
nephites	Mormon 4:2
nephites	Mormon 4:2
nephites	Mormon 4:4
nephites	Mormon 4:8
nephites	Mormon 4:8
nephites	Mormon 4:9
nephites	Mormon 4:10
nephites	Mormon 4:10
nephites	Mormon 4:11
nephites	Mormon 4:13
nephites	Mormon 4:15
nephites	Mormon 4:16
nephites	Mormon 4:17
nephites	Mormon 4:18
nephites	Mormon 4:19
nephites	Mormon 4:21
nephites	Mormon 4:22
nephites	Mormon 5:1
nephites	Mormon 5:4
nephites	Mormon 5:6
nephites	Mormon 6:1
nephites	Mormon 8:2
nephites	Mormon 8:7
nephites	Mormon 8:7
nephites	Ether 3:17
nephites	Ether 3:18
nephites	Ether 7:6
nephites	Ether 9:3
nephites	Ether 9:31
nephites	Moroni 8:27
neum	1 Nephi 19:10
neverthelers	3 Nephi 5:18
nevertheles	2 Nephi 2:2
nights	Mosiah 27:23
nights	Alma 18:43
nights	Alma 19:1
nights	Alma 19:5
nights	Alma 36:10
nights	Alma 36:16
nights	Alma 38:8
nights	Alma 57:9
nimrah	Ether 9:8
nimrah	Ether 9:9
nimrod	Ether 2:1
nimrod	Ether 2:4
nimrod	Ether 7:22
nimrod	Ether 7:22
noah	Mosiah 7:9
noah	Mosiah 11:1
noah	Mosiah 11:1
noah	Mosiah 11:6
noah	Mosiah 11:8
noah	Mosiah 11:17
noah	Mosiah 11:18
noah	Mosiah 11:27
noah	Mosiah 11:29
noah	Mosiah 12:3
noah	Mosiah 12:17
noah	Mosiah 13:5
noah	Mosiah 17:11
noah	Mosiah 18:1
noah	Mosiah 19:15
noah	Mosiah 20:3
noah	Mosiah 21:23
noah	Mosiah 21:23
noah	Mosiah 21:30
noah	Mosiah 23:1
noah	Mosiah 23:1
noah	Mosiah 23:2
noah	Mosiah 23:9
noah	Mosiah 23:12
noah	Mosiah 23:13
noah	Mosiah 23:31
noah	Mosiah 29:18
noah	Alma 5:4
noah	Alma 10:22
noah	Alma 16:3
noah	Alma 25:4
noah	Alma 25:12
noah	Alma 43:13
noah	Alma 49:12
noah	Alma 49:13
noah	Alma 49:14
noah	Alma 49:15
noah	3 Nephi 22:9
noah	3 Nephi 22:9
noah	Ether 6:7
noah	Ether 7:14
noah	Ether 7:15
noah	Ether 7:18
noah	Ether 7:19
noah	Ether 7:20
noah	Ether 7:21
nob	2 Nephi 20:32
nobler	Helaman 3:23
nobles	2 Nephi 23:2
noises	1 Nephi 12:4
noises	3 Nephi 10:9
northernmost	3 Nephi 7:12
nostrils	2 Nephi 12:22
numbereth	1 Nephi 22:25
numbereth	Alma 26:37
numerority	Alma 56:10
numhers	Alma 58:15
oaks	2 Nephi 12:13
oaths	Alma 37:27
oaths	Alma 37:29
oaths	Helaman 6:21
oaths	Helaman 6:25
oaths	Helaman 6:26
oaths	Helaman 6:30
oaths	3 Nephi 4:12
oaths	3 Nephi 12:33
oaths	4 Nephi 1:42
oaths	Ether 8:15
oaths	Ether 8:16
oaths	Ether 8:20
oaths	Ether 10:33
obeyeth	2 Nephi 7:10
obout	Enos 1:19
offence	2 Nephi 18:14
offence	Alma 41:9
offence	Alma 43:46
offence	Alma 48:14
offereth	2 Nephi 2:7
offereth	Moroni 7:6
offerings	1 Nephi 5:9
offerings	1 Nephi 7:22
offerings	Mosiah 2:3
offerings	3 Nephi 9:19
offerings	3 Nephi 9:19
offerings	3 Nephi 24:8
officers	Alma 11:2
officers	Alma 14:17
officers	Alma 30:29
officers	3 Nephi 6:11
ogath	Ether 15:10
omner	Mosiah 27:34
omner	Alma 22:35
omner	Alma 23:1
omner	Alma 25:17
omner	Alma 27:19
omner	Alma 31:6
omner	Alma 31:32
omner	Alma 51:26
omni	Jarom 1:15
omni	Omni 1:1
ones	1 Nephi 22:31
ones	2 Nephi 12:10
ones	2 Nephi 15:17
ones	2 Nephi 20:16
ones	2 Nephi 20:33
ones	2 Nephi 21:7
ones	2 Nephi 23:3
ones	2 Nephi 23:3
ones	2 Nephi 24:9
ones	2 Nephi 26:18
ones	2 Nephi 30:13
ones	Mosiah 11:5
ones	Alma 10:17
ones	Alma 33:18
ones	Alma 60:29
ones	3 Nephi 5:14
ones	3 Nephi 17:23
ones	3 Nephi 17:24
ones	Mormon 6:17
ones	Mormon 6:17
ones	Mormon 6:19
onidah	Alma 32:4
onidah	Alma 47:5
onidah	Alma 47:5
onihah	3 Nephi 9:7
onti	Alma 11:6
onti	Alma 11:13
onties	Alma 11:22
onties	Alma 11:25
ophir	2 Nephi 23:12
opon	Ether 9:20
oppressions	Alma 21:21
oppressors	2 Nephi 13:12
oppressors	2 Nephi 24:2
orders	Alma 52:8
orders	Alma 52:9
orders	Alma 52:16
orders	Alma 53:3
orders	Alma 56:18
orders	Alma 57:24
ordinances	2 Nephi 25:30
ordinances	Mosiah 13:30
ordinances	Alma 13:16
ordinances	Alma 30:3
ordinances	Alma 30:23
ordinances	3 Nephi 24:7
ordinances	4 Nephi 1:12
oreb	2 Nephi 20:26
ores	2 Nephi 5:15
ores	Jacob 2:12
orihah	Ether 1:32
orihah	Ether 6:14
orihah	Ether 6:27
orihah	Ether 6:30
orihah	Ether 7:1
ornaments	2 Nephi 13:18
ornaments	2 Nephi 13:20
ornaments	Alma 31:28
orphans	Mormon 8:40
others	1 Nephi 1:10
others	1 Nephi 8:24
others	1 Nephi 11:28
others	1 Nephi 12:7
others	1 Nephi 14:26
others	1 Nephi 19:7
others	1 Nephi 19:11
others	2 Nephi 28:21
others	2 Nephi 28:22
others	Jacob 5:25
others	Omni 1:29
others	Alma 4:12
others	Alma 4:13
others	Alma 13:4
others	Alma 16:3
others	Alma 18:16
others	Alma 19:5
others	Alma 19:20
others	Alma 19:25
others	Alma 19:26
others	Alma 28:12
others	Alma 30:51
others	Alma 31:28
others	Alma 58:17
others	Alma 62:25
others	Helaman 4:4
others	Helaman 9:41
others	Helaman 11:33
others	3 Nephi 1:23
others	3 Nephi 6:12
others	3 Nephi 6:13
others	3 Nephi 6:13
others	3 Nephi 11:22
others	Ether 1:33
others	Ether 12:8
outcasts	2 Nephi 21:12
outcasts	Ether 10:9
overbearance	Alma 38:12
overcame	Jacob 5:48
overcame	Jacob 5:48
overcame	Alma 19:6
overlooked	Alma 50:4
overpowered	Alma 19:13
overpowered	Alma 19:14
overpowered	Alma 51:33
overpowered	Alma 53:14
overpowered	Helaman 4:20
overpowered	3 Nephi 10:13
overpowereth	Alma 34:15
overpowering	Ether 12:24
overran	Jacob 5:37
overshadowed	Alma 7:10
overshadowed	Helaman 5:28
overshadowed	Helaman 5:31
overshadowed	3 Nephi 18:38
overshadowed	3 Nephi 18:39
overtaken	Mosiah 9:15
overtaken	Alma 56:43
overtaken	Alma 56:49
overtaken	3 Nephi 4:14
overthrew	2 Nephi 23:19
owed	Alma 43:46
oweth	Alma 11:2
oweth	Alma 11:2
owls	2 Nephi 23:21
oxen	2 Nephi 17:25
oxen	Ether 9:18
paanchi	Helaman 1:3
paanchi	Helaman 1:7
pachus	Alma 62:6
pachus	Alma 62:7
pachus	Alma 62:8
pachus	Alma 62:9
pachus	Alma 62:9
pacumeni	Helaman 1:3
pacumeni	Helaman 1:6
pacumeni	Helaman 1:13
pacumeni	Helaman 1:21
pacumeni	Helaman 1:21
pagag	Ether 6:25
pagag	Ether 6:26
paharon	Alma 62:1
paharon	Alma 62:2
paharon	Alma 62:3
pahoran	Alma 50:40
pahoran	Alma 50:40
pahoran	Alma 51:2
pahoran	Alma 51:3
pahoran	Alma 51:5
pahoran	Alma 51:6
pahoran	Alma 51:7
pahoran	Alma 51:7
pahoran	Alma 51:12
pahoran	Alma 59:3
pahoran	Alma 60:1
pahoran	Alma 60:1
pahoran	Alma 61:1
pahoran	Alma 61:2
pahoran	Alma 61:9
pahoran	Alma 62:6
pahoran	Alma 62:7
pahoran	Alma 62:8
pahoran	Alma 62:11
pahoran	Alma 62:14
pahoran	Alma 62:26
pahoran	Alma 62:44
pahoran	Helaman 1:2
pahoran	Helaman 1:2
pahoran	Helaman 1:3
pahoran	Helaman 1:4
pahoran	Helaman 1:5
pahoran	Helaman 1:9
pahoran	Helaman 1:9
pahoran	Helaman 1:10
pahoran	Helaman 1:11
pahoran	Helaman 1:12
pahoran	Helaman 1:13
pahoran	Helaman 2:3
pained	1 Nephi 17:47
pained	Mosiah 27:29
pained	Alma 14:10
pains	2 Nephi 9:21
pains	2 Nephi 9:21
pains	2 Nephi 26:10
pains	2 Nephi 29:4
pains	Jacob 3:11
pains	Mosiah 17:15
pains	Mosiah 17:15
pains	Mosiah 17:18
pains	Alma 7:11
pains	Alma 7:11
pains	Alma 14:6
pains	Alma 14:10
pains	Alma 26:13
pains	Alma 36:13
pains	Alma 36:16
pains	Alma 36:19
pains	Alma 36:21
pains	3 Nephi 28:8
palaces	2 Nephi 23:22
palestina	2 Nephi 24:29
palestina	2 Nephi 24:31
palms	1 Nephi 21:16
pangs	2 Nephi 23:8
parents	1 Nephi 1:1
parents	1 Nephi 5:11
parents	1 Nephi 18:17
parents	2 Nephi 2:15
parents	2 Nephi 2:21
parents	2 Nephi 4:6
parents	2 Nephi 9:9
parents	Jacob 4:3
parents	Omni 1:22
parents	Mosiah 16:3
parents	Alma 12:21
parents	Alma 12:26
parents	Alma 30:25
parents	Alma 42:2
parents	Alma 42:7
parents	Helaman 5:6
parents	Helaman 6:26
parents	Ether 8:25
parents	Moroni 8:10
partakers	Alma 5:62
partakers	4 Nephi 1:3
partakers	Ether 12:8
partakers	Ether 12:9
partakers	Ether 13:11
partakers	Moroni 8:17
parties	Mormon 1:9
partners	3 Nephi 3:7
parts	1 Nephi 13:26
parts	1 Nephi 13:32
parts	1 Nephi 13:34
parts	1 Nephi 16:14
parts	1 Nephi 16:16
parts	1 Nephi 19:3
parts	2 Nephi 10:8
parts	2 Nephi 13:17
parts	Jacob 5:14
parts	Jacob 5:38
parts	Jacob 5:39
parts	Jacob 5:43
parts	Jacob 5:52
parts	Alma 8:11
parts	Alma 13:23
parts	Alma 22:29
parts	Alma 43:38
parts	Alma 43:38
parts	Alma 46:28
parts	Alma 47:5
parts	Alma 48:5
parts	Alma 50:32
parts	Alma 51:9
parts	Alma 52:5
parts	Alma 55:20
parts	Alma 58:3
parts	Alma 60:2
parts	Alma 60:24
parts	Alma 60:24
parts	Alma 62:42
parts	Alma 63:12
parts	Helaman 1:23
parts	Helaman 1:26
parts	Helaman 1:27
parts	Helaman 3:5
parts	Helaman 3:5
parts	Helaman 3:23
parts	Helaman 4:9
parts	Helaman 4:19
parts	Helaman 6:21
parts	Helaman 11:6
parts	Helaman 11:33
parts	3 Nephi 4:23
parts	3 Nephi 16:1
parts	4 Nephi 1:27
passeth	2 Nephi 1:12
passeth	2 Nephi 26:18
passeth	Enos 1:8
passeth	Helaman 13:5
passions	Alma 38:12
pastors	1 Nephi 21:1
pastures	1 Nephi 21:9
pathros	2 Nephi 21:11
paths	1 Nephi 8:28
paths	1 Nephi 10:8
paths	1 Nephi 16:5
paths	2 Nephi 9:41
paths	2 Nephi 12:3
paths	2 Nephi 13:12
paths	Mosiah 2:36
paths	Alma 7:9
paths	Alma 7:19
paths	Alma 7:19
paths	Alma 7:20
paths	Alma 37:12
paths	Helaman 12:5
paying	Mosiah 19:22
peaked	Ether 2:17
pearls	3 Nephi 14:6
pearls	4 Nephi 1:24
peeped	2 Nephi 20:14
peeple	Jacob 2:29
pekah	2 Nephi 17:1
peopeople	Alma 8:30
perceiving	Alma 43:48
performances	2 Nephi 25:30
performances	Mosiah 13:30
performances	Alma 25:15
performances	Alma 30:23
performances	Alma 31:10
performances	4 Nephi 1:12
perished	1 Nephi 5:2
perished	1 Nephi 5:4
perished	1 Nephi 17:41
perished	2 Nephi 1:4
perished	2 Nephi 1:24
perished	Jacob 5:18
perished	Jacob 5:34
perished	Mosiah 8:11
perished	Mosiah 15:19
perished	Mosiah 15:26
perished	Alma 33:20
perished	Alma 53:11
perished	Ether 10:1
perished	Moroni 1:1
perisheth	2 Nephi 9:51
perisheth	Mosiah 3:18
perisheth	Mosiah 4:18
perisheth	Helaman 14:30
perisheth	Helaman 14:30
perishing	1 Nephi 5:14
perishing	Alma 24:23
permitted	Mosiah 7:8
permitted	Mosiah 7:11
permitted	Mosiah 7:12
permitted	Mosiah 7:12
permitted	Alma 7:1
permitted	Alma 32:3
permitted	Helaman 14:30
permitted	Moroni 7:2
persecuteth	Mosiah 27:13
persecutions	2 Nephi 26:8
persecutions	Mosiah 27:1
persecutions	Mosiah 27:3
persecutions	Alma 1:28
persecutions	Alma 4:9
persecutions	Alma 4:15
persecutions	Alma 5:30
persecutions	Alma 5:54
persecutions	Helaman 3:34
persecutions	Helaman 13:22
persecutions	3 Nephi 6:10
persecutions	Mormon 8:36
persisted	Mormon 4:10
persists	Mosiah 16:5
persons	Alma 1:30
persons	Alma 16:14
persons	Moroni 8:12
persuadeth	2 Nephi 33:4
persuadeth	2 Nephi 33:4
persuadeth	Ether 4:11
persuadeth	Ether 4:12
persuadeth	Moroni 7:17
persuadeth	Moroni 7:17
persuasions	Alma 2:3
persuasions	Alma 53:14
pertaining	1 Nephi 15:33
pertaining	1 Nephi 22:3
pertaining	Mosiah 4:23
pertaining	Mosiah 18:18
pertaining	Mosiah 23:18
pertaining	Alma 5:42
pertaining	Alma 12:16
pertaining	Alma 12:32
pertaining	Alma 21:23
pertaining	Alma 24:30
pertaining	Alma 35:16
pertaining	Alma 40:26
pertaining	Helaman 11:19
pertaining	Helaman 14:18
pertaining	3 Nephi 6:23
perverteth	Alma 30:60
pestilence	2 Nephi 6:15
pestilence	Mosiah 12:4
pestilence	Mosiah 12:7
pestilence	Alma 10:22
pestilence	Alma 10:23
pestilence	Helaman 10:6
pestilence	Helaman 11:14
pestilence	Helaman 11:15
pestilence	Helaman 13:9
pestilences	2 Nephi 10:6
pestilences	Alma 45:11
pestilences	Helaman 12:3
pestilences	Ether 11:7
petitions	Alma 51:3
pharaoh	1 Nephi 4:2
pharaoh	1 Nephi 17:27
philistines	2 Nephi 12:6
philistines	2 Nephi 19:12
philistines	2 Nephi 21:14
phrensied	Alma 30:16
pickets	Alma 50:3
pickets	Alma 50:4
pictures	2 Nephi 12:16
pieces	1 Nephi 12:4
pieces	2 Nephi 13:15
pieces	2 Nephi 18:9
pieces	2 Nephi 18:9
pieces	2 Nephi 18:9
pieces	2 Nephi 23:16
pieces	2 Nephi 23:18
pieces	2 Nephi 26:5
pieces	Alma 11:4
pieces	Alma 46:23
pieces	3 Nephi 20:16
pieces	3 Nephi 20:19
pieces	3 Nephi 21:12
pieces	Mormon 5:24
pieces	Ether 2:23
pins	2 Nephi 13:22
pits	3 Nephi 28:20
pits	Ether 9:29
places	1 Nephi 17:46
places	1 Nephi 17:46
places	1 Nephi 21:9
places	1 Nephi 21:19
places	2 Nephi 15:17
places	Mosiah 12:23
places	Mosiah 15:30
places	Mosiah 18:9
places	Mosiah 20:5
places	Mosiah 20:9
places	Alma 34:26
places	Alma 48:5
places	Alma 48:8
places	Alma 49:5
places	Alma 49:11
places	Alma 50:4
places	Alma 52:6
places	Alma 58:20
places	Alma 59:10
places	Helaman 11:20
places	Helaman 11:25
places	Helaman 14:23
places	3 Nephi 1:27
places	3 Nephi 2:17
places	3 Nephi 4:1
places	3 Nephi 4:26
places	3 Nephi 8:13
places	3 Nephi 8:14
places	3 Nephi 9:8
places	3 Nephi 10:7
places	3 Nephi 16:19
places	3 Nephi 18:32
places	3 Nephi 20:34
places	Mormon 8:30
placing	Alma 12:31
placing	Ether 12:25
plaees	2 Nephi 8:3
plains	1 Nephi 12:4
plains	Alma 52:20
plains	Alma 52:20
plains	Alma 62:18
plains	Alma 62:19
plains	Ether 13:28
plains	Ether 13:29
plains	Ether 14:15
plains	Ether 14:16
planets	Alma 30:44
plans	Alma 2:21
plans	Alma 10:18
plans	Alma 28:13
plans	Alma 37:29
plans	Alma 37:32
plans	Helaman 2:6
plans	Helaman 6:30
plans	Helaman 11:10
plans	Helaman 11:26
plans	Ether 8:9
plans	Ether 9:26
plans	Ether 10:33
plans	Ether 13:15
plants	Alma 46:40
plates	1 Nephi 1:17
plates	1 Nephi 3:3
plates	1 Nephi 3:12
plates	1 Nephi 3:24
plates	1 Nephi 4:16
plates	1 Nephi 4:24
plates	1 Nephi 4:38
plates	1 Nephi 5:10
plates	1 Nephi 5:14
plates	1 Nephi 5:18
plates	1 Nephi 5:19
plates	1 Nephi 6:1
plates	1 Nephi 6:3
plates	1 Nephi 6:6
plates	1 Nephi 9:1
plates	1 Nephi 9:2
plates	1 Nephi 9:2
plates	1 Nephi 9:2
plates	1 Nephi 9:2
plates	1 Nephi 9:2
plates	1 Nephi 9:2
plates	1 Nephi 9:3
plates	1 Nephi 9:4
plates	1 Nephi 9:4
plates	1 Nephi 9:4
plates	1 Nephi 9:5
plates	1 Nephi 10:1
plates	1 Nephi 13:23
plates	1 Nephi 19:1
plates	1 Nephi 19:1
plates	1 Nephi 19:2
plates	1 Nephi 19:2
plates	1 Nephi 19:2
plates	1 Nephi 19:2
plates	1 Nephi 19:3
plates	1 Nephi 19:3
plates	1 Nephi 19:4
plates	1 Nephi 19:4
plates	1 Nephi 19:5
plates	1 Nephi 19:6
plates	1 Nephi 19:21
plates	1 Nephi 19:22
plates	1 Nephi 22:1
plates	1 Nephi 22:30
plates	2 Nephi 4:2
plates	2 Nephi 4:14
plates	2 Nephi 4:14
plates	2 Nephi 4:15
plates	2 Nephi 5:4
plates	2 Nephi 5:12
plates	2 Nephi 5:29
plates	2 Nephi 5:30
plates	2 Nephi 5:31
plates	2 Nephi 5:32
plates	2 Nephi 5:33
plates	Jacob 1:1
plates	Jacob 1:2
plates	Jacob 1:3
plates	Jacob 1:3
plates	Jacob 1:4
plates	Jacob 3:13
plates	Jacob 3:13
plates	Jacob 3:14
plates	Jacob 3:14
plates	Jacob 4:1
plates	Jacob 4:1
plates	Jacob 4:2
plates	Jacob 4:2
plates	Jacob 4:3
plates	Jacob 7:26
plates	Jacob 7:27
plates	Jacob 7:27
plates	Jarom 1:2
plates	Jarom 1:14
plates	Jarom 1:14
plates	Jarom 1:15
plates	Omni 1:1
plates	Omni 1:3
plates	Omni 1:8
plates	Omni 1:11
plates	Omni 1:14
plates	Omni 1:18
plates	Omni 1:25
plates	Omni 1:30
plates	Words of Mormon 1:3
plates	Words of Mormon 1:3
plates	Words of Mormon 1:4
plates	Words of Mormon 1:5
plates	Words of Mormon 1:6
plates	Words of Mormon 1:9
plates	Words of Mormon 1:10
plates	Words of Mormon 1:10
plates	Mosiah 1:3
plates	Mosiah 1:3
plates	Mosiah 1:4
plates	Mosiah 1:6
plates	Mosiah 1:16
plates	Mosiah 1:16
plates	Mosiah 8:5
plates	Mosiah 8:9
plates	Mosiah 8:10
plates	Mosiah 8:11
plates	Mosiah 8:19
plates	Mosiah 10:16
plates	Mosiah 21:27
plates	Mosiah 28:11
plates	Mosiah 28:11
plates	Mosiah 28:11
plates	Mosiah 28:20
plates	Alma 37:2
plates	Alma 37:3
plates	Alma 37:5
plates	Alma 37:9
plates	Alma 37:21
plates	Alma 43:19
plates	Alma 43:21
plates	Alma 43:38
plates	Alma 43:38
plates	Alma 43:44
plates	Alma 43:44
plates	Alma 44:9
plates	Alma 44:24
plates	Alma 49:6
plates	Alma 49:24
plates	Alma 49:24
plates	Helaman 1:14
plates	3 Nephi 1:2
plates	3 Nephi 4:7
plates	3 Nephi 5:10
plates	3 Nephi 5:10
plates	3 Nephi 5:11
plates	3 Nephi 10:17
plates	3 Nephi 26:7
plates	3 Nephi 26:11
plates	4 Nephi 1:19
plates	4 Nephi 1:19
plates	4 Nephi 1:21
plates	Mormon 1:4
plates	Mormon 1:4
plates	Mormon 2:17
plates	Mormon 2:18
plates	Mormon 2:18
plates	Mormon 6:6
plates	Mormon 6:6
plates	Mormon 8:5
plates	Mormon 8:14
plates	Mormon 9:33
plates	Ether 1:2
plates	Ether 1:4
plates	Ether 4:4
plates	Ether 5:2
plates	Ether 15:15
plates	Ether 15:15
pleadeth	2 Nephi 8:22
pleasures	Alma 12:31
plots	Alma 2:21
plots	Helaman 6:30
plunderers	Helaman 6:18
plunderings	Alma 37:21
plunderings	Alma 50:21
plunderings	Helaman 6:21
plunderings	Helaman 10:3
pointers	1 Nephi 16:28
points	1 Nephi 15:14
points	Alma 41:9
points	Alma 51:2
points	Helaman 11:22
points	Helaman 11:23
points	3 Nephi 11:28
points	3 Nephi 21:6
pollutions	Mormon 8:31
pollutions	Mormon 8:38
pondereth	2 Nephi 4:15
pondereth	2 Nephi 4:16
pools	2 Nephi 24:23
poorer	Jacob 5:23
poorest	Jacob 5:21
possesion	Alma 55:24
possessions	1 Nephi 17:21
possessions	2 Nephi 1:11
possessions	2 Nephi 29:14
possessions	Mosiah 7:21
possessions	Alma 22:34
possessions	Alma 50:9
possessions	Alma 50:10
possessions	Alma 50:12
possessions	Alma 50:13
possessions	Alma 54:6
possessions	Alma 58:3
possessions	Alma 58:10
possessions	Alma 58:12
possessions	Alma 58:32
possessions	Alma 59:4
possessions	Alma 60:24
possessions	Helaman 4:10
possessions	Helaman 4:18
possessions	3 Nephi 3:6
possessions	3 Nephi 3:10
possessions	3 Nephi 6:2
possessson	Alma 58:38
posts	2 Nephi 16:4
powers	Alma 48:17
powers	3 Nephi 20:22
powers	3 Nephi 28:7
powers	3 Nephi 28:39
powers	Mormon 4:17
practices	Jacob 1:15
praises	2 Nephi 31:13
praises	Mosiah 2:28
praises	Mosiah 24:22
praises	Mormon 7:7
praises	Ether 6:9
praises	Ether 6:9
prayed	1 Nephi 1:5
prayed	1 Nephi 1:6
prayed	1 Nephi 7:17
prayed	1 Nephi 8:9
prayed	1 Nephi 18:21
prayed	1 Nephi 18:21
prayed	Enos 1:11
prayed	Enos 1:12
prayed	Mosiah 27:14
prayed	Mosiah 27:23
prayed	Alma 2:28
prayed	Alma 5:46
prayed	Alma 17:9
prayed	Alma 31:38
prayed	Alma 33:4
prayed	Alma 33:7
prayed	Alma 46:13
prayed	Alma 46:16
prayed	3 Nephi 17:15
prayed	3 Nephi 17:15
prayed	3 Nephi 17:21
prayed	3 Nephi 18:16
prayed	3 Nephi 18:24
prayed	3 Nephi 19:8
prayed	3 Nephi 19:10
prayed	3 Nephi 19:24
prayed	3 Nephi 19:27
prayed	3 Nephi 19:31
prayed	3 Nephi 19:32
prayed	3 Nephi 19:32
prayed	3 Nephi 19:33
prayed	3 Nephi 19:34
prayed	Ether 12:36
prayed	Moroni 3:2
prayers	1 Nephi 18:19
prayers	2 Nephi 6:11
prayers	2 Nephi 26:15
prayers	2 Nephi 33:4
prayers	Mosiah 3:4
prayers	Mosiah 9:18
prayers	Mosiah 10:13
prayers	Mosiah 11:25
prayers	Mosiah 23:10
prayers	Mosiah 27:14
prayers	Mosiah 27:14
prayers	Mosiah 27:14
prayers	Mosiah 27:16
prayers	Alma 9:20
prayers	Alma 9:26
prayers	Alma 10:22
prayers	Alma 10:23
prayers	Alma 19:14
prayers	Alma 25:17
prayers	Alma 31:19
prayers	Alma 31:20
prayers	Alma 62:40
prayers	3 Nephi 3:25
prayers	3 Nephi 5:14
prayers	Mormon 5:21
prayers	Mormon 8:24
prayers	Mormon 8:25
prayers	Mormon 9:36
prayers	Mormon 9:37
prayers	Moroni 8:3
prayest	3 Nephi 13:5
prayest	3 Nephi 13:6
prayeth	Alma 26:22
prayeth	Moroni 7:6
preachers	Words of Mormon 1:16
preachings	Omni 1:13
precepts	2 Nephi 27:25
precepts	2 Nephi 28:14
precepts	2 Nephi 28:26
precepts	2 Nephi 28:30
precepts	2 Nephi 28:31
precepts	2 Nephi 28:31
preparations	Jarom 1:8
preparations	Mosiah 10:7
preparations	Mosiah 20:8
preparations	Alma 24:5
preparations	Alma 24:6
preparations	Alma 24:20
preparations	Alma 35:11
preparations	Alma 43:4
preparations	Alma 50:1
preparations	Alma 51:24
preparations	Alma 52:6
preparations	Alma 52:17
preparations	Alma 55:33
preparations	Alma 57:3
preparations	Alma 58:15
preparations	Alma 58:16
preparations	Alma 59:5
preparations	Mormon 2:4
preparations	Mormon 4:6
preparator	1 Nephi 15:35
prepareth	1 Nephi 9:6
prepareth	2 Nephi 9:10
prepareth	Moroni 7:32
presses	Mosiah 11:15
pretendeth	Mosiah 12:12
prevailed	Alma 27:28
priestcrafts	2 Nephi 26:29
priestcrafts	3 Nephi 16:10
priestcrafts	3 Nephi 21:19
priestcrafts	3 Nephi 30:2
priests	2 Nephi 5:26
priests	2 Nephi 28:4
priests	Jacob 1:18
priests	Jarom 1:11
priests	Mosiah 6:3
priests	Mosiah 11:4
priests	Mosiah 11:5
priests	Mosiah 11:7
priests	Mosiah 11:11
priests	Mosiah 11:14
priests	Mosiah 11:19
priests	Mosiah 12:17
priests	Mosiah 12:25
priests	Mosiah 13:1
priests	Mosiah 17:1
priests	Mosiah 17:6
priests	Mosiah 17:12
priests	Mosiah 18:18
priests	Mosiah 18:24
priests	Mosiah 18:26
priests	Mosiah 18:28
priests	Mosiah 19:18
priests	Mosiah 19:21
priests	Mosiah 19:23
priests	Mosiah 20:3
priests	Mosiah 20:18
priests	Mosiah 20:23
priests	Mosiah 21:20
priests	Mosiah 21:23
priests	Mosiah 21:23
priests	Mosiah 21:30
priests	Mosiah 23:9
priests	Mosiah 23:12
priests	Mosiah 23:17
priests	Mosiah 23:31
priests	Mosiah 23:32
priests	Mosiah 24:9
priests	Mosiah 25:19
priests	Mosiah 25:21
priests	Mosiah 26:7
priests	Mosiah 26:7
priests	Mosiah 26:7
priests	Mosiah 27:1
priests	Mosiah 27:5
priests	Mosiah 27:22
priests	Alma 1:26
priests	Alma 4:7
priests	Alma 6:1
priests	Alma 13:1
priests	Alma 13:2
priests	Alma 13:9
priests	Alma 13:10
priests	Alma 14:18
priests	Alma 14:27
priests	Alma 15:13
priests	Alma 16:18
priests	Alma 23:4
priests	Alma 23:16
priests	Alma 25:4
priests	Alma 25:9
priests	Alma 25:12
priests	Alma 30:23
priests	Alma 30:28
priests	Alma 30:31
priests	Alma 32:5
priests	Alma 35:5
priests	Alma 43:13
priests	Alma 45:22
priests	Alma 45:23
priests	Alma 46:6
priests	Alma 46:38
priests	Helaman 3:25
priests	3 Nephi 6:21
priests	3 Nephi 6:27
priests	4 Nephi 1:34
priests	Moroni 3:1
priests	Moroni 3:4
priests	Moroni 4:1
priests	Moroni 6:1
princes	1 Nephi 21:7
princes	2 Nephi 13:4
princes	2 Nephi 13:14
princes	2 Nephi 20:8
prints	3 Nephi 11:14
prints	3 Nephi 11:15
prisoners	1 Nephi 21:9
prisoners	2 Nephi 20:4
prisoners	2 Nephi 24:17
prisoners	Alma 50:35
prisoners	Alma 52:8
prisoners	Alma 52:8
prisoners	Alma 52:8
prisoners	Alma 52:40
prisoners	Alma 53:1
prisoners	Alma 53:5
prisoners	Alma 53:6
prisoners	Alma 54:1
prisoners	Alma 54:2
prisoners	Alma 54:3
prisoners	Alma 54:3
prisoners	Alma 54:3
prisoners	Alma 54:11
prisoners	Alma 54:20
prisoners	Alma 55:2
prisoners	Alma 55:3
prisoners	Alma 55:16
prisoners	Alma 55:17
prisoners	Alma 55:20
prisoners	Alma 55:22
prisoners	Alma 55:24
prisoners	Alma 55:24
prisoners	Alma 55:25
prisoners	Alma 55:26
prisoners	Alma 55:27
prisoners	Alma 55:29
prisoners	Alma 55:31
prisoners	Alma 56:12
prisoners	Alma 56:54
prisoners	Alma 56:56
prisoners	Alma 56:57
prisoners	Alma 57:1
prisoners	Alma 57:2
prisoners	Alma 57:2
prisoners	Alma 57:3
prisoners	Alma 57:11
prisoners	Alma 57:13
prisoners	Alma 57:14
prisoners	Alma 57:16
prisoners	Alma 57:16
prisoners	Alma 57:17
prisoners	Alma 57:18
prisoners	Alma 57:22
prisoners	Alma 57:28
prisoners	Alma 57:30
prisoners	Alma 57:32
prisoners	Alma 58:31
prisoners	Alma 62:8
prisoners	Alma 62:25
prisoners	Alma 62:27
prisoners	Alma 62:29
prisoners	Alma 62:29
prisoners	Alma 62:30
prisoners	Alma 62:30
prisoners	Helaman 1:33
prisoners	3 Nephi 4:27
prisoners	3 Nephi 5:4
prisoners	3 Nephi 5:4
prisoners	Mormon 4:2
prisoners	Mormon 4:14
prisoners	Moroni 9:7
prisoners	Moroni 9:9
prisons	Alma 62:50
prisons	3 Nephi 28:19
prisons	4 Nephi 1:30
prisons	Mormon 8:24
prisons	Ether 10:6
privileges	Mosiah 29:32
privileges	Alma 2:4
privileges	Alma 30:27
privileges	Alma 43:9
privileges	Alma 48:12
privileges	Alma 50:39
privileges	Alma 51:6
privileges	Alma 55:28
privileges	3 Nephi 2:12
privileges	3 Nephi 4:16
proceeded	1 Nephi 13:24
proceeded	1 Nephi 13:24
proceeded	1 Nephi 13:38
proceeded	1 Nephi 14:23
proceeded	1 Nephi 14:23
proceeded	Alma 20:28
proceeded	Moroni 7:25
proceedeth	1 Nephi 13:23
proceedings	1 Nephi 1:1
proceedings	1 Nephi 1:17
proceedings	1 Nephi 10:1
proceedings	1 Nephi 19:2
proceedings	Jacob 3:13
proceedings	Jacob 3:13
proceedings	Mosiah 28:9
proceedings	Helaman 3:13
proceedings	Helaman 3:14
proceedings	3 Nephi 5:9
profiteth	2 Nephi 9:28
profiteth	Jacob 5:32
profiteth	Jacob 5:35
profiteth	Jacob 5:35
profiteth	Moroni 7:6
profiteth	Moroni 7:9
prohesy	2 Nephi 1:6
promises	2 Nephi 10:2
promises	2 Nephi 10:2
promises	2 Nephi 10:9
promises	2 Nephi 10:17
promises	2 Nephi 10:21
promises	2 Nephi 29:2
promises	Mosiah 1:7
promises	Mosiah 10:18
promises	Alma 3:17
promises	Alma 9:16
promises	Alma 9:24
promises	Alma 17:15
promises	Alma 28:11
promises	Alma 28:12
promises	Alma 37:17
promises	Alma 50:21
promises	Helaman 15:12
promises	4 Nephi 1:11
promises	4 Nephi 1:49
promises	Mormon 8:22
promises	Ether 8:17
prophecies	1 Nephi 5:13
prophecies	1 Nephi 5:13
prophecies	1 Nephi 13:23
prophecies	1 Nephi 19:1
prophecies	1 Nephi 19:1
prophecies	1 Nephi 19:3
prophecies	2 Nephi 4:1
prophecies	2 Nephi 4:2
prophecies	2 Nephi 4:3
prophecies	2 Nephi 25:7
prophecies	2 Nephi 25:26
prophecies	Words of Mormon 1:4
prophecies	Mosiah 1:2
prophecies	Mosiah 2:34
prophecies	Mosiah 27:35
prophecies	Alma 23:5
prophecies	Alma 30:6
prophecies	Alma 30:14
prophecies	Alma 30:22
prophecies	Alma 30:24
prophecies	Alma 43:23
prophecies	Alma 58:40
prophecies	Helaman 3:14
prophecies	Helaman 4:21
prophecies	Helaman 6:14
prophecies	Helaman 15:7
prophecies	3 Nephi 1:4
prophecies	3 Nephi 3:16
prophecies	3 Nephi 10:14
prophecies	4 Nephi 1:49
prophecies	Mormon 8:23
prophecies	Mormon 9:7
prophecies	Ether 13:13
prophecies	Ether 13:21
prophecies	Moroni 8:29
prophecies	Moroni 10:28
prophecying	Helaman 6:2
prophecyings	Words of Mormon 1:6
prophesieth	Jacob 4:13
prophesieth	Mosiah 12:10
prophesyings	Omni 1:13
prophets	1 Nephi 1:4
prophets	1 Nephi 1:20
prophets	1 Nephi 2:13
prophets	1 Nephi 3:18
prophets	1 Nephi 3:20
prophets	1 Nephi 5:13
prophets	1 Nephi 7:14
prophets	1 Nephi 10:5
prophets	1 Nephi 13:23
prophets	1 Nephi 13:39
prophets	1 Nephi 19:20
prophets	1 Nephi 19:21
prophets	2 Nephi 9:2
prophets	2 Nephi 25:5
prophets	2 Nephi 25:9
prophets	2 Nephi 25:18
prophets	2 Nephi 25:19
prophets	2 Nephi 25:19
prophets	2 Nephi 25:28
prophets	2 Nephi 26:3
prophets	2 Nephi 26:5
prophets	2 Nephi 26:8
prophets	2 Nephi 27:5
prophets	Jacob 4:4
prophets	Jacob 4:6
prophets	Jacob 4:13
prophets	Jacob 4:14
prophets	Jacob 6:8
prophets	Jacob 7:11
prophets	Enos 1:22
prophets	Jarom 1:10
prophets	Jarom 1:11
prophets	Words of Mormon 1:3
prophets	Words of Mormon 1:16
prophets	Words of Mormon 1:16
prophets	Words of Mormon 1:18
prophets	Mosiah 2:34
prophets	Mosiah 3:13
prophets	Mosiah 3:15
prophets	Mosiah 13:33
prophets	Mosiah 15:11
prophets	Mosiah 15:11
prophets	Mosiah 15:13
prophets	Mosiah 15:13
prophets	Mosiah 15:22
prophets	Mosiah 18:19
prophets	Alma 5:24
prophets	Alma 7:25
prophets	Alma 18:36
prophets	Alma 20:15
prophets	Alma 30:6
prophets	Alma 30:14
prophets	Alma 30:22
prophets	Alma 30:44
prophets	Alma 37:30
prophets	Alma 40:22
prophets	Alma 40:24
prophets	Helaman 8:16
prophets	Helaman 8:19
prophets	Helaman 11:22
prophets	Helaman 13:24
prophets	Helaman 13:25
prophets	Helaman 13:33
prophets	Helaman 15:7
prophets	Helaman 15:11
prophets	Helaman 16:13
prophets	3 Nephi 1:4
prophets	3 Nephi 1:13
prophets	3 Nephi 1:16
prophets	3 Nephi 1:16
prophets	3 Nephi 1:18
prophets	3 Nephi 1:20
prophets	3 Nephi 1:26
prophets	3 Nephi 2:7
prophets	3 Nephi 5:1
prophets	3 Nephi 5:2
prophets	3 Nephi 6:25
prophets	3 Nephi 7:6
prophets	3 Nephi 7:10
prophets	3 Nephi 7:14
prophets	3 Nephi 8:25
prophets	3 Nephi 9:5
prophets	3 Nephi 9:7
prophets	3 Nephi 9:8
prophets	3 Nephi 9:9
prophets	3 Nephi 9:10
prophets	3 Nephi 9:11
prophets	3 Nephi 10:11
prophets	3 Nephi 10:12
prophets	3 Nephi 10:14
prophets	3 Nephi 11:10
prophets	3 Nephi 11:15
prophets	3 Nephi 12:12
prophets	3 Nephi 12:17
prophets	3 Nephi 14:12
prophets	3 Nephi 14:15
prophets	3 Nephi 15:6
prophets	3 Nephi 15:10
prophets	3 Nephi 20:24
prophets	3 Nephi 20:25
prophets	3 Nephi 23:5
prophets	3 Nephi 29:2
prophets	4 Nephi 1:34
prophets	Ether 7:23
prophets	Ether 7:24
prophets	Ether 7:24
prophets	Ether 7:25
prophets	Ether 8:25
prophets	Ether 9:28
prophets	Ether 9:29
prophets	Ether 11:1
prophets	Ether 11:2
prophets	Ether 11:5
prophets	Ether 11:12
prophets	Ether 11:13
prophets	Ether 11:20
prophets	Ether 11:22
prophets	Ether 12:41
prophets	Ether 15:3
prophets	Moroni 7:23
prophets	Moroni 8:29
prospereth	2 Nephi 28:21
proveth	2 Nephi 11:3
providing	Alma 53:7
provisions	1 Nephi 2:4
provisions	1 Nephi 16:11
provisions	1 Nephi 18:6
provisions	1 Nephi 18:8
provisions	Mosiah 22:12
provisions	Alma 54:2
provisions	Alma 55:34
provisions	Alma 56:27
provisions	Alma 56:28
provisions	Alma 56:29
provisions	Alma 56:29
provisions	Alma 56:30
provisions	Alma 56:32
provisions	Alma 57:6
provisions	Alma 57:6
provisions	Alma 57:10
provisions	Alma 57:10
provisions	Alma 57:11
provisions	Alma 57:15
provisions	Alma 57:17
provisions	Alma 58:3
provisions	Alma 58:4
provisions	Alma 58:5
provisions	Alma 60:9
provisions	Alma 60:34
provisions	Alma 61:4
provisions	Alma 61:16
provisions	Alma 62:12
provisions	Alma 62:15
provisions	Alma 63:6
provisions	Alma 63:7
provisions	Alma 63:10
provisions	3 Nephi 4:4
provisions	3 Nephi 4:19
provisions	3 Nephi 6:2
provisions	Moroni 9:16
provisons	Alma 57:8
provoketh	Alma 12:36
publisheth	Mosiah 12:21
publisheth	Mosiah 12:21
publisheth	3 Nephi 20:40
publisheth	3 Nephi 20:40
punishments	Mosiah 4:17
punishments	Alma 18:2
purified	Mosiah 4:2
purified	Alma 5:21
purified	3 Nephi 19:28
purified	3 Nephi 19:28
purified	3 Nephi 19:28
purified	3 Nephi 19:29
purified	Moroni 7:48
purifyer	3 Nephi 24:3
purposes	1 Nephi 4:13
purposes	1 Nephi 19:3
purposes	1 Nephi 19:3
purposes	2 Nephi 2:12
purposes	2 Nephi 2:15
purposes	Alma 37:7
purposes	Alma 42:26
purposes	Alma 46:30
purposes	Alma 54:7
purposes	Alma 54:9
purposes	Mormon 8:22
puteth	Mosiah 23:22
putteth	2 Nephi 4:34
putteth	2 Nephi 4:34
putteth	2 Nephi 28:31
putteth	Mosiah 3:19
putteth	Mosiah 4:16
putteth	Mosiah 4:22
quakings	3 Nephi 8:19
qualities	Alma 46:40
quarrellings	Alma 50:21
quarters	1 Nephi 19:16
quarters	1 Nephi 22:25
quarters	Mosiah 27:6
quarters	3 Nephi 5:24
quarters	3 Nephi 5:26
quarters	3 Nephi 16:5
quarters	Ether 13:11
queens	1 Nephi 21:23
queens	2 Nephi 6:7
queens	2 Nephi 10:9
questions	Mosiah 7:8
questions	Mosiah 12:19
questions	Mosiah 12:19
questions	Alma 11:21
questions	Alma 11:21
rabbanah	Alma 18:13
rabbanah	Alma 18:13
rahab	2 Nephi 8:9
rains	Ether 2:24
raiseth	1 Nephi 17:37
raiseth	2 Nephi 10:14
ramah	Ether 15:11
ramath	2 Nephi 20:29
rameumptom	Alma 31:21
ranks	Mosiah 10:9
ranks	3 Nephi 6:12
rations	Alma 55:11
readeth	3 Nephi 10:14
realise	Mormon 3:3
reasons	Mosiah 7:24
rebelleth	Mosiah 3:12
rebelleth	Mosiah 15:26
rebellions	2 Nephi 1:2
rebellions	Alma 18:38
rebellions	Alma 18:38
rebellions	Alma 61:14
reccive	Alma 8:24
receiveth	2 Nephi 28:28
receiveth	2 Nephi 28:30
receiveth	Mosiah 2:33
receiveth	Mosiah 4:7
receiveth	Alma 3:27
receiveth	Alma 5:42
receiveth	Alma 12:10
receiveth	Alma 14:11
receiveth	Alma 27:18
receiveth	3 Nephi 14:8
receiveth	3 Nephi 27:29
receiveth	3 Nephi 28:34
receiveth	3 Nephi 28:34
receiveth	Mormon 8:12
receiveth	Moroni 7:9
recieve	Alma 16:16
recieve	Alma 16:17
recieve	Alma 22:16
recieve	Alma 22:16
recieved	Alma 11:20
recieveth	Alma 11:3
recieving	Alma 22:22
records	1 Nephi 3:4
records	1 Nephi 3:12
records	1 Nephi 3:13
records	1 Nephi 3:19
records	1 Nephi 3:24
records	1 Nephi 4:17
records	1 Nephi 5:10
records	1 Nephi 5:16
records	1 Nephi 13:39
records	1 Nephi 13:40
records	1 Nephi 13:41
records	1 Nephi 13:41
records	2 Nephi 5:12
records	2 Nephi 5:29
records	Enos 1:14
records	Enos 1:15
records	Enos 1:16
records	Omni 1:9
records	Omni 1:17
records	Words of Mormon 1:2
records	Words of Mormon 1:3
records	Words of Mormon 1:10
records	Mosiah 1:3
records	Mosiah 1:3
records	Mosiah 1:6
records	Mosiah 1:6
records	Mosiah 1:16
records	Mosiah 2:34
records	Mosiah 8:12
records	Mosiah 8:12
records	Mosiah 8:13
records	Mosiah 8:13
records	Mosiah 10:16
records	Mosiah 22:14
records	Mosiah 22:14
records	Mosiah 25:5
records	Mosiah 25:5
records	Mosiah 25:7
records	Mosiah 28:11
records	Mosiah 28:11
records	Mosiah 28:17
records	Mosiah 28:20
records	Alma 3:11
records	Alma 3:12
records	Alma 14:8
records	Alma 14:14
records	Alma 18:36
records	Alma 18:38
records	Alma 23:5
records	Alma 37:1
records	Alma 37:3
records	Alma 37:9
records	Alma 37:9
records	Alma 45:2
records	Alma 50:38
records	Helaman 3:13
records	Helaman 3:15
records	Helaman 6:26
records	3 Nephi 1:2
records	3 Nephi 1:3
records	3 Nephi 2:9
records	3 Nephi 5:9
records	3 Nephi 23:8
records	4 Nephi 1:48
records	4 Nephi 1:48
records	Mormon 1:2
records	Mormon 2:17
records	Mormon 4:23
records	Mormon 6:6
records	Mormon 6:6
records	Mormon 8:4
records	Ether 15:11
records	Moroni 9:24
records	Moroni 10:2
redeemeth	Mosiah 15:26
redeemeth	Mosiah 16:2
redeemeth	Helaman 14:16
redeemeth	Helaman 14:17
redemer	Helaman 5:11
refiners	Alma 34:29
refuseth	2 Nephi 18:6
regin	Alma 28:7
regions	2 Nephi 25:6
regions	Alma 21:13
regions	Alma 22:27
regions	Helaman 3:31
regions	Helaman 5:50
regulations	Alma 6:7
regulations	Alma 51:22
regulations	Alma 62:47
regulations	3 Nephi 7:6
rehearst	Alma 20:11
reigned	Mosiah 29:22
reigned	Ether 7:3
reigned	Ether 8:1
reigned	Ether 9:6
reigned	Ether 9:25
reigned	Ether 9:25
reigned	Ether 10:4
reigned	Ether 10:8
reigned	Ether 10:17
reigned	Ether 10:18
reigned	Ether 10:30
reigned	Ether 10:30
reigned	Ether 10:32
reigned	Ether 11:4
reigneth	1 Nephi 22:26
reigneth	Omni 1:23
reigneth	Mosiah 3:5
reigneth	Mosiah 12:21
reigneth	Mosiah 15:14
reigneth	Mosiah 15:20
reigneth	Mosiah 27:37
reigneth	3 Nephi 20:40
reigns	Jacob 1:9
reigns	Jacob 1:11
reigns	Jacob 1:14
reigns	Jacob 3:13
rejecteth	2 Nephi 27:14
rejoiceth	2 Nephi 15:14
rejoiceth	3 Nephi 27:30
rejoiceth	Moroni 7:45
rejoiceth	Moroni 7:45
rejoicings	Mosiah 23:24
rejoicings	Alma 30:22
rejoicings	Alma 30:34
rejoicings	Alma 46:7
remained	2 Nephi 1:4
remained	2 Nephi 2:22
remained	2 Nephi 2:22
remained	2 Nephi 2:22
remained	2 Nephi 2:23
remained	2 Nephi 9:7
remained	Mosiah 26:4
remained	Mosiah 29:19
remained	Alma 15:15
remained	Alma 16:11
remained	Alma 58:17
remained	3 Nephi 8:15
remaineth	2 Nephi 14:3
remaineth	Mosiah 2:33
remaineth	Mosiah 2:38
remaineth	Mosiah 7:18
remaineth	Mosiah 16:5
remaineth	Mosiah 29:32
remaineth	Alma 45:14
remaineth	Mormon 8:3
remaliah	2 Nephi 17:1
remaliah	2 Nephi 17:4
remaliah	2 Nephi 17:5
remaliah	2 Nephi 17:9
remaliah	2 Nephi 18:6
rememberest	3 Nephi 12:23
rememberest	Ether 12:32
remembereth	1 Nephi 12:9
remembereth	2 Nephi 10:22
remembereth	2 Nephi 10:22
remembereth	2 Nephi 26:33
remembereth	Jacob 6:4
remembereth	Mosiah 27:30
remembereth	3 Nephi 15:1
remembereth	3 Nephi 29:8
remnants	1 Nephi 10:14
remnants	3 Nephi 20:13
rending	Alma 46:21
repented	1 Nephi 18:20
repented	2 Nephi 31:14
repented	Mosiah 12:1
repented	Mosiah 18:1
repented	Mosiah 26:35
repented	Mosiah 27:24
repented	Alma 6:2
repented	Alma 15:15
repented	Alma 20:17
repented	Alma 24:24
repented	Alma 41:6
repented	Alma 42:28
repented	Helaman 11:9
repented	Helaman 11:15
repented	Helaman 13:33
repented	Helaman 13:36
repented	3 Nephi 7:25
repented	3 Nephi 8:24
repented	3 Nephi 8:25
repented	Mormon 3:13
repented	Mormon 3:15
repented	Mormon 4:10
repented	Mormon 5:2
repented	Mormon 5:11
repented	Mormon 6:22
repented	Ether 2:15
repented	Ether 7:13
repented	Ether 11:12
repented	Ether 13:17
repented	Ether 13:17
repented	Ether 13:22
repented	Ether 15:6
repented	Moroni 6:2
repented	Moroni 6:7
repented	Moroni 6:8
repenteth	1 Nephi 14:5
repenteth	Mosiah 2:38
repenteth	Mosiah 4:18
repenteth	Mosiah 4:22
repenteth	Mosiah 26:29
repenteth	Mosiah 26:31
repenteth	Alma 12:34
repenteth	Alma 26:22
repenteth	Alma 32:13
repenteth	Alma 32:15
repenteth	Helaman 7:23
repenteth	Helaman 11:10
repenteth	Helaman 13:11
repenteth	Helaman 14:18
repenteth	Helaman 14:18
repenteth	3 Nephi 9:22
repenteth	3 Nephi 11:23
repenteth	3 Nephi 18:30
repenteth	3 Nephi 18:31
repenteth	3 Nephi 23:5
repenteth	3 Nephi 27:16
repetitions	3 Nephi 13:7
reproveth	2 Nephi 27:32
requires	Mosiah 2:22
requireth	Alma 34:12
rerecord	Enos 1:20
rereward	3 Nephi 20:42
rereward	3 Nephi 21:29
resorted	Mosiah 18:5
respects	Alma 1:30
respects	Alma 16:14
retaken	Alma 55:27
retreats	Alma 58:6
revelations	2 Nephi 5:6
revelations	Jacob 1:6
revelations	Jacob 4:6
revelations	Jacob 4:8
revelations	Jacob 7:5
revelations	Jarom 1:2
revelations	Jarom 1:4
revelations	Omni 1:25
revelations	Words of Mormon 1:6
revelations	Helaman 11:23
revelations	3 Nephi 29:6
revelations	Mormon 8:33
revelations	Mormon 9:7
revelations	Mormon 9:7
revelations	Ether 4:7
revelations	Ether 4:16
revelator	Mosiah 8:16
revilings	2 Nephi 8:7
revilings	Alma 16:18
rewardeth	Alma 34:39
rewards	Alma 3:26
rewards	Alma 32:43
rezin	2 Nephi 17:1
rezin	2 Nephi 17:4
rezin	2 Nephi 17:8
rezin	2 Nephi 18:6
rezin	2 Nephi 19:11
ridges	Alma 50:2
rights	Mosiah 29:32
rights	Alma 2:4
rights	Alma 30:27
rights	Alma 43:9
rights	Alma 43:26
rights	Alma 43:47
rights	Alma 46:20
rights	Alma 48:13
rights	Alma 51:6
rights	Alma 54:24
rights	Alma 55:28
rights	Alma 61:9
rights	3 Nephi 2:12
rights	3 Nephi 3:10
rights	3 Nephi 3:10
rights	3 Nephi 6:30
rights	Moroni 7:27
rims	Mosiah 28:13
ringlets	Alma 31:28
rings	2 Nephi 13:20
rings	2 Nephi 13:21
riotings	Alma 11:20
ripened	Jacob 5:37
ripened	Jacob 5:58
ripened	Ether 2:9
ripened	Ether 9:20
ripening	Helaman 5:2
ripening	Helaman 6:40
ripening	Helaman 8:26
ripening	Helaman 11:37
riplah	Alma 43:31
riplah	Alma 43:35
riplakish	Ether 1:23
riplakish	Ether 1:24
riplakish	Ether 10:4
riplakish	Ether 10:4
riplakish	Ether 10:5
riplakish	Ether 10:8
riplakish	Ether 10:9
ripliancum	Ether 15:8
risest	Alma 37:37
rites	Alma 43:45
rites	Alma 44:5
rivers	2 Nephi 7:2
rivers	Helaman 3:4
rivers	Mormon 6:4
roads	1 Nephi 8:32
roads	1 Nephi 12:17
roads	3 Nephi 6:8
roads	3 Nephi 8:13
roared	2 Nephi 8:15
robbers	Helaman 2:10
robbers	Helaman 6:18
robbers	Helaman 6:20
robbers	Helaman 6:21
robbers	Helaman 6:37
robbers	Helaman 6:37
robbers	Helaman 7:4
robbers	Helaman 11:2
robbers	Helaman 11:26
robbers	Helaman 11:26
robbers	Helaman 11:27
robbers	Helaman 11:28
robbers	Helaman 11:30
robbers	Helaman 11:31
robbers	Helaman 11:32
robbers	3 Nephi 1:27
robbers	3 Nephi 1:29
robbers	3 Nephi 2:11
robbers	3 Nephi 2:12
robbers	3 Nephi 2:17
robbers	3 Nephi 2:17
robbers	3 Nephi 2:18
robbers	3 Nephi 3:1
robbers	3 Nephi 3:11
robbers	3 Nephi 3:12
robbers	3 Nephi 3:12
robbers	3 Nephi 3:14
robbers	3 Nephi 3:15
robbers	3 Nephi 3:17
robbers	3 Nephi 3:20
robbers	3 Nephi 4:1
robbers	3 Nephi 4:2
robbers	3 Nephi 4:3
robbers	3 Nephi 4:4
robbers	3 Nephi 4:4
robbers	3 Nephi 4:7
robbers	3 Nephi 4:15
robbers	3 Nephi 4:18
robbers	3 Nephi 4:19
robbers	3 Nephi 4:20
robbers	3 Nephi 4:25
robbers	3 Nephi 4:25
robbers	3 Nephi 4:26
robbers	3 Nephi 5:4
robbers	3 Nephi 6:3
robbers	4 Nephi 1:17
robbers	4 Nephi 1:46
robbers	Mormon 1:18
robbers	Mormon 2:8
robbers	Mormon 2:10
robbers	Mormon 2:27
robbers	Mormon 2:28
robbers	Mormon 8:9
robbers	Ether 10:33
robbers	Ether 13:26
robbings	Alma 37:21
robbings	Helaman 3:14
rocks	1 Nephi 12:4
rocks	1 Nephi 19:12
rocks	2 Nephi 12:19
rocks	2 Nephi 12:21
rocks	2 Nephi 12:21
rocks	2 Nephi 17:19
rocks	Alma 12:14
rocks	Helaman 14:21
rocks	3 Nephi 8:18
rocks	3 Nephi 10:9
roots	2 Nephi 21:1
roots	Jacob 5:11
roots	Jacob 5:34
roots	Jacob 5:35
roots	Jacob 5:36
roots	Jacob 5:37
roots	Jacob 5:37
roots	Jacob 5:48
roots	Jacob 5:48
roots	Jacob 5:48
roots	Jacob 5:53
roots	Jacob 5:54
roots	Jacob 5:54
roots	Jacob 5:59
roots	Jacob 5:60
roots	Jacob 5:60
roots	Jacob 5:60
roots	Jacob 5:65
roots	Jacob 6:4
roots	Alma 46:40
rssurrection	Mosiah 15:21
rufused	Alma 27:3
ruins	Mosiah 8:8
rulers	1 Nephi 21:7
rulers	2 Nephi 24:5
rulers	2 Nephi 27:5
rulers	Alma 2:14
rulers	Alma 25:7
rulers	Alma 35:5
rulers	Alma 46:5
ruleth	1 Nephi 17:39
rumderers	Mormon 2:10
rumors	1 Nephi 12:2
rumors	1 Nephi 12:21
rumors	1 Nephi 12:21
rumors	1 Nephi 14:15
rumors	1 Nephi 14:16
rumors	2 Nephi 25:12
rumors	Helaman 16:22
rumors	Mormon 8:30
sacrifices	3 Nephi 9:19
sacrifices	3 Nephi 9:19
sacrifices	Mormon 4:14
saidst	Alma 11:25
saidst	Helaman 11:14
saints	1 Nephi 13:5
saints	1 Nephi 13:9
saints	1 Nephi 14:12
saints	1 Nephi 14:14
saints	1 Nephi 15:28
saints	2 Nephi 9:18
saints	2 Nephi 9:19
saints	2 Nephi 9:43
saints	2 Nephi 26:3
saints	2 Nephi 26:3
saints	2 Nephi 26:5
saints	2 Nephi 28:10
saints	Enos 1:3
saints	Helaman 14:25
saints	3 Nephi 9:5
saints	3 Nephi 9:7
saints	3 Nephi 9:8
saints	3 Nephi 9:9
saints	3 Nephi 9:11
saints	3 Nephi 10:12
saints	3 Nephi 23:9
saints	3 Nephi 23:11
saints	Mormon 8:23
saints	Mormon 8:27
saints	Mormon 8:41
saints	Mormon 9:36
saints	Ether 8:22
saints	Moroni 8:26
saith	1 Nephi 4:11
saith	1 Nephi 8:35
saith	1 Nephi 10:9
saith	1 Nephi 11:2
saith	1 Nephi 11:3
saith	1 Nephi 11:4
saith	1 Nephi 11:8
saith	1 Nephi 11:10
saith	1 Nephi 11:14
saith	1 Nephi 11:15
saith	1 Nephi 11:16
saith	1 Nephi 12:9
saith	1 Nephi 12:11
saith	1 Nephi 13:2
saith	1 Nephi 13:3
saith	1 Nephi 13:21
saith	1 Nephi 13:22
saith	1 Nephi 13:23
saith	1 Nephi 13:23
saith	1 Nephi 13:33
saith	1 Nephi 13:34
saith	1 Nephi 13:34
saith	1 Nephi 13:34
saith	1 Nephi 13:34
saith	1 Nephi 13:35
saith	1 Nephi 13:36
saith	1 Nephi 14:3
saith	1 Nephi 14:7
saith	1 Nephi 14:8
saith	1 Nephi 14:8
saith	1 Nephi 14:9
saith	1 Nephi 14:10
saith	1 Nephi 16:37
saith	1 Nephi 16:38
saith	1 Nephi 17:9
saith	1 Nephi 17:12
saith	1 Nephi 17:49
saith	1 Nephi 17:50
saith	1 Nephi 17:53
saith	1 Nephi 19:12
saith	1 Nephi 19:13
saith	1 Nephi 19:13
saith	1 Nephi 19:14
saith	1 Nephi 19:15
saith	1 Nephi 19:16
saith	1 Nephi 19:17
saith	1 Nephi 20:15
saith	1 Nephi 20:17
saith	1 Nephi 20:22
saith	1 Nephi 21:5
saith	1 Nephi 21:7
saith	1 Nephi 21:8
saith	1 Nephi 21:18
saith	1 Nephi 21:22
saith	1 Nephi 21:25
saith	1 Nephi 22:15
saith	1 Nephi 22:17
saith	2 Nephi 1:4
saith	2 Nephi 3:7
saith	2 Nephi 3:11
saith	2 Nephi 3:12
saith	2 Nephi 3:13
saith	2 Nephi 5:22
saith	2 Nephi 6:6
saith	2 Nephi 6:11
saith	2 Nephi 6:17
saith	2 Nephi 6:17
saith	2 Nephi 7:1
saith	2 Nephi 7:1
saith	2 Nephi 8:22
saith	2 Nephi 10:7
saith	2 Nephi 10:8
saith	2 Nephi 10:10
saith	2 Nephi 10:13
saith	2 Nephi 10:16
saith	2 Nephi 10:18
saith	2 Nephi 10:19
saith	2 Nephi 10:19
saith	2 Nephi 13:15
saith	2 Nephi 13:16
saith	2 Nephi 17:7
saith	2 Nephi 20:8
saith	2 Nephi 20:13
saith	2 Nephi 20:24
saith	2 Nephi 24:22
saith	2 Nephi 24:22
saith	2 Nephi 24:23
saith	2 Nephi 26:4
saith	2 Nephi 26:5
saith	2 Nephi 26:6
saith	2 Nephi 26:17
saith	2 Nephi 26:18
saith	2 Nephi 26:25
saith	2 Nephi 27:27
saith	2 Nephi 27:28
saith	2 Nephi 27:33
saith	2 Nephi 28:15
saith	2 Nephi 28:17
saith	2 Nephi 28:22
saith	2 Nephi 28:27
saith	2 Nephi 28:30
saith	2 Nephi 28:32
saith	2 Nephi 28:32
saith	2 Nephi 28:32
saith	2 Nephi 29:4
saith	2 Nephi 31:10
saith	2 Nephi 31:11
saith	2 Nephi 31:20
saith	Jacob 2:23
saith	Jacob 2:24
saith	Jacob 2:25
saith	Jacob 2:28
saith	Jacob 2:29
saith	Jacob 2:30
saith	Jacob 2:32
saith	Jacob 2:32
saith	Jacob 2:33
saith	Jacob 5:3
saith	Jacob 5:8
saith	Jacob 5:31
saith	Jacob 5:50
saith	Jacob 5:51
saith	Jacob 5:71
saith	Mosiah 3:24
saith	Mosiah 7:9
saith	Mosiah 7:27
saith	Mosiah 7:27
saith	Mosiah 7:30
saith	Mosiah 7:31
saith	Mosiah 8:7
saith	Mosiah 8:13
saith	Mosiah 8:15
saith	Mosiah 8:16
saith	Mosiah 11:20
saith	Mosiah 11:20
saith	Mosiah 11:25
saith	Mosiah 11:27
saith	Mosiah 12:2
saith	Mosiah 12:9
saith	Mosiah 12:9
saith	Mosiah 12:10
saith	Mosiah 12:11
saith	Mosiah 12:12
saith	Mosiah 12:12
saith	Mosiah 12:18
saith	Mosiah 12:20
saith	Mosiah 12:25
saith	Mosiah 12:29
saith	Mosiah 12:33
saith	Mosiah 12:37
saith	Mosiah 15:1
saith	Mosiah 15:14
saith	Mosiah 17:9
saith	Mosiah 18:33
saith	Mosiah 20:14
saith	Mosiah 20:14
saith	Mosiah 20:16
saith	Mosiah 22:5
saith	Mosiah 23:7
saith	Mosiah 23:7
saith	Mosiah 24:17
saith	Mosiah 26:11
saith	Mosiah 26:12
saith	Mosiah 26:31
saith	Mosiah 27:14
saith	Alma 3:14
saith	Alma 5:33
saith	Alma 5:34
saith	Alma 5:50
saith	Alma 5:50
saith	Alma 5:51
saith	Alma 5:52
saith	Alma 5:57
saith	Alma 7:11
saith	Alma 7:14
saith	Alma 8:17
saith	Alma 8:19
saith	Alma 8:20
saith	Alma 8:20
saith	Alma 8:23
saith	Alma 8:29
saith	Alma 10:17
saith	Alma 10:28
saith	Alma 11:21
saith	Alma 11:22
saith	Alma 11:22
saith	Alma 11:23
saith	Alma 11:26
saith	Alma 11:27
saith	Alma 11:28
saith	Alma 11:30
saith	Alma 11:31
saith	Alma 11:32
saith	Alma 11:34
saith	Alma 11:35
saith	Alma 11:35
saith	Alma 11:35
saith	Alma 11:36
saith	Alma 11:38
saith	Alma 11:39
saith	Alma 12:8
saith	Alma 12:21
saith	Alma 12:22
saith	Alma 14:10
saith	Alma 14:11
saith	Alma 14:12
saith	Alma 14:13
saith	Alma 14:14
saith	Alma 14:19
saith	Alma 14:24
saith	Alma 15:8
saith	Alma 15:9
saith	Alma 17:25
saith	Alma 17:33
saith	Alma 18:2
saith	Alma 18:9
saith	Alma 18:14
saith	Alma 18:16
saith	Alma 18:20
saith	Alma 18:22
saith	Alma 18:26
saith	Alma 18:27
saith	Alma 18:28
saith	Alma 18:28
saith	Alma 18:29
saith	Alma 18:30
saith	Alma 18:31
saith	Alma 18:32
saith	Alma 18:33
saith	Alma 18:34
saith	Alma 19:4
saith	Alma 19:8
saith	Alma 19:9
saith	Alma 20:3
saith	Alma 20:4
saith	Alma 20:4
saith	Alma 20:5
saith	Alma 20:7
saith	Alma 20:9
saith	Alma 20:10
saith	Alma 20:13
saith	Alma 20:15
saith	Alma 20:17
saith	Alma 20:24
saith	Alma 20:26
saith	Alma 21:8
saith	Alma 22:3
saith	Alma 22:4
saith	Alma 22:5
saith	Alma 22:7
saith	Alma 22:8
saith	Alma 22:9
saith	Alma 22:11
saith	Alma 22:15
saith	Alma 22:15
saith	Alma 22:16
saith	Alma 26:11
saith	Alma 27:6
saith	Alma 27:7
saith	Alma 27:7
saith	Alma 27:8
saith	Alma 27:8
saith	Alma 27:9
saith	Alma 27:10
saith	Alma 27:10
saith	Alma 27:15
saith	Alma 30:8
saith	Alma 30:22
saith	Alma 30:23
saith	Alma 30:32
saith	Alma 30:37
saith	Alma 30:39
saith	Alma 30:43
saith	Alma 30:44
saith	Alma 30:48
saith	Alma 30:49
saith	Alma 30:53
saith	Alma 32:5
saith	Alma 32:7
saith	Alma 33:2
saith	Alma 33:4
saith	Alma 33:12
saith	Alma 33:13
saith	Alma 33:13
saith	Alma 33:16
saith	Alma 37:13
saith	Alma 44:8
saith	Alma 45:2
saith	Alma 45:3
saith	Alma 45:4
saith	Alma 45:5
saith	Alma 45:6
saith	Alma 45:8
saith	Alma 45:16
saith	Alma 45:19
saith	Alma 46:18
saith	Alma 46:23
saith	Alma 46:24
saith	Alma 55:8
saith	Alma 55:10
saith	Alma 55:12
saith	Alma 60:33
saith	Helaman 2:8
saith	Helaman 5:39
saith	Helaman 5:41
saith	Helaman 7:23
saith	Helaman 8:7
saith	Helaman 9:21
saith	Helaman 10:11
saith	Helaman 10:14
saith	Helaman 12:13
saith	Helaman 12:14
saith	Helaman 12:16
saith	Helaman 12:17
saith	Helaman 12:26
saith	Helaman 13:8
saith	Helaman 13:10
saith	Helaman 13:11
saith	Helaman 13:11
saith	Helaman 13:12
saith	Helaman 13:12
saith	Helaman 13:14
saith	Helaman 13:17
saith	Helaman 13:18
saith	Helaman 13:19
saith	Helaman 13:20
saith	Helaman 13:21
saith	Helaman 13:21
saith	Helaman 13:28
saith	Helaman 13:32
saith	Helaman 14:2
saith	Helaman 15:16
saith	Helaman 15:16
saith	Helaman 15:17
saith	Helaman 15:17
saith	Helaman 15:17
saith	3 Nephi 3:21
saith	3 Nephi 11:6
saith	3 Nephi 11:22
saith	3 Nephi 13:25
saith	3 Nephi 14:21
saith	3 Nephi 15:1
saith	3 Nephi 15:3
saith	3 Nephi 16:7
saith	3 Nephi 16:8
saith	3 Nephi 16:10
saith	3 Nephi 16:13
saith	3 Nephi 16:14
saith	3 Nephi 16:17
saith	3 Nephi 17:1
saith	3 Nephi 17:6
saith	3 Nephi 17:14
saith	3 Nephi 17:20
saith	3 Nephi 17:23
saith	3 Nephi 18:5
saith	3 Nephi 18:10
saith	3 Nephi 18:17
saith	3 Nephi 18:26
saith	3 Nephi 19:19
saith	3 Nephi 19:26
saith	3 Nephi 19:35
saith	3 Nephi 20:8
saith	3 Nephi 20:10
saith	3 Nephi 20:20
saith	3 Nephi 20:20
saith	3 Nephi 20:28
saith	3 Nephi 20:29
saith	3 Nephi 20:38
saith	3 Nephi 20:40
saith	3 Nephi 21:14
saith	3 Nephi 21:20
saith	3 Nephi 21:29
saith	3 Nephi 22:1
saith	3 Nephi 22:6
saith	3 Nephi 22:8
saith	3 Nephi 22:10
saith	3 Nephi 22:17
saith	3 Nephi 23:6
saith	3 Nephi 23:6
saith	3 Nephi 23:7
saith	3 Nephi 23:8
saith	3 Nephi 23:9
saith	3 Nephi 23:11
saith	3 Nephi 24:1
saith	3 Nephi 24:5
saith	3 Nephi 24:7
saith	3 Nephi 24:10
saith	3 Nephi 24:11
saith	3 Nephi 24:12
saith	3 Nephi 24:13
saith	3 Nephi 24:17
saith	3 Nephi 25:1
saith	3 Nephi 25:3
saith	3 Nephi 26:2
saith	3 Nephi 27:2
saith	3 Nephi 27:3
saith	3 Nephi 27:5
saith	3 Nephi 27:33
saith	3 Nephi 28:3
saith	3 Nephi 28:6
saith	Mormon 1:2
saith	Mormon 8:14
saith	Mormon 8:20
saith	Mormon 8:20
saith	Mormon 9:22
saith	Ether 3:8
saith	Ether 4:6
saith	Ether 4:7
saith	Ether 4:7
saith	Ether 4:8
saith	Ether 6:19
saith	Ether 8:9
saith	Ether 8:13
saith	Ether 9:20
saith	Ether 13:12
saith	Moroni 7:5
saith	Moroni 8:20
sakes	1 Nephi 17:38
sakes	2 Nephi 1:7
sakes	2 Nephi 6:4
sakes	Jacob 2:29
sakes	Jacob 3:3
sakes	3 Nephi 18:35
sakes	3 Nephi 24:11
salem	Alma 13:17
salem	Alma 13:18
sam	1 Nephi 2:5
sam	1 Nephi 2:17
sam	1 Nephi 4:28
sam	1 Nephi 7:6
sam	1 Nephi 8:3
sam	1 Nephi 8:14
sam	2 Nephi 1:28
sam	2 Nephi 4:11
sam	2 Nephi 5:6
sam	Alma 3:6
samaria	2 Nephi 17:9
samaria	2 Nephi 17:9
samaria	2 Nephi 18:4
samaria	2 Nephi 19:9
samaria	2 Nephi 20:9
samaria	2 Nephi 20:10
samaria	2 Nephi 20:11
samuel	Helaman 13:2
samuel	Helaman 13:5
samuel	Helaman 14:1
samuel	Helaman 16:1
samuel	Helaman 16:2
samuel	Helaman 16:5
samuel	Helaman 16:6
samuel	3 Nephi 1:5
samuel	3 Nephi 1:6
samuel	3 Nephi 1:9
samuel	3 Nephi 8:3
samuel	3 Nephi 20:24
samuel	3 Nephi 23:9
samuel	3 Nephi 23:10
samuel	Mormon 1:19
samuel	Mormon 2:10
sanctuaries	2 Nephi 28:13
sanctuaries	Alma 15:17
sanctuaries	Alma 16:13
sanctuaries	Alma 21:6
sanctuaries	Alma 22:7
sanctuaries	Alma 23:2
sanctuaries	Helaman 3:9
sanctuaries	Helaman 3:14
sands	Alma 2:27
sapphires	3 Nephi 22:11
sarah	2 Nephi 8:2
sariah	1 Nephi 2:5
sariah	1 Nephi 5:1
sariah	1 Nephi 5:6
sariah	1 Nephi 8:14
satisfieth	2 Nephi 9:26
satyrs	2 Nephi 23:21
saveth	Moroni 8:15
saviour	1 Nephi 10:4
saviour	1 Nephi 13:40
saviour	1 Nephi 21:26
saviour	1 Nephi 22:12
saviour	2 Nephi 6:18
saviour	2 Nephi 31:13
saviour	Mosiah 3:20
saviour	3 Nephi 5:20
saviour	Mormon 3:14
saviour	Mormon 7:10
saviour	Mormon 8:6
saviour	Moroni 8:29
savour	3 Nephi 16:15
sawest	Ether 3:9
sayest	Mosiah 12:31
sayest	Alma 11:26
sayest	Alma 11:36
sayest	Alma 21:6
sayest	Alma 22:7
sayest	Alma 30:35
sayeth	1 Nephi 2:1
sayeth	1 Nephi 22:2
sayeth	2 Nephi 2:18
sayeth	2 Nephi 2:18
sayeth	2 Nephi 4:3
sayeth	2 Nephi 10:21
sayeth	Jacob 5:4
sayeth	Jacob 5:7
sayeth	Jacob 5:15
sayeth	Jacob 5:16
sayeth	Jacob 5:18
sayeth	Jacob 5:19
sayeth	Jacob 5:20
sayeth	Jacob 5:20
sayeth	Jacob 5:20
sayeth	Jacob 5:21
sayeth	Jacob 5:22
sayeth	Jacob 5:23
sayeth	Jacob 5:24
sayeth	Jacob 5:25
sayeth	Jacob 5:26
sayeth	Jacob 5:27
sayeth	Jacob 5:29
sayeth	Jacob 5:33
sayeth	Jacob 5:34
sayeth	Jacob 5:35
sayeth	Jacob 5:38
sayeth	Jacob 5:41
sayeth	Jacob 5:48
sayeth	Jacob 5:49
sayeth	Jacob 5:57
sayeth	Jacob 5:75
sayeth	Jacob 7:9
sayeth	Jacob 7:9
sayeth	Jacob 7:10
sayeth	Jacob 7:10
sayeth	Jacob 7:11
sayeth	Jacob 7:13
sayeth	Jacob 7:16
sayeth	Jacob 7:19
sayeth	Enos 1:7
sayeth	Enos 1:8
sayeth	Mosiah 12:21
sayeth	Alma 9:4
sayeth	Alma 9:6
sayeth	Alma 26:1
sayeth	Mormon 8:18
sayings	2 Nephi 4:14
sayings	2 Nephi 30:18
sayings	Mosiah 1:6
sayings	Mosiah 1:6
sayings	Mosiah 1:15
sayings	Mosiah 13:25
sayings	Mosiah 17:1
sayings	Alma 5:53
sayings	Alma 24:17
sayings	Alma 44:8
sayings	3 Nephi 10:1
sayings	3 Nephi 10:1
sayings	3 Nephi 10:19
sayings	3 Nephi 14:24
sayings	3 Nephi 14:26
sayings	3 Nephi 15:1
sayings	3 Nephi 15:1
sayings	3 Nephi 16:4
sayings	3 Nephi 16:4
sayings	3 Nephi 18:33
sayings	3 Nephi 18:36
sayings	3 Nephi 26:12
sayings	3 Nephi 27:33
sayings	3 Nephi 29:1
sayings	3 Nephi 29:4
sayings	Mormon 9:26
scales	2 Nephi 30:6
scarlets	1 Nephi 13:7
scarlets	1 Nephi 13:8
scattereth	Mosiah 8:21
sceptres	2 Nephi 24:5
scorcheth	Alma 32:38
scriptures	1 Nephi 19:23
scriptures	2 Nephi 4:15
scriptures	2 Nephi 4:15
scriptures	Jacob 2:23
scriptures	Jacob 4:16
scriptures	Jacob 7:10
scriptures	Jacob 7:19
scriptures	Jacob 7:23
scriptures	Mosiah 27:35
scriptures	Alma 12:1
scriptures	Alma 13:20
scriptures	Alma 14:1
scriptures	Alma 14:8
scriptures	Alma 17:2
scriptures	Alma 18:36
scriptures	Alma 18:38
scriptures	Alma 21:9
scriptures	Alma 22:12
scriptures	Alma 22:13
scriptures	Alma 30:44
scriptures	Alma 33:2
scriptures	Alma 33:12
scriptures	Alma 33:14
scriptures	Alma 34:30
scriptures	Alma 37:3
scriptures	Alma 41:1
scriptures	Helaman 15:7
scriptures	Helaman 16:14
scriptures	3 Nephi 1:24
scriptures	3 Nephi 1:24
scriptures	3 Nephi 9:16
scriptures	3 Nephi 10:11
scriptures	3 Nephi 10:14
scriptures	3 Nephi 23:6
scriptures	3 Nephi 23:6
scriptures	3 Nephi 23:14
scriptures	3 Nephi 26:2
scriptures	3 Nephi 27:5
scriptures	3 Nephi 28:33
scriptures	Mormon 9:8
seams	Helaman 14:22
seams	3 Nephi 8:18
seantum	Helaman 9:26
searches	Mosiah 18:5
seashore	1 Nephi 17:6
seashore	1 Nephi 17:6
seashore	Alma 22:28
seashore	Alma 22:28
seashore	Alma 22:29
seashore	Alma 31:3
seashore	Alma 50:9
seashore	Alma 50:15
seashore	Alma 51:22
seashore	Alma 51:25
seashore	Alma 51:26
seashore	Alma 51:32
seashore	Alma 52:22
seashore	Alma 52:23
seashore	Alma 56:31
seashore	Alma 62:25
seashore	Alma 62:32
seashore	Mormon 2:6
seashore	Mormon 4:3
seashore	Ether 2:13
seashore	Ether 9:3
seashore	Ether 14:12
seashore	Ether 14:13
seashore	Ether 14:26
seasons	Omni 1:3
seasons	Omni 1:3
seasons	Mosiah 18:4
seasons	Alma 46:40
seats	Mosiah 11:11
seats	Mosiah 11:11
seats	Helaman 7:4
sebus	Alma 17:26
sebus	Alma 17:34
sebus	Alma 18:7
sebus	Alma 19:20
sebus	Alma 19:21
sebus	Alma 19:21
secrets	Alma 37:25
seduced	Helaman 6:38
seeds	1 Nephi 8:1
seeds	1 Nephi 8:1
seeds	1 Nephi 18:6
seeds	1 Nephi 18:24
seeds	1 Nephi 18:24
seeds	Mosiah 9:9
seeds	Mosiah 9:9
seeds	Mosiah 9:9
seeds	Ether 2:3
seeketh	1 Nephi 10:19
seeketh	2 Nephi 2:27
seeketh	Alma 32:13
seeketh	Helaman 8:27
seeketh	Helaman 8:28
seeketh	3 Nephi 14:8
seeketh	Ether 8:25
seeketh	Moroni 7:45
seeking	Enos 1:20
seeking	Mosiah 27:10
seeking	Mosiah 29:40
seeking	Alma 36:6
seeking	Alma 46:4
seeking	Alma 60:17
seeking	Alma 60:18
seeking	Helaman 7:16
seeking	Moroni 8:28
seeking	Moroni 9:23
seemeth	2 Nephi 27:14
seemeth	Mosiah 12:16
seemeth	3 Nephi 3:3
seemeth	3 Nephi 28:30
seemeth	Moroni 9:5
seemeth	Moroni 10:1
seeond	Alma 50:24
seers	2 Nephi 27:5
seest	1 Nephi 11:18
seest	1 Nephi 13:26
seest	1 Nephi 13:28
seest	1 Nephi 13:29
seest	1 Nephi 13:30
seest	1 Nephi 14:16
seest	Alma 12:3
seest	Alma 12:4
seest	Helaman 8:2
seest	Helaman 11:15
seest	3 Nephi 19:22
seest	Ether 3:15
seeth	2 Nephi 27:27
seeth	2 Nephi 27:34
seeth	Mosiah 3:19
seeth	Mosiah 23:21
seeth	Mosiah 29:32
seeth	Alma 29:8
seeth	3 Nephi 13:4
seeth	3 Nephi 13:6
seeth	3 Nephi 13:18
seeth	3 Nephi 28:29
seezoram	Helaman 9:23
seezoram	Helaman 9:26
seezoram	Helaman 9:27
selfsame	Alma 31:22
sendeth	2 Nephi 11:3
sendeth	Mosiah 29:23
sendeth	Alma 5:33
sendeth	Alma 9:6
sendeth	Alma 12:36
sending	2 Nephi 17:25
sending	Alma 48:23
sending	Helaman 1:16
senine	Alma 11:3
senine	Alma 11:3
senine	Alma 11:5
senine	Alma 11:7
senine	Alma 11:8
senine	Alma 30:33
senine	3 Nephi 12:26
senine	3 Nephi 12:26
senum	Alma 11:3
senum	Alma 11:6
senum	Alma 11:7
senum	Alma 11:15
senums	Alma 11:11
senums	Alma 11:12
seon	Alma 11:5
seon	Alma 11:8
seon	Alma 11:9
separateth	1 Nephi 15:28
sepulchre	1 Nephi 19:10
sepulchre	Alma 19:1
sepulchre	Alma 19:5
seraphims	2 Nephi 16:2
seraphims	2 Nephi 16:6
serpents	1 Nephi 17:41
serpents	2 Nephi 25:20
serpents	Mormon 8:24
serpents	Mormon 9:24
serpents	Ether 9:31
serpents	Ether 9:31
serpents	Ether 9:33
serpents	Ether 9:33
serpents	Ether 10:19
servants	1 Nephi 3:25
servants	1 Nephi 3:26
servants	1 Nephi 3:27
servants	2 Nephi 24:2
servants	Jacob 5:61
servants	Jacob 5:70
servants	Jacob 5:72
servants	Jacob 5:75
servants	Jacob 6:2
servants	Mosiah 2:21
servants	Mosiah 17:3
servants	Mosiah 18:1
servants	Mosiah 18:32
servants	Mosiah 27:14
servants	Alma 17:25
servants	Alma 17:26
servants	Alma 17:27
servants	Alma 17:27
servants	Alma 17:28
servants	Alma 17:29
servants	Alma 17:29
servants	Alma 18:1
servants	Alma 18:5
servants	Alma 18:8
servants	Alma 18:9
servants	Alma 18:10
servants	Alma 18:12
servants	Alma 18:13
servants	Alma 18:16
servants	Alma 18:16
servants	Alma 18:37
servants	Alma 18:43
servants	Alma 19:4
servants	Alma 19:9
servants	Alma 19:15
servants	Alma 19:17
servants	Alma 19:18
servants	Alma 19:20
servants	Alma 19:33
servants	Alma 20:6
servants	Alma 22:3
servants	Alma 22:3
servants	Alma 22:19
servants	Alma 22:19
servants	Alma 22:19
servants	Alma 22:20
servants	Alma 22:21
servants	Alma 22:21
servants	Alma 22:23
servants	Alma 31:26
servants	Alma 47:18
servants	Alma 47:22
servants	Alma 47:25
servants	Alma 47:25
servants	Alma 47:26
servants	Alma 47:27
servants	Alma 47:28
servants	Alma 47:29
servants	Alma 47:32
servants	Alma 47:34
servants	Alma 47:35
servants	Alma 51:34
servants	Alma 55:5
servants	Helaman 1:10
servants	Helaman 2:6
servants	Helaman 5:21
servants	Helaman 5:29
servants	Helaman 5:32
servants	Helaman 9:6
servants	Helaman 16:21
servants	Helaman 16:21
servants	3 Nephi 12:1
servants	3 Nephi 22:17
serveth	3 Nephi 24:17
serveth	3 Nephi 24:18
serveth	3 Nephi 24:18
seth	Ether 1:10
seth	Ether 1:11
seth	Ether 11:9
setteth	Moroni 8:20
shadows	Mosiah 3:15
shafts	Helaman 5:12
shaketh	2 Nephi 20:15
shalal	2 Nephi 18:1
shalal	2 Nephi 18:3
shares	2 Nephi 12:4
shaven	Enos 1:20
shazer	1 Nephi 16:13
shazer	1 Nephi 16:14
shearers	Mosiah 14:7
shearjashub	2 Nephi 17:3
sheaves	Alma 26:5
sheaves	3 Nephi 20:18
sheddeth	1 Nephi 11:22
shelem	Ether 3:1
shem	Mormon 2:20
shem	Mormon 2:21
shem	Mormon 6:14
shemlon	Mosiah 10:7
shemlon	Mosiah 11:12
shemlon	Mosiah 19:6
shemlon	Mosiah 20:1
shemlon	Mosiah 24:1
shemlon	Alma 23:12
shemnon	3 Nephi 19:4
shepherds	2 Nephi 23:20
sherem	Jacob 7:1
sherem	Jacob 7:7
sherem	Jacob 7:7
sherrizah	Moroni 9:7
sherrizah	Moroni 9:16
sherrizah	Moroni 9:17
sheum	Mosiah 9:9
shew	1 Nephi 1:20
shew	1 Nephi 15:17
shew	1 Nephi 17:8
shew	1 Nephi 18:1
shew	1 Nephi 18:11
shew	1 Nephi 19:20
shew	1 Nephi 19:21
shew	1 Nephi 19:21
shew	1 Nephi 20:3
shew	1 Nephi 21:9
shew	1 Nephi 21:14
shew	2 Nephi 9:5
shew	2 Nephi 13:9
shew	2 Nephi 26:1
shew	2 Nephi 27:15
shew	2 Nephi 27:21
shew	2 Nephi 27:23
shew	2 Nephi 27:27
shew	2 Nephi 27:28
shew	2 Nephi 29:14
shew	2 Nephi 32:5
shew	2 Nephi 33:11
shew	Jacob 2:15
shew	Jacob 7:13
shew	Jacob 7:14
shew	Mosiah 23:23
shew	Mosiah 23:24
shew	Mosiah 23:36
shew	Alma 7:15
shew	Alma 17:11
shew	Alma 17:29
shew	Alma 30:43
shew	Alma 30:43
shew	Alma 30:44
shew	Alma 30:45
shew	Alma 30:48
shew	Alma 30:51
shew	Alma 30:51
shew	Alma 37:14
shew	Alma 37:18
shew	Alma 37:19
shew	Alma 37:39
shew	Alma 37:41
shew	Alma 40:3
shew	Alma 57:8
shew	Alma 60:25
shew	Helaman 7:23
shew	Helaman 9:25
shew	Helaman 16:18
shew	Helaman 16:19
shew	3 Nephi 1:13
shew	3 Nephi 7:1
shew	3 Nephi 7:22
shew	3 Nephi 10:18
shew	3 Nephi 11:12
shew	3 Nephi 16:3
shew	3 Nephi 16:12
shew	3 Nephi 17:4
shew	3 Nephi 17:8
shew	3 Nephi 18:37
shew	3 Nephi 19:3
shew	3 Nephi 19:35
shew	3 Nephi 21:6
shew	3 Nephi 21:10
shew	3 Nephi 26:13
shew	3 Nephi 27:10
shew	3 Nephi 28:30
shew	Mormon 8:18
shew	Mormon 9:11
shew	Ether 3:5
shew	Ether 3:10
shew	Ether 3:13
shew	Ether 3:21
shew	Ether 3:26
shew	Ether 3:26
shew	Ether 3:27
shew	Ether 3:28
shew	Ether 3:28
shew	Ether 4:1
shew	Ether 4:8
shew	Ether 4:13
shew	Ether 5:2
shew	Ether 9:35
shew	Ether 12:6
shew	Ether 12:27
shew	Ether 12:28
shew	Ether 12:28
shew	Ether 12:31
shew	Moroni 7:16
shew	Moroni 7:35
shew	Moroni 10:29
shewed	1 Nephi 11:31
shewed	1 Nephi 12:6
shewed	1 Nephi 18:3
shewed	1 Nephi 20:3
shewed	1 Nephi 20:5
shewed	1 Nephi 20:5
shewed	1 Nephi 20:6
shewed	2 Nephi 2:21
shewed	Mosiah 3:15
shewed	Helaman 9:24
shewed	3 Nephi 26:15
shewed	3 Nephi 27:2
shewed	Ether 3:13
shewed	Ether 3:15
shewed	Ether 3:17
shewed	Ether 3:17
shewed	Ether 3:18
shewed	Ether 3:25
shewed	Ether 4:2
shewed	Ether 12:7
shewed	Ether 12:7
shewed	Ether 12:7
shewed	Ether 12:12
shewed	Ether 12:21
sheweth	2 Nephi 31:9
sheweth	Jacob 4:7
shewn	1 Nephi 1:15
shewn	1 Nephi 1:18
shewn	1 Nephi 11:9
shewn	1 Nephi 17:9
shewn	1 Nephi 18:2
shewn	2 Nephi 6:8
shewn	2 Nephi 6:9
shewn	2 Nephi 6:9
shewn	Mosiah 23:37
shewn	Alma 37:19
shewn	Helaman 5:26
shewn	Helaman 5:26
shewn	Helaman 8:18
shewn	Helaman 10:2
shewn	Helaman 15:15
shewn	Helaman 15:15
shewn	3 Nephi 10:18
shewn	3 Nephi 18:7
shewn	3 Nephi 26:15
shewn	Mormon 8:34
shewn	Mormon 8:35
shewn	Ether 3:26
shewn	Ether 5:3
shewn	Ether 5:4
shewn	Ether 8:23
shewn	Ether 12:8
shez	Ether 1:24
shez	Ether 1:25
shez	Ether 10:1
shez	Ether 10:1
shez	Ether 10:1
shez	Ether 10:2
shez	Ether 10:3
shez	Ether 10:3
shez	Ether 10:4
shiblom	Mormon 6:14
shiblom	Ether 11:4
shiblom	Ether 11:4
shiblom	Ether 11:4
shiblom	Ether 11:5
shiblom	Ether 11:7
shiblom	Ether 11:9
shiblon	Alma 11:15
shiblon	Alma 11:15
shiblon	Alma 11:16
shiblon	Alma 31:7
shiblon	Alma 38:5
shiblon	Alma 49:30
shiblon	Alma 63:1
shiblon	Alma 63:10
shiblon	Alma 63:11
shiblon	Alma 63:13
shiblon	Alma 63:17
shiblon	Ether 1:11
shiblon	Ether 1:12
shiblum	Alma 11:16
shiblum	Alma 11:17
shields	Alma 43:19
shields	Alma 43:19
shields	Alma 43:21
shields	Alma 43:38
shields	Alma 44:9
shields	Alma 46:13
shields	Alma 49:6
shields	Alma 49:24
shields	Helaman 1:14
shields	3 Nephi 3:26
shields	Ether 15:15
shields	Ether 15:24
shiloah	2 Nephi 18:6
shilom	Mosiah 7:5
shilom	Mosiah 7:7
shilom	Mosiah 7:16
shilom	Mosiah 7:21
shilom	Mosiah 9:6
shilom	Mosiah 9:8
shilom	Mosiah 9:14
shilom	Mosiah 10:8
shilom	Mosiah 11:12
shilom	Mosiah 11:13
shilom	Mosiah 11:13
shilom	Mosiah 22:8
shilom	Mosiah 22:11
shilom	Mosiah 24:1
shilom	Alma 23:12
shim	Mormon 1:3
shim	Mormon 4:23
shim	Ether 9:3
shimnilom	Alma 23:12
shinar	2 Nephi 21:11
shined	2 Nephi 19:2
ships	2 Nephi 12:16
ships	2 Nephi 12:16
ships	Alma 63:7
ships	Helaman 3:14
shiz	Ether 14:17
shiz	Ether 14:17
shiz	Ether 14:18
shiz	Ether 14:18
shiz	Ether 14:20
shiz	Ether 14:24
shiz	Ether 14:26
shiz	Ether 14:26
shiz	Ether 14:27
shiz	Ether 14:28
shiz	Ether 14:30
shiz	Ether 14:31
shiz	Ether 15:4
shiz	Ether 15:5
shiz	Ether 15:6
shiz	Ether 15:6
shiz	Ether 15:6
shiz	Ether 15:7
shiz	Ether 15:8
shiz	Ether 15:10
shiz	Ether 15:13
shiz	Ether 15:13
shiz	Ether 15:18
shiz	Ether 15:23
shiz	Ether 15:25
shiz	Ether 15:28
shiz	Ether 15:29
shiz	Ether 15:29
shiz	Ether 15:30
shiz	Ether 15:31
shiz	Ether 15:31
shoes	2 Nephi 15:27
shores	Ether 6:12
shoulders	1 Nephi 21:22
shoulders	1 Nephi 22:6
shoulders	1 Nephi 22:8
shoulders	2 Nephi 6:6
shoulders	2 Nephi 21:14
shoulders	2 Nephi 24:25
shoulders	Mosiah 24:14
shoulders	Ether 10:5
shouldest	1 Nephi 21:6
shouldst	1 Nephi 20:5
shouldst	1 Nephi 20:7
shouldst	1 Nephi 20:17
shouldst	2 Nephi 8:12
shouldst	Alma 9:4
shouldst	Alma 20:17
shouldst	Alma 20:18
shouldst	Alma 20:18
shouldst	Alma 30:47
shouldst	Alma 39:4
showed	2 Nephi 31:4
showed	Alma 30:51
showed	Helaman 15:3
showeth	2 Nephi 31:7
shublons	Alma 11:19
shule	Ether 1:30
shule	Ether 1:31
shule	Ether 7:7
shule	Ether 7:8
shule	Ether 7:8
shule	Ether 7:10
shule	Ether 7:12
shule	Ether 7:13
shule	Ether 7:15
shule	Ether 7:16
shule	Ether 7:17
shule	Ether 7:17
shule	Ether 7:18
shule	Ether 7:19
shule	Ether 7:19
shule	Ether 7:20
shule	Ether 7:21
shule	Ether 7:21
shule	Ether 7:22
shule	Ether 7:22
shule	Ether 7:22
shule	Ether 7:22
shule	Ether 7:23
shule	Ether 7:24
shule	Ether 7:26
shule	Ether 7:27
shum	Alma 11:5
shum	Alma 11:9
shurr	Ether 14:28
shurr	Ether 14:28
sicknesses	Alma 7:11
sicknesses	3 Nephi 7:22
sides	2 Nephi 24:13
sides	2 Nephi 24:15
sides	Alma 43:37
sides	Alma 43:52
sides	Alma 52:35
sides	Alma 52:40
sides	3 Nephi 4:16
sides	Mormon 4:9
sides	Ether 2:17
sides	Ether 14:31
sidom	Alma 2:17
sidom	Alma 15:1
sidom	Alma 15:3
sidom	Alma 15:4
sidom	Alma 15:11
sidom	Alma 15:13
sidom	Alma 15:14
sidom	Alma 15:17
sidon	Alma 2:15
sidon	Alma 2:27
sidon	Alma 2:34
sidon	Alma 2:34
sidon	Alma 2:34
sidon	Alma 2:35
sidon	Alma 3:3
sidon	Alma 3:3
sidon	Alma 4:4
sidon	Alma 6:7
sidon	Alma 8:3
sidon	Alma 16:6
sidon	Alma 16:6
sidon	Alma 16:7
sidon	Alma 16:7
sidon	Alma 22:27
sidon	Alma 22:29
sidon	Alma 43:22
sidon	Alma 43:27
sidon	Alma 43:27
sidon	Alma 43:32
sidon	Alma 43:35
sidon	Alma 43:39
sidon	Alma 43:40
sidon	Alma 43:40
sidon	Alma 43:40
sidon	Alma 43:41
sidon	Alma 43:50
sidon	Alma 43:51
sidon	Alma 43:53
sidon	Alma 43:53
sidon	Alma 44:22
sidon	Alma 49:16
sidon	Alma 50:11
sidon	Alma 56:25
sidon	Mormon 1:10
signed	3 Nephi 6:22
signs	1 Nephi 19:13
signs	2 Nephi 18:18
signs	2 Nephi 26:3
signs	2 Nephi 26:8
signs	2 Nephi 26:13
signs	Mosiah 3:15
signs	Alma 30:44
signs	Alma 37:27
signs	Helaman 6:22
signs	Helaman 6:22
signs	Helaman 14:6
signs	Helaman 14:12
signs	Helaman 14:28
signs	Helaman 15:3
signs	Helaman 16:4
signs	Helaman 16:13
signs	Helaman 16:23
signs	3 Nephi 1:4
signs	3 Nephi 1:22
signs	3 Nephi 1:26
signs	3 Nephi 2:1
signs	3 Nephi 2:3
signs	3 Nephi 5:2
signs	3 Nephi 7:22
signs	3 Nephi 8:4
signs	Mormon 9:24
signs	Ether 4:18
silenced	Alma 12:1
silks	1 Nephi 13:7
silks	1 Nephi 13:8
silks	Alma 4:6
silks	Ether 9:17
silks	Ether 10:24
silverlings	2 Nephi 17:23
sinai	Mosiah 12:33
sinai	Mosiah 13:5
sinim	1 Nephi 21:12
sinned	Mosiah 3:11
sinned	Mosiah 12:14
sinned	Alma 42:21
sinned	Helaman 7:24
sinned	Helaman 8:24
sinners	2 Nephi 23:9
sinners	Mosiah 28:4
sinners	Alma 34:40
sinners	Moroni 8:8
sins	1 Nephi 10:10
sins	1 Nephi 11:33
sins	1 Nephi 16:39
sins	2 Nephi 4:18
sins	2 Nephi 4:19
sins	2 Nephi 9:38
sins	2 Nephi 9:38
sins	2 Nephi 9:45
sins	2 Nephi 10:20
sins	2 Nephi 25:26
sins	2 Nephi 31:4
sins	2 Nephi 31:13
sins	2 Nephi 31:14
sins	2 Nephi 31:17
sins	Jacob 1:19
sins	Jacob 2:2
sins	Jacob 3:8
sins	Jacob 3:10
sins	Enos 1:2
sins	Enos 1:5
sins	Mosiah 2:33
sins	Mosiah 3:11
sins	Mosiah 3:13
sins	Mosiah 3:16
sins	Mosiah 4:2
sins	Mosiah 4:3
sins	Mosiah 4:10
sins	Mosiah 4:11
sins	Mosiah 4:12
sins	Mosiah 4:20
sins	Mosiah 4:26
sins	Mosiah 12:13
sins	Mosiah 13:28
sins	Mosiah 14:12
sins	Mosiah 15:11
sins	Mosiah 15:12
sins	Mosiah 15:26
sins	Mosiah 15:26
sins	Mosiah 16:13
sins	Mosiah 18:1
sins	Mosiah 21:30
sins	Mosiah 26:6
sins	Mosiah 26:23
sins	Mosiah 26:29
sins	Mosiah 26:29
sins	Mosiah 26:32
sins	Mosiah 26:35
sins	Mosiah 26:36
sins	Mosiah 26:39
sins	Mosiah 26:39
sins	Mosiah 27:24
sins	Mosiah 27:35
sins	Mosiah 29:30
sins	Mosiah 29:31
sins	Mosiah 29:38
sins	Alma 4:14
sins	Alma 5:21
sins	Alma 5:27
sins	Alma 5:48
sins	Alma 5:48
sins	Alma 6:2
sins	Alma 6:8
sins	Alma 7:6
sins	Alma 7:13
sins	Alma 7:14
sins	Alma 7:14
sins	Alma 7:15
sins	Alma 9:15
sins	Alma 9:19
sins	Alma 10:7
sins	Alma 11:34
sins	Alma 11:36
sins	Alma 11:37
sins	Alma 11:37
sins	Alma 12:16
sins	Alma 12:34
sins	Alma 13:16
sins	Alma 13:27
sins	Alma 15:3
sins	Alma 15:15
sins	Alma 15:15
sins	Alma 17:4
sins	Alma 20:17
sins	Alma 21:7
sins	Alma 21:17
sins	Alma 22:14
sins	Alma 22:16
sins	Alma 22:18
sins	Alma 24:9
sins	Alma 24:10
sins	Alma 24:11
sins	Alma 24:13
sins	Alma 27:6
sins	Alma 27:8
sins	Alma 30:16
sins	Alma 30:17
sins	Alma 30:26
sins	Alma 32:15
sins	Alma 33:22
sins	Alma 34:8
sins	Alma 34:11
sins	Alma 34:12
sins	Alma 36:12
sins	Alma 36:13
sins	Alma 36:17
sins	Alma 36:17
sins	Alma 36:19
sins	Alma 38:8
sins	Alma 39:5
sins	Alma 39:9
sins	Alma 39:15
sins	Alma 41:6
sins	Alma 42:15
sins	Alma 42:29
sins	Alma 42:30
sins	Alma 60:33
sins	Alma 62:45
sins	Helaman 4:14
sins	Helaman 5:10
sins	Helaman 5:10
sins	Helaman 5:11
sins	Helaman 5:17
sins	Helaman 7:23
sins	Helaman 13:26
sins	Helaman 14:13
sins	Helaman 16:1
sins	Helaman 16:5
sins	3 Nephi 1:23
sins	3 Nephi 3:25
sins	3 Nephi 5:3
sins	3 Nephi 5:4
sins	3 Nephi 6:20
sins	3 Nephi 7:16
sins	3 Nephi 7:23
sins	3 Nephi 7:25
sins	3 Nephi 9:9
sins	3 Nephi 9:13
sins	3 Nephi 11:11
sins	3 Nephi 11:14
sins	3 Nephi 11:23
sins	3 Nephi 12:2
sins	3 Nephi 12:19
sins	3 Nephi 27:19
sins	3 Nephi 28:9
sins	3 Nephi 28:38
sins	3 Nephi 30:2
sins	4 Nephi 1:1
sins	4 Nephi 1:44
sins	Mormon 3:13
sins	Mormon 7:5
sins	Mormon 8:32
sins	Ether 2:15
sins	Ether 8:23
sins	Ether 13:17
sins	Moroni 3:3
sins	Moroni 6:2
sins	Moroni 8:11
sins	Moroni 8:25
sins	Moroni 8:26
sins	Moroni 9:15
sins	Moroni 10:26
sins	Moroni 10:33
siron	Alma 39:3
sisters	2 Nephi 5:6
sitteth	Moroni 9:26
sixteenth	Alma 30:2
sixteenth	Alma 30:4
sixteenth	3 Nephi 3:1
sixteenth	Mormon 2:2
skilful	Alma 10:15
skins	1 Nephi 17:11
skins	Jacob 3:5
skins	Jacob 3:8
skins	Jacob 3:9
skins	Alma 3:6
skins	Alma 20:29
skins	Alma 44:18
skins	Alma 49:6
skirts	Helaman 9:31
slackened	Jacob 5:47
slaughters	1 Nephi 12:2
slaves	Mosiah 2:13
slaves	Mosiah 7:15
slaves	Mosiah 7:15
slaves	Alma 27:8
slaves	Alma 27:9
slaves	3 Nephi 3:7
slayeth	1 Nephi 4:13
slayeth	1 Nephi 13:5
sleepeth	Alma 19:8
sleepeth	Alma 55:8
slings	1 Nephi 16:15
slings	Mosiah 9:16
slings	Mosiah 10:8
slings	Alma 2:12
slings	Alma 3:5
slings	Alma 17:7
slings	Alma 43:20
slings	Alma 49:20
slipped	Helaman 13:35
slumbered	2 Nephi 27:6
slumbered	2 Nephi 27:9
smallest	Alma 26:16
smiled	Jacob 2:13
smiteth	2 Nephi 19:13
smiteth	Mormon 8:19
smiting	Alma 17:37
smiting	Helaman 4:12
snares	Alma 10:17
snares	Alma 55:31
snares	Helaman 3:29
snares	Ether 2:2
sobbings	Jacob 2:35
sodom	2 Nephi 13:9
sodom	2 Nephi 23:19
soldiers	Alma 44:12
soldiers	Alma 44:12
soldiers	Alma 44:16
soldiers	Alma 51:9
soldiers	Alma 53:22
soles	3 Nephi 25:3
solomon	2 Nephi 5:16
solomon	2 Nephi 5:16
solomon	2 Nephi 5:16
solomon	Jacob 1:15
solomon	Jacob 2:23
solomon	Jacob 2:24
solomon	3 Nephi 13:29
sons	1 Nephi 5:2
sons	1 Nephi 5:5
sons	1 Nephi 5:8
sons	1 Nephi 7:1
sons	1 Nephi 7:6
sons	1 Nephi 7:19
sons	1 Nephi 16:20
sons	1 Nephi 16:27
sons	1 Nephi 16:37
sons	1 Nephi 18:7
sons	1 Nephi 18:9
sons	1 Nephi 18:17
sons	1 Nephi 21:22
sons	2 Nephi 1:12
sons	2 Nephi 1:19
sons	2 Nephi 1:21
sons	2 Nephi 1:23
sons	2 Nephi 1:28
sons	2 Nephi 1:28
sons	2 Nephi 2:14
sons	2 Nephi 2:28
sons	2 Nephi 2:30
sons	2 Nephi 4:3
sons	2 Nephi 4:3
sons	2 Nephi 4:3
sons	2 Nephi 4:5
sons	2 Nephi 4:8
sons	2 Nephi 4:8
sons	2 Nephi 4:9
sons	2 Nephi 4:9
sons	2 Nephi 4:9
sons	2 Nephi 4:10
sons	2 Nephi 4:13
sons	2 Nephi 6:6
sons	2 Nephi 8:18
sons	2 Nephi 8:18
sons	2 Nephi 8:19
sons	2 Nephi 8:20
sons	Mosiah 1:2
sons	Mosiah 1:3
sons	Mosiah 1:5
sons	Mosiah 1:6
sons	Mosiah 1:7
sons	Mosiah 1:8
sons	Mosiah 1:9
sons	Mosiah 1:9
sons	Mosiah 2:5
sons	Mosiah 2:5
sons	Mosiah 5:7
sons	Mosiah 5:7
sons	Mosiah 10:22
sons	Mosiah 11:1
sons	Mosiah 19:16
sons	Mosiah 27:8
sons	Mosiah 27:8
sons	Mosiah 27:10
sons	Mosiah 27:25
sons	Mosiah 27:34
sons	Mosiah 27:34
sons	Mosiah 28:1
sons	Mosiah 28:6
sons	Mosiah 28:7
sons	Mosiah 28:10
sons	Mosiah 29:3
sons	Alma 3:7
sons	Alma 16:5
sons	Alma 16:5
sons	Alma 16:7
sons	Alma 17:1
sons	Alma 17:2
sons	Alma 17:12
sons	Alma 17:16
sons	Alma 17:19
sons	Alma 17:35
sons	Alma 18:38
sons	Alma 18:43
sons	Alma 20:9
sons	Alma 20:13
sons	Alma 28:5
sons	Alma 31:6
sons	Alma 31:7
sons	Alma 31:19
sons	Alma 31:32
sons	Alma 35:14
sons	Alma 35:16
sons	Alma 36:6
sons	Alma 43:1
sons	Alma 43:13
sons	Alma 45:15
sons	Alma 46:24
sons	Alma 48:18
sons	Alma 48:18
sons	Alma 53:16
sons	Alma 56:3
sons	Alma 56:10
sons	Alma 56:10
sons	Alma 56:17
sons	Alma 56:27
sons	Alma 56:30
sons	Alma 56:39
sons	Alma 56:44
sons	Alma 56:46
sons	Alma 57:6
sons	Alma 57:22
sons	Alma 58:39
sons	Helaman 1:2
sons	Helaman 1:4
sons	Helaman 3:21
sons	Helaman 4:14
sons	Helaman 5:6
sons	Helaman 5:7
sons	Helaman 5:8
sons	Helaman 5:9
sons	Helaman 5:12
sons	Helaman 5:13
sons	Helaman 6:10
sons	Helaman 8:21
sons	Helaman 16:25
sons	3 Nephi 9:2
sons	3 Nephi 9:17
sons	3 Nephi 20:44
sons	3 Nephi 24:3
sons	3 Nephi 24:6
sons	Mormon 6:19
sons	Ether 3:14
sons	Ether 6:14
sons	Ether 6:15
sons	Ether 6:16
sons	Ether 6:20
sons	Ether 6:20
sons	Ether 6:20
sons	Ether 6:22
sons	Ether 6:24
sons	Ether 6:27
sons	Ether 7:2
sons	Ether 7:2
sons	Ether 7:4
sons	Ether 7:12
sons	Ether 7:14
sons	Ether 7:14
sons	Ether 7:18
sons	Ether 7:26
sons	Ether 8:1
sons	Ether 8:4
sons	Ether 9:2
sons	Ether 9:3
sons	Ether 9:10
sons	Ether 9:11
sons	Ether 9:12
sons	Ether 9:21
sons	Ether 9:24
sons	Ether 9:25
sons	Ether 10:2
sons	Ether 10:14
sons	Ether 10:16
sons	Ether 10:17
sons	Ether 10:29
sons	Ether 13:17
sons	Ether 13:17
sons	Ether 13:17
sons	Ether 13:17
sons	Ether 13:19
sons	Ether 13:24
sons	Moroni 7:26
sons	Moroni 7:48
sooner	1 Nephi 22:3
sooner	Alma 13:25
soothsayers	2 Nephi 12:6
soothsayers	3 Nephi 21:16
sorcerers	3 Nephi 24:5
sorceries	Alma 1:32
sorceries	Mormon 1:19
sorroweth	2 Nephi 4:17
sorroweth	3 Nephi 27:32
sorrows	2 Nephi 23:8
sorrows	Mosiah 14:3
sorrows	Mosiah 14:4
sorrows	Alma 28:8
sorrows	Mormon 6:20
sorrows	Ether 8:8
sorts	Jacob 5:30
souls	1 Nephi 14:3
souls	1 Nephi 15:35
souls	2 Nephi 2:30
souls	2 Nephi 6:3
souls	2 Nephi 9:13
souls	2 Nephi 9:46
souls	2 Nephi 9:47
souls	2 Nephi 13:9
souls	2 Nephi 28:21
souls	2 Nephi 33:7
souls	Jacob 2:3
souls	Jacob 2:9
souls	Jacob 2:16
souls	Jacob 4:5
souls	Jacob 4:13
souls	Omni 1:26
souls	Mosiah 2:20
souls	Mosiah 3:18
souls	Mosiah 3:25
souls	Mosiah 4:11
souls	Mosiah 18:16
souls	Mosiah 18:35
souls	Mosiah 25:11
souls	Mosiah 29:7
souls	Alma 2:19
souls	Alma 2:19
souls	Alma 3:26
souls	Alma 4:5
souls	Alma 5:6
souls	Alma 5:7
souls	Alma 5:9
souls	Alma 5:18
souls	Alma 6:6
souls	Alma 9:28
souls	Alma 9:28
souls	Alma 12:36
souls	Alma 17:11
souls	Alma 24:14
souls	Alma 26:20
souls	Alma 26:22
souls	Alma 26:26
souls	Alma 28:8
souls	Alma 30:47
souls	Alma 31:32
souls	Alma 31:35
souls	Alma 32:34
souls	Alma 34:26
souls	Alma 36:24
souls	Alma 37:7
souls	Alma 37:8
souls	Alma 37:34
souls	Alma 40:7
souls	Alma 40:9
souls	Alma 40:14
souls	Alma 40:17
souls	Alma 40:19
souls	Alma 40:20
souls	Alma 42:11
souls	Alma 42:31
souls	Alma 46:39
souls	Alma 53:15
souls	Alma 57:36
souls	Alma 58:10
souls	Alma 58:11
souls	Helaman 3:26
souls	Helaman 3:30
souls	Helaman 3:30
souls	Helaman 3:35
souls	Helaman 5:11
souls	Helaman 5:49
souls	Helaman 7:16
souls	Helaman 8:28
souls	Helaman 13:37
souls	3 Nephi 5:20
souls	3 Nephi 17:17
souls	3 Nephi 17:25
souls	3 Nephi 28:9
souls	3 Nephi 28:29
souls	Mormon 5:8
souls	Mormon 8:33
souls	Mormon 9:3
souls	Mormon 9:4
souls	Ether 6:16
souls	Ether 6:20
souls	Ether 9:12
souls	Ether 12:4
souls	Moroni 4:3
souls	Moroni 5:2
souls	Moroni 6:5
souls	Moroni 9:6
spareth	3 Nephi 24:17
sparks	2 Nephi 7:11
sparks	2 Nephi 7:11
speakest	1 Nephi 16:3
speakest	Ether 3:12
speaketh	1 Nephi 11:11
speaketh	1 Nephi 11:11
speaketh	2 Nephi 19:17
speaketh	2 Nephi 31:3
speaketh	2 Nephi 33:1
speaketh	2 Nephi 33:4
speaketh	2 Nephi 33:5
speaketh	Jacob 4:13
speaketh	Jacob 4:13
speaketh	Helaman 13:28
speaketh	Ether 1:3
speaketh	Ether 4:8
speaketh	Ether 4:10
spears	2 Nephi 12:4
spears	Alma 17:7
spent	1 Nephi 21:4
spent	2 Nephi 2:3
spent	Mosiah 2:16
spent	Mosiah 2:19
spent	Mosiah 11:14
spent	Alma 26:24
spies	Mosiah 10:7
spies	Alma 2:21
spies	Alma 43:23
spies	Alma 43:28
spies	Alma 43:30
spies	Alma 56:22
spies	Alma 56:35
spies	Alma 57:30
spies	Alma 58:14
spies	Alma 58:20
spindles	1 Nephi 16:10
spindles	Alma 37:40
spirits	1 Nephi 11:31
spirits	1 Nephi 11:31
spirits	2 Nephi 9:8
spirits	2 Nephi 9:9
spirits	2 Nephi 9:12
spirits	2 Nephi 9:12
spirits	2 Nephi 9:13
spirits	2 Nephi 18:19
spirits	Mosiah 3:6
spirits	Alma 11:45
spirits	Alma 40:11
spirits	Alma 40:11
spirits	Alma 40:12
spirits	Alma 40:13
spirits	3 Nephi 7:19
spirits	Mormon 2:14
spirits	Moroni 10:14
spoils	Helaman 6:38
springs	1 Nephi 16:21
springs	1 Nephi 21:10
sprouted	Alma 32:34
sprouteth	Alma 32:30
sprouteth	Alma 32:30
sprouteth	Alma 32:33
spurneth	3 Nephi 29:5
stains	Alma 24:12
stains	Alma 24:15
stakes	3 Nephi 22:2
stakes	Moroni 10:31
standeth	1 Nephi 10:8
standeth	2 Nephi 13:13
standeth	2 Nephi 13:13
standeth	Mosiah 3:10
standeth	Mosiah 4:16
standeth	Alma 61:9
standeth	Helaman 12:15
standeth	3 Nephi 11:40
stars	1 Nephi 1:10
stars	2 Nephi 23:10
stars	2 Nephi 24:13
stars	Helaman 14:20
stars	3 Nephi 8:22
stating	Alma 56:1
stating	Alma 57:1
stationed	Alma 49:2
stationed	Alma 56:34
stationed	Helaman 4:7
stations	Alma 17:18
statutes	1 Nephi 17:22
statutes	2 Nephi 1:16
statutes	2 Nephi 5:10
statutes	Omni 1:2
statutes	Mosiah 6:6
statutes	Alma 8:17
statutes	Alma 25:14
statutes	Alma 31:9
statutes	Alma 58:40
statutes	Helaman 3:20
statutes	Helaman 6:34
statutes	Helaman 15:5
statutes	3 Nephi 25:4
stealings	Helaman 6:21
steps	Ether 9:15
steps	Ether 9:23
stiffened	2 Nephi 6:10
stiffnecked	2 Nephi 25:28
stiffnecked	Jacob 4:14
stiffnecked	Jacob 6:4
stiffnecked	Jarom 1:4
stiffnecked	Jarom 1:4
stiffnecked	Omni 1:28
stiffnecked	Mosiah 3:14
stiffnecked	Mosiah 13:29
stiffnecked	Alma 9:5
stiffnecked	Alma 9:31
stiffnecked	Alma 15:15
stiffnecked	Alma 20:30
stiffnecked	Alma 26:24
stiffnecked	Alma 37:10
stiffnecked	Helaman 4:21
stiffnecked	Helaman 5:3
stiffnecked	Helaman 13:29
stiffnecked	Mormon 8:33
stiffneckedness	1 Nephi 2:11
stiffneckedness	Words of Mormon 1:17
stiffneckedness	3 Nephi 15:18
stinketh	Alma 19:5
stirreth	2 Nephi 9:9
stirreth	2 Nephi 24:9
stirreth	3 Nephi 11:29
stirreth	Mormon 4:5
stirreth	Moroni 9:3
stones	1 Nephi 2:7
stones	1 Nephi 16:15
stones	1 Nephi 16:23
stones	1 Nephi 17:11
stones	2 Nephi 15:2
stones	2 Nephi 19:10
stones	2 Nephi 24:19
stones	Mosiah 10:8
stones	Mosiah 28:13
stones	Alma 2:12
stones	Alma 3:5
stones	Alma 14:7
stones	Alma 17:14
stones	Alma 17:36
stones	Alma 17:36
stones	Alma 17:36
stones	Alma 23:2
stones	Alma 43:20
stones	Alma 49:2
stones	Alma 49:2
stones	Alma 49:4
stones	Alma 49:19
stones	Alma 49:22
stones	Alma 50:4
stones	Alma 50:5
stones	Alma 57:14
stones	Helaman 13:24
stones	Helaman 16:2
stones	Helaman 16:2
stones	Helaman 16:6
stones	Helaman 16:6
stones	3 Nephi 22:11
stones	3 Nephi 22:12
stones	Ether 3:1
stones	Ether 3:4
stones	Ether 3:6
stones	Ether 3:23
stones	Ether 3:24
stones	Ether 3:28
stones	Ether 6:2
stones	Ether 6:2
stones	Ether 6:3
stoning	3 Nephi 9:10
stoppeth	2 Nephi 32:7
storehouse	3 Nephi 24:10
strangers	2 Nephi 12:6
strangers	2 Nephi 15:17
strangers	2 Nephi 24:1
strangers	Alma 26:9
streams	2 Nephi 21:15
streets	2 Nephi 8:20
streets	2 Nephi 15:25
streets	2 Nephi 20:6
streets	Alma 26:29
streets	Alma 32:1
streets	3 Nephi 13:2
streets	3 Nephi 13:5
stretches	Jacob 6:4
strifes	2 Nephi 26:21
strifes	Alma 16:18
strifes	Helaman 13:22
strifes	3 Nephi 21:19
strifes	3 Nephi 30:2
strifes	4 Nephi 1:16
strifes	Mormon 8:21
strifes	Mormon 8:36
striketh	Jacob 6:13
stripes	2 Nephi 28:8
stripes	Mosiah 14:5
strokes	Alma 43:38
struggled	Ether 15:31
struggles	Enos 1:14
struggles	Alma 27:1
strugglings	Enos 1:11
strugglings	Mosiah 7:18
subjecting	Mosiah 16:3
subjecting	Mosiah 21:13
subjecting	Alma 51:22
subjecting	Alma 54:20
subjects	Mosiah 22:13
subjects	Alma 5:20
subjects	Alma 34:39
subjects	Alma 42:7
substances	Mormon 8:37
subtlety	2 Nephi 5:24
subtlety	Alma 12:4
succeeded	Helaman 4:4
succeeded	Helaman 4:5
succeeded	Helaman 4:10
succoring	Alma 4:13
suffereth	1 Nephi 19:9
suffereth	1 Nephi 19:9
suffereth	1 Nephi 19:9
suffereth	2 Nephi 9:5
suffereth	2 Nephi 9:21
suffereth	2 Nephi 9:22
suffereth	Mosiah 15:5
suffereth	Mosiah 15:5
suffereth	Alma 7:13
suffereth	Alma 60:13
suffereth	3 Nephi 18:25
suffereth	Moroni 7:45
sufferings	1 Nephi 16:20
sufferings	1 Nephi 16:35
sufferings	Mosiah 18:2
sufferings	Alma 16:19
sufferings	Alma 18:37
sufferings	Alma 20:29
sufferings	Alma 21:9
sufferings	Alma 22:14
sufferings	Alma 26:28
sufferings	Alma 28:8
sufferings	Alma 60:3
sufferings	Alma 60:10
sufferings	3 Nephi 6:20
sufferings	Moroni 9:7
sufferings	Moroni 9:19
sufferings	Moroni 9:25
suffers	1 Nephi 19:12
sufficeth	1 Nephi 6:2
sufficeth	1 Nephi 14:28
sufficeth	2 Nephi 5:4
sufficeth	2 Nephi 5:34
sufficeth	2 Nephi 11:1
sufficeth	2 Nephi 31:2
sufficeth	Jarom 1:2
sufficeth	Alma 40:5
sufficeth	Ether 3:17
suits	2 Nephi 13:22
suits	Alma 11:20
supplicating	Alma 7:3
supplies	Alma 55:34
supposeth	2 Nephi 25:8
supposeth	Jacob 2:8
supposeth	Words of Mormon 1:2
supposeth	Alma 54:11
supposeth	Alma 54:11
supposeth	Alma 56:5
supposeth	Alma 61:8
supposeth	Moroni 8:14
suredly	Alma 37:45
suredly	Moroni 7:26
survived	Mormon 6:11
swarms	Ether 2:3
swearers	3 Nephi 24:5
sweepeth	Ether 14:18
swelleth	Alma 32:30
swelleth	Alma 32:30
swelleth	Alma 32:33
swolen	1 Nephi 18:15
swords	2 Nephi 5:14
swords	2 Nephi 12:4
swords	Mosiah 8:11
swords	Mosiah 9:16
swords	Mosiah 10:8
swords	Alma 2:12
swords	Alma 17:7
swords	Alma 24:12
swords	Alma 24:12
swords	Alma 24:13
swords	Alma 24:13
swords	Alma 24:15
swords	Alma 24:15
swords	Alma 24:16
swords	Alma 24:17
swords	Alma 43:18
swords	Alma 43:20
swords	Alma 43:37
swords	Alma 43:38
swords	Alma 44:8
swords	Alma 44:9
swords	Alma 44:17
swords	Alma 44:18
swords	Alma 44:18
swords	Alma 49:20
swords	Alma 52:39
swords	Alma 57:9
swords	Alma 57:33
swords	Alma 57:33
swords	Alma 60:2
swords	Alma 60:16
swords	Alma 61:14
swords	Alma 62:5
swords	Helaman 1:14
swords	Helaman 13:34
swords	Helaman 15:9
swords	Ether 7:9
swords	Ether 7:9
swords	Ether 15:20
swords	Ether 15:22
swords	Ether 15:24
swords	Ether 15:24
sycamores	2 Nephi 19:10
synagogues	2 Nephi 26:26
synagogues	Alma 16:13
synagogues	Alma 21:4
synagogues	Alma 21:4
synagogues	Alma 21:5
synagogues	Alma 21:20
synagogues	Alma 23:2
synagogues	Alma 26:29
synagogues	Alma 31:12
synagogues	Alma 32:1
synagogues	Alma 32:2
synagogues	Alma 32:3
synagogues	Alma 32:5
synagogues	Alma 32:9
synagogues	Alma 32:10
synagogues	Alma 32:12
synagogues	Alma 33:2
synagogues	Helaman 3:9
synagogues	Helaman 3:14
synagogues	3 Nephi 13:2
synagogues	3 Nephi 13:5
synagogues	3 Nephi 18:32
syria	2 Nephi 17:1
syria	2 Nephi 17:2
syria	2 Nephi 17:4
syria	2 Nephi 17:5
syria	2 Nephi 17:8
syrians	2 Nephi 19:12
tabeal	2 Nephi 17:6
tablets	2 Nephi 13:20
tails	2 Nephi 17:4
taketh	1 Nephi 16:2
taketh	2 Nephi 2:8
taketh	2 Nephi 8:18
taketh	2 Nephi 23:14
taketh	Mosiah 13:15
taketh	Mosiah 26:23
taketh	Alma 7:14
taketh	3 Nephi 27:6
talked	1 Nephi 3:11
talked	1 Nephi 16:38
talked	Ether 2:4
talked	Ether 2:14
talked	Ether 12:39
tarried	1 Nephi 5:4
tarried	1 Nephi 8:2
tarried	Mosiah 19:13
tarried	Mosiah 19:19
tarried	Mosiah 20:4
tarried	Mosiah 25:7
tarried	Alma 8:27
tarried	Alma 37:42
tarshish	2 Nephi 12:16
tasks	1 Nephi 17:25
tasks	Mosiah 24:9
taxes	Mosiah 2:14
taxes	Mosiah 11:6
taxes	Ether 10:5
taxes	Ether 10:5
taxes	Ether 10:6
taxes	Ether 10:6
teachers	2 Nephi 5:26
teachers	2 Nephi 28:12
teachers	Jacob 1:18
teachers	Jarom 1:11
teachers	Words of Mormon 1:16
teachers	Mosiah 2:4
teachers	Mosiah 23:14
teachers	Mosiah 23:17
teachers	Mosiah 24:1
teachers	Mosiah 24:4
teachers	Mosiah 25:19
teachers	Mosiah 25:21
teachers	Mosiah 26:7
teachers	Mosiah 27:5
teachers	Alma 1:7
teachers	Alma 4:7
teachers	Alma 14:18
teachers	Alma 14:23
teachers	Alma 14:27
teachers	Alma 15:13
teachers	Alma 23:4
teachers	Alma 30:31
teachers	Alma 35:5
teachers	Alma 45:22
teachers	Alma 45:23
teachers	Helaman 3:25
teachers	Mormon 8:28
teachers	Mormon 8:38
teachers	Moroni 3:1
teachers	Moroni 3:4
teachers	Moroni 6:1
teachest	Mosiah 12:27
teacheth	1 Nephi 20:17
teacheth	2 Nephi 19:15
teacheth	2 Nephi 32:8
teacheth	2 Nephi 32:8
teacheth	2 Nephi 32:8
teancum	Alma 50:35
teancum	Alma 50:35
teancum	Alma 51:29
teancum	Alma 51:31
teancum	Alma 51:31
teancum	Alma 51:32
teancum	Alma 51:33
teancum	Alma 51:34
teancum	Alma 52:1
teancum	Alma 52:5
teancum	Alma 52:5
teancum	Alma 52:15
teancum	Alma 52:15
teancum	Alma 52:16
teancum	Alma 52:17
teancum	Alma 52:19
teancum	Alma 52:22
teancum	Alma 52:22
teancum	Alma 52:23
teancum	Alma 52:23
teancum	Alma 52:23
teancum	Alma 52:24
teancum	Alma 52:26
teancum	Alma 52:27
teancum	Alma 53:3
teancum	Alma 61:15
teancum	Alma 61:18
teancum	Alma 61:21
teancum	Alma 62:3
teancum	Alma 62:13
teancum	Alma 62:32
teancum	Alma 62:32
teancum	Alma 62:34
teancum	Alma 62:35
teancum	Alma 62:36
teancum	Alma 62:36
teancum	Alma 62:37
teancum	Mormon 4:3
teancum	Mormon 4:3
teancum	Mormon 4:6
teancum	Mormon 4:7
teancum	Mormon 4:7
teancum	Mormon 4:14
teareth	Mosiah 29:22
teareth	3 Nephi 20:16
teareth	3 Nephi 21:12
tears	1 Nephi 18:19
tears	Mosiah 25:9
tears	Alma 19:28
tears	3 Nephi 4:33
tears	3 Nephi 17:5
tears	3 Nephi 17:10
tears	Ether 6:12
teasings	Mosiah 7:1
telleth	1 Nephi 16:38
telleth	2 Nephi 28:22
telleth	Ether 12:39
telling	1 Nephi 5:2
telling	Jacob 3:12
telling	Mosiah 29:36
telling	Alma 30:17
telling	Alma 30:18
telling	Alma 54:11
telling	Helaman 10:13
telling	Helaman 16:5
tempels	Alma 16:13
tempests	Helaman 14:23
tempests	3 Nephi 8:17
tempests	3 Nephi 10:14
tempests	Mormon 8:29
tempests	Ether 6:6
temples	Mosiah 2:37
temples	Alma 7:21
temples	Alma 23:2
temples	Alma 26:29
temples	Alma 34:36
temples	Helaman 3:9
temples	Helaman 3:14
temples	Helaman 4:24
temptations	1 Nephi 12:17
temptations	1 Nephi 12:19
temptations	1 Nephi 15:24
temptations	2 Nephi 4:18
temptations	2 Nephi 4:27
temptations	Mosiah 3:7
temptations	Alma 7:11
temptations	Alma 11:23
temptations	3 Nephi 6:17
tens	1 Nephi 4:1
tens	Alma 3:26
tens	Alma 28:2
tens	Alma 60:22
tens	Helaman 3:26
tens	3 Nephi 3:22
tens	3 Nephi 4:21
tents	1 Nephi 2:4
tents	1 Nephi 3:9
tents	1 Nephi 16:12
tents	1 Nephi 16:13
tents	1 Nephi 16:17
tents	1 Nephi 16:32
tents	1 Nephi 16:33
tents	1 Nephi 17:6
tents	1 Nephi 18:23
tents	2 Nephi 5:7
tents	2 Nephi 5:7
tents	Enos 1:20
tents	Mosiah 2:5
tents	Mosiah 2:6
tents	Mosiah 2:6
tents	Mosiah 7:5
tents	Mosiah 9:4
tents	Mosiah 18:34
tents	Mosiah 22:2
tents	Mosiah 23:5
tents	Mosiah 24:20
tents	Alma 2:20
tents	Alma 2:20
tents	Alma 2:26
tents	Alma 22:28
tents	Alma 27:25
tents	Alma 47:9
tents	Alma 51:32
tents	Alma 51:32
tents	Alma 58:13
tents	Alma 58:17
tents	Alma 58:25
tents	Alma 62:18
tents	Helaman 3:9
tents	Mormon 6:4
tents	Ether 2:13
tents	Ether 2:13
tents	Ether 2:13
tents	Ether 14:28
tents	Ether 14:28
tents	Ether 15:8
tents	Ether 15:8
tents	Ether 15:10
tents	Ether 15:11
teomner	Alma 58:16
teomner	Alma 58:19
teomner	Alma 58:20
teomner	Alma 58:23
terms	Alma 13:23
testifies	3 Nephi 10:17
testifieth	Alma 7:16
testifieth	Alma 7:26
testifieth	Helaman 13:26
testifieth	Helaman 13:26
theirs	3 Nephi 12:3
theirs	3 Nephi 12:10
theit	Alma 24:18
therefere	Alma 21:12
therfore	Alma 17:25
therfore	Mormon 1:15
thess	3 Nephi 18:12
thickets	2 Nephi 19:18
thickets	2 Nephi 20:34
thieves	3 Nephi 13:19
thieves	3 Nephi 13:20
thieves	3 Nephi 27:32
thieves	Mormon 2:10
thieving	Alma 1:32
things	1 Nephi 1:6
things	1 Nephi 1:7
things	1 Nephi 1:13
things	1 Nephi 1:14
things	1 Nephi 1:14
things	1 Nephi 1:15
things	1 Nephi 1:16
things	1 Nephi 1:16
things	1 Nephi 1:16
things	1 Nephi 1:18
things	1 Nephi 1:18
things	1 Nephi 1:19
things	1 Nephi 1:19
things	1 Nephi 1:19
things	1 Nephi 1:20
things	1 Nephi 2:1
things	1 Nephi 2:1
things	1 Nephi 2:4
things	1 Nephi 2:11
things	1 Nephi 2:11
things	1 Nephi 2:17
things	1 Nephi 3:7
things	1 Nephi 3:14
things	1 Nephi 3:22
things	1 Nephi 3:23
things	1 Nephi 3:24
things	1 Nephi 4:6
things	1 Nephi 5:4
things	1 Nephi 5:17
things	1 Nephi 5:19
things	1 Nephi 6:3
things	1 Nephi 6:3
things	1 Nephi 6:5
things	1 Nephi 6:5
things	1 Nephi 6:6
things	1 Nephi 7:11
things	1 Nephi 7:12
things	1 Nephi 7:13
things	1 Nephi 8:36
things	1 Nephi 8:38
things	1 Nephi 9:1
things	1 Nephi 9:1
things	1 Nephi 9:6
things	1 Nephi 10:1
things	1 Nephi 10:5
things	1 Nephi 10:15
things	1 Nephi 10:16
things	1 Nephi 10:17
things	1 Nephi 10:17
things	1 Nephi 10:17
things	1 Nephi 10:22
things	1 Nephi 11:1
things	1 Nephi 11:3
things	1 Nephi 11:6
things	1 Nephi 11:17
things	1 Nephi 11:22
things	1 Nephi 11:31
things	1 Nephi 12:5
things	1 Nephi 13:25
things	1 Nephi 13:28
things	1 Nephi 13:29
things	1 Nephi 13:29
things	1 Nephi 13:29
things	1 Nephi 13:35
things	1 Nephi 13:35
things	1 Nephi 13:40
things	1 Nephi 14:16
things	1 Nephi 14:21
things	1 Nephi 14:21
things	1 Nephi 14:23
things	1 Nephi 14:23
things	1 Nephi 14:24
things	1 Nephi 14:24
things	1 Nephi 14:25
things	1 Nephi 14:26
things	1 Nephi 14:28
things	1 Nephi 14:28
things	1 Nephi 14:28
things	1 Nephi 14:29
things	1 Nephi 14:30
things	1 Nephi 14:30
things	1 Nephi 14:30
things	1 Nephi 15:1
things	1 Nephi 15:2
things	1 Nephi 15:3
things	1 Nephi 15:4
things	1 Nephi 15:11
things	1 Nephi 15:11
things	1 Nephi 15:19
things	1 Nephi 15:25
things	1 Nephi 15:27
things	1 Nephi 15:31
things	1 Nephi 15:32
things	1 Nephi 15:33
things	1 Nephi 16:1
things	1 Nephi 16:2
things	1 Nephi 16:3
things	1 Nephi 16:6
things	1 Nephi 16:11
things	1 Nephi 16:24
things	1 Nephi 16:26
things	1 Nephi 16:27
things	1 Nephi 16:29
things	1 Nephi 16:38
things	1 Nephi 16:38
things	1 Nephi 17:5
things	1 Nephi 17:20
things	1 Nephi 17:30
things	1 Nephi 17:31
things	1 Nephi 17:43
things	1 Nephi 17:50
things	1 Nephi 17:52
things	1 Nephi 18:3
things	1 Nephi 18:6
things	1 Nephi 18:8
things	1 Nephi 18:17
things	1 Nephi 19:2
things	1 Nephi 19:3
things	1 Nephi 19:5
things	1 Nephi 19:7
things	1 Nephi 19:12
things	1 Nephi 19:18
things	1 Nephi 19:19
things	1 Nephi 19:21
things	1 Nephi 19:22
things	1 Nephi 19:22
things	1 Nephi 19:23
things	1 Nephi 20:3
things	1 Nephi 20:6
things	1 Nephi 20:6
things	1 Nephi 20:14
things	1 Nephi 22:1
things	1 Nephi 22:1
things	1 Nephi 22:1
things	1 Nephi 22:2
things	1 Nephi 22:3
things	1 Nephi 22:3
things	1 Nephi 22:3
things	1 Nephi 22:5
things	1 Nephi 22:6
things	1 Nephi 22:18
things	1 Nephi 22:20
things	1 Nephi 22:23
things	1 Nephi 22:27
things	1 Nephi 22:29
things	1 Nephi 22:30
things	2 Nephi 1:1
things	2 Nephi 1:1
things	2 Nephi 1:10
things	2 Nephi 1:19
things	2 Nephi 1:21
things	2 Nephi 2:8
things	2 Nephi 2:11
things	2 Nephi 2:11
things	2 Nephi 2:13
things	2 Nephi 2:13
things	2 Nephi 2:13
things	2 Nephi 2:14
things	2 Nephi 2:14
things	2 Nephi 2:14
things	2 Nephi 2:14
things	2 Nephi 2:14
things	2 Nephi 2:15
things	2 Nephi 2:17
things	2 Nephi 2:22
things	2 Nephi 2:24
things	2 Nephi 2:24
things	2 Nephi 2:27
things	2 Nephi 4:14
things	2 Nephi 4:15
things	2 Nephi 4:16
things	2 Nephi 4:16
things	2 Nephi 4:25
things	2 Nephi 4:26
things	2 Nephi 5:7
things	2 Nephi 5:10
things	2 Nephi 5:16
things	2 Nephi 5:30
things	2 Nephi 5:31
things	2 Nephi 5:32
things	2 Nephi 6:2
things	2 Nephi 6:3
things	2 Nephi 6:4
things	2 Nephi 6:5
things	2 Nephi 6:12
things	2 Nephi 9:1
things	2 Nephi 9:3
things	2 Nephi 9:4
things	2 Nephi 9:20
things	2 Nephi 9:30
things	2 Nephi 9:40
things	2 Nephi 9:42
things	2 Nephi 9:43
things	2 Nephi 9:47
things	2 Nephi 10:20
things	2 Nephi 11:1
things	2 Nephi 11:1
things	2 Nephi 11:1
things	2 Nephi 11:4
things	2 Nephi 20:13
things	2 Nephi 22:5
things	2 Nephi 25:1
things	2 Nephi 25:2
things	2 Nephi 25:3
things	2 Nephi 25:5
things	2 Nephi 25:5
things	2 Nephi 25:5
things	2 Nephi 25:5
things	2 Nephi 25:16
things	2 Nephi 25:20
things	2 Nephi 25:21
things	2 Nephi 25:22
things	2 Nephi 26:10
things	2 Nephi 26:14
things	2 Nephi 26:17
things	2 Nephi 26:17
things	2 Nephi 26:22
things	2 Nephi 26:32
things	2 Nephi 27:8
things	2 Nephi 27:8
things	2 Nephi 27:10
things	2 Nephi 27:11
things	2 Nephi 27:12
things	2 Nephi 27:21
things	2 Nephi 27:22
things	2 Nephi 27:27
things	2 Nephi 28:2
things	2 Nephi 28:8
things	2 Nephi 29:5
things	2 Nephi 30:16
things	2 Nephi 30:16
things	2 Nephi 30:18
things	2 Nephi 31:1
things	2 Nephi 31:2
things	2 Nephi 31:12
things	2 Nephi 31:17
things	2 Nephi 32:1
things	2 Nephi 32:3
things	2 Nephi 32:5
things	2 Nephi 32:6
things	2 Nephi 33:1
things	2 Nephi 33:2
things	2 Nephi 33:2
things	2 Nephi 33:4
things	2 Nephi 33:11
things	Jacob 1:1
things	Jacob 1:2
things	Jacob 1:5
things	Jacob 2:14
things	Jacob 2:20
things	Jacob 2:21
things	Jacob 2:23
things	Jacob 2:30
things	Jacob 2:34
things	Jacob 3:12
things	Jacob 4:1
things	Jacob 4:2
things	Jacob 4:4
things	Jacob 4:7
things	Jacob 4:12
things	Jacob 4:13
things	Jacob 4:13
things	Jacob 4:13
things	Jacob 4:13
things	Jacob 4:14
things	Jacob 4:14
things	Jacob 5:72
things	Jacob 6:1
things	Jacob 6:9
things	Jacob 7:2
things	Jacob 7:5
things	Jacob 7:5
things	Jacob 7:7
things	Jacob 7:7
things	Jacob 7:17
things	Jacob 7:21
things	Jacob 7:27
things	Enos 1:19
things	Enos 1:19
things	Enos 1:23
things	Enos 1:23
things	Jarom 1:2
things	Jarom 1:2
things	Jarom 1:8
things	Omni 1:4
things	Omni 1:9
things	Omni 1:25
things	Words of Mormon 1:4
things	Words of Mormon 1:4
things	Words of Mormon 1:5
things	Words of Mormon 1:5
things	Words of Mormon 1:7
things	Words of Mormon 1:7
things	Words of Mormon 1:11
things	Mosiah 1:4
things	Mosiah 1:5
things	Mosiah 1:5
things	Mosiah 1:8
things	Mosiah 2:13
things	Mosiah 2:14
things	Mosiah 2:15
things	Mosiah 2:15
things	Mosiah 2:15
things	Mosiah 2:17
things	Mosiah 2:27
things	Mosiah 2:34
things	Mosiah 2:36
things	Mosiah 2:41
things	Mosiah 2:41
things	Mosiah 3:1
things	Mosiah 3:2
things	Mosiah 3:8
things	Mosiah 3:10
things	Mosiah 3:13
things	Mosiah 3:19
things	Mosiah 3:22
things	Mosiah 4:2
things	Mosiah 4:9
things	Mosiah 4:9
things	Mosiah 4:10
things	Mosiah 4:23
things	Mosiah 4:23
things	Mosiah 4:26
things	Mosiah 4:27
things	Mosiah 4:27
things	Mosiah 4:29
things	Mosiah 5:3
things	Mosiah 5:4
things	Mosiah 5:5
things	Mosiah 5:15
things	Mosiah 6:3
things	Mosiah 6:6
things	Mosiah 6:7
things	Mosiah 7:16
things	Mosiah 7:19
things	Mosiah 7:26
things	Mosiah 7:27
things	Mosiah 7:28
things	Mosiah 8:1
things	Mosiah 8:1
things	Mosiah 8:9
things	Mosiah 8:13
things	Mosiah 8:14
things	Mosiah 8:17
things	Mosiah 8:17
things	Mosiah 8:17
things	Mosiah 8:17
things	Mosiah 8:17
things	Mosiah 8:17
things	Mosiah 8:17
things	Mosiah 10:19
things	Mosiah 11:7
things	Mosiah 11:8
things	Mosiah 11:9
things	Mosiah 11:28
things	Mosiah 12:8
things	Mosiah 12:25
things	Mosiah 12:26
things	Mosiah 12:36
things	Mosiah 12:37
things	Mosiah 13:10
things	Mosiah 13:12
things	Mosiah 13:25
things	Mosiah 13:31
things	Mosiah 13:31
things	Mosiah 13:33
things	Mosiah 16:6
things	Mosiah 16:14
things	Mosiah 18:9
things	Mosiah 18:18
things	Mosiah 18:19
things	Mosiah 18:31
things	Mosiah 19:15
things	Mosiah 20:17
things	Mosiah 20:19
things	Mosiah 20:23
things	Mosiah 21:21
things	Mosiah 22:12
things	Mosiah 23:9
things	Mosiah 23:18
things	Mosiah 25:17
things	Mosiah 26:38
things	Mosiah 26:38
things	Mosiah 26:39
things	Mosiah 27:5
things	Mosiah 27:16
things	Mosiah 27:32
things	Mosiah 27:35
things	Mosiah 28:1
things	Mosiah 28:1
things	Mosiah 28:11
things	Mosiah 28:14
things	Mosiah 28:16
things	Mosiah 28:19
things	Mosiah 28:20
things	Mosiah 28:20
things	Mosiah 29:8
things	Mosiah 29:9
things	Mosiah 29:9
things	Mosiah 29:10
things	Mosiah 29:30
things	Mosiah 29:30
things	Mosiah 29:33
things	Mosiah 29:34
things	Mosiah 29:36
things	Mosiah 29:37
things	Alma 1:5
things	Alma 1:16
things	Alma 1:29
things	Alma 1:29
things	Alma 2:3
things	Alma 3:25
things	Alma 4:6
things	Alma 4:6
things	Alma 4:8
things	Alma 5:3
things	Alma 5:22
things	Alma 5:37
things	Alma 5:42
things	Alma 5:44
things	Alma 5:44
things	Alma 5:45
things	Alma 5:45
things	Alma 5:46
things	Alma 5:53
things	Alma 5:53
things	Alma 5:57
things	Alma 7:6
things	Alma 7:7
things	Alma 7:8
things	Alma 7:13
things	Alma 7:17
things	Alma 7:17
things	Alma 7:22
things	Alma 7:23
things	Alma 7:23
things	Alma 7:23
things	Alma 8:1
things	Alma 9:6
things	Alma 9:20
things	Alma 9:22
things	Alma 10:5
things	Alma 10:6
things	Alma 10:8
things	Alma 10:10
things	Alma 10:10
things	Alma 10:12
things	Alma 10:12
things	Alma 10:30
things	Alma 11:30
things	Alma 11:35
things	Alma 11:39
things	Alma 11:44
things	Alma 12:1
things	Alma 12:7
things	Alma 12:9
things	Alma 12:16
things	Alma 12:28
things	Alma 12:28
things	Alma 12:31
things	Alma 12:32
things	Alma 12:37
things	Alma 13:1
things	Alma 13:7
things	Alma 14:5
things	Alma 14:21
things	Alma 14:22
things	Alma 14:22
things	Alma 15:16
things	Alma 15:18
things	Alma 16:18
things	Alma 16:19
things	Alma 17:14
things	Alma 17:39
things	Alma 18:1
things	Alma 18:2
things	Alma 18:18
things	Alma 18:20
things	Alma 18:21
things	Alma 18:22
things	Alma 18:28
things	Alma 18:29
things	Alma 18:33
things	Alma 18:34
things	Alma 18:36
things	Alma 18:40
things	Alma 19:24
things	Alma 19:34
things	Alma 20:4
things	Alma 20:13
things	Alma 21:8
things	Alma 21:8
things	Alma 21:10
things	Alma 21:14
things	Alma 21:21
things	Alma 21:23
things	Alma 21:23
things	Alma 22:10
things	Alma 22:11
things	Alma 22:11
things	Alma 22:14
things	Alma 22:15
things	Alma 24:10
things	Alma 24:14
things	Alma 24:14
things	Alma 24:24
things	Alma 24:30
things	Alma 24:30
things	Alma 25:7
things	Alma 25:10
things	Alma 25:16
things	Alma 26:12
things	Alma 26:21
things	Alma 26:21
things	Alma 26:22
things	Alma 26:35
things	Alma 27:20
things	Alma 27:25
things	Alma 27:27
things	Alma 29:3
things	Alma 29:6
things	Alma 30:13
things	Alma 30:14
things	Alma 30:15
things	Alma 30:16
things	Alma 30:17
things	Alma 30:19
things	Alma 30:41
things	Alma 30:41
things	Alma 30:41
things	Alma 30:41
things	Alma 30:44
things	Alma 30:44
things	Alma 31:22
things	Alma 31:27
things	Alma 31:28
things	Alma 32:3
things	Alma 32:4
things	Alma 32:21
things	Alma 32:21
things	Alma 33:15
things	Alma 33:15
things	Alma 33:20
things	Alma 34:2
things	Alma 34:2
things	Alma 34:7
things	Alma 34:8
things	Alma 34:28
things	Alma 34:28
things	Alma 34:30
things	Alma 34:37
things	Alma 35:16
things	Alma 36:5
things	Alma 36:5
things	Alma 36:11
things	Alma 36:26
things	Alma 37:2
things	Alma 37:6
things	Alma 37:6
things	Alma 37:8
things	Alma 37:9
things	Alma 37:14
things	Alma 37:15
things	Alma 37:16
things	Alma 37:16
things	Alma 37:18
things	Alma 37:37
things	Alma 37:43
things	Alma 37:43
things	Alma 37:43
things	Alma 37:47
things	Alma 38:4
things	Alma 38:6
things	Alma 38:6
things	Alma 38:6
things	Alma 38:10
things	Alma 39:5
things	Alma 39:9
things	Alma 39:9
things	Alma 39:14
things	Alma 39:17
things	Alma 40:5
things	Alma 40:22
things	Alma 40:23
things	Alma 40:26
things	Alma 40:26
things	Alma 41:2
things	Alma 41:4
things	Alma 41:14
things	Alma 42:29
things	Alma 45:15
things	Alma 50:31
things	Alma 50:38
things	Alma 51:35
things	Alma 54:7
things	Alma 54:8
things	Alma 54:11
things	Alma 54:22
things	Alma 55:15
things	Alma 55:17
things	Alma 56:4
things	Alma 57:14
things	Alma 60:23
things	Alma 60:32
things	Alma 62:50
things	Alma 62:52
things	Alma 63:1
things	Alma 63:11
things	Alma 63:13
things	Helaman 2:9
things	Helaman 4:14
things	Helaman 4:14
things	Helaman 4:14
things	Helaman 5:8
things	Helaman 5:8
things	Helaman 5:13
things	Helaman 5:13
things	Helaman 5:38
things	Helaman 5:49
things	Helaman 5:50
things	Helaman 6:1
things	Helaman 7:2
things	Helaman 7:21
things	Helaman 7:29
things	Helaman 7:29
things	Helaman 7:29
things	Helaman 8:3
things	Helaman 8:7
things	Helaman 8:8
things	Helaman 8:9
things	Helaman 8:16
things	Helaman 8:18
things	Helaman 8:19
things	Helaman 8:22
things	Helaman 8:22
things	Helaman 8:24
things	Helaman 8:24
things	Helaman 8:24
things	Helaman 8:24
things	Helaman 8:24
things	Helaman 9:2
things	Helaman 9:14
things	Helaman 9:41
things	Helaman 9:41
things	Helaman 10:2
things	Helaman 10:4
things	Helaman 10:5
things	Helaman 11:19
things	Helaman 12:2
things	Helaman 12:2
things	Helaman 12:4
things	Helaman 13:3
things	Helaman 13:4
things	Helaman 13:6
things	Helaman 13:22
things	Helaman 13:36
things	Helaman 14:1
things	Helaman 14:9
things	Helaman 14:12
things	Helaman 14:16
things	Helaman 14:16
things	Helaman 14:18
things	Helaman 14:19
things	Helaman 14:27
things	Helaman 14:28
things	Helaman 15:17
things	Helaman 16:5
things	Helaman 16:16
things	Helaman 16:22
things	3 Nephi 1:2
things	3 Nephi 1:7
things	3 Nephi 1:14
things	3 Nephi 1:18
things	3 Nephi 1:20
things	3 Nephi 4:26
things	3 Nephi 5:2
things	3 Nephi 5:2
things	3 Nephi 5:8
things	3 Nephi 5:10
things	3 Nephi 5:14
things	3 Nephi 5:17
things	3 Nephi 5:18
things	3 Nephi 5:19
things	3 Nephi 6:1
things	3 Nephi 6:2
things	3 Nephi 6:15
things	3 Nephi 6:21
things	3 Nephi 6:21
things	3 Nephi 6:23
things	3 Nephi 7:17
things	3 Nephi 8:19
things	3 Nephi 9:15
things	3 Nephi 10:14
things	3 Nephi 10:15
things	3 Nephi 10:15
things	3 Nephi 10:16
things	3 Nephi 10:16
things	3 Nephi 10:17
things	3 Nephi 11:11
things	3 Nephi 11:30
things	3 Nephi 11:37
things	3 Nephi 12:29
things	3 Nephi 12:30
things	3 Nephi 12:46
things	3 Nephi 12:47
things	3 Nephi 12:47
things	3 Nephi 13:8
things	3 Nephi 13:32
things	3 Nephi 13:33
things	3 Nephi 13:34
things	3 Nephi 14:11
things	3 Nephi 14:12
things	3 Nephi 15:1
things	3 Nephi 15:2
things	3 Nephi 15:2
things	3 Nephi 15:3
things	3 Nephi 15:3
things	3 Nephi 15:7
things	3 Nephi 15:7
things	3 Nephi 16:7
things	3 Nephi 16:10
things	3 Nephi 17:3
things	3 Nephi 17:15
things	3 Nephi 17:16
things	3 Nephi 17:17
things	3 Nephi 18:12
things	3 Nephi 18:12
things	3 Nephi 19:36
things	3 Nephi 19:36
things	3 Nephi 20:23
things	3 Nephi 20:46
things	3 Nephi 21:1
things	3 Nephi 21:2
things	3 Nephi 21:3
things	3 Nephi 21:4
things	3 Nephi 21:7
things	3 Nephi 21:7
things	3 Nephi 23:1
things	3 Nephi 23:1
things	3 Nephi 23:2
things	3 Nephi 23:3
things	3 Nephi 23:4
things	3 Nephi 23:5
things	3 Nephi 23:14
things	3 Nephi 26:1
things	3 Nephi 26:1
things	3 Nephi 26:3
things	3 Nephi 26:3
things	3 Nephi 26:6
things	3 Nephi 26:7
things	3 Nephi 26:8
things	3 Nephi 26:8
things	3 Nephi 26:9
things	3 Nephi 26:9
things	3 Nephi 26:10
things	3 Nephi 26:10
things	3 Nephi 26:12
things	3 Nephi 26:12
things	3 Nephi 26:14
things	3 Nephi 26:16
things	3 Nephi 26:16
things	3 Nephi 26:18
things	3 Nephi 26:19
things	3 Nephi 26:20
things	3 Nephi 27:1
things	3 Nephi 27:9
things	3 Nephi 27:12
things	3 Nephi 27:21
things	3 Nephi 27:22
things	3 Nephi 27:23
things	3 Nephi 27:26
things	3 Nephi 27:28
things	3 Nephi 28:7
things	3 Nephi 28:13
things	3 Nephi 28:14
things	3 Nephi 28:15
things	3 Nephi 28:16
things	3 Nephi 28:24
things	3 Nephi 28:33
things	4 Nephi 1:3
things	4 Nephi 1:24
things	4 Nephi 1:41
things	Mormon 1:1
things	Mormon 1:3
things	Mormon 1:4
things	Mormon 1:5
things	Mormon 2:11
things	Mormon 3:16
things	Mormon 3:16
things	Mormon 3:20
things	Mormon 4:9
things	Mormon 5:8
things	Mormon 5:8
things	Mormon 5:9
things	Mormon 5:9
things	Mormon 5:12
things	Mormon 7:1
things	Mormon 8:1
things	Mormon 8:1
things	Mormon 8:12
things	Mormon 8:12
things	Mormon 8:17
things	Mormon 8:25
things	Mormon 8:33
things	Mormon 8:34
things	Mormon 8:34
things	Mormon 9:8
things	Mormon 9:11
things	Mormon 9:15
things	Mormon 9:16
things	Mormon 9:27
things	Mormon 9:29
things	Mormon 9:34
things	Mormon 9:35
things	Mormon 9:36
things	Ether 1:3
things	Ether 1:4
things	Ether 2:12
things	Ether 2:25
things	Ether 3:3
things	Ether 3:13
things	Ether 3:17
things	Ether 3:21
things	Ether 3:21
things	Ether 3:23
things	Ether 3:24
things	Ether 3:26
things	Ether 3:26
things	Ether 3:27
things	Ether 4:1
things	Ether 4:4
things	Ether 4:4
things	Ether 4:7
things	Ether 4:7
things	Ether 4:8
things	Ether 4:8
things	Ether 4:11
things	Ether 4:11
things	Ether 4:13
things	Ether 4:14
things	Ether 4:15
things	Ether 4:16
things	Ether 5:1
things	Ether 5:3
things	Ether 5:4
things	Ether 5:6
things	Ether 6:4
things	Ether 6:21
things	Ether 6:30
things	Ether 6:30
things	Ether 7:27
things	Ether 8:17
things	Ether 8:19
things	Ether 8:23
things	Ether 8:23
things	Ether 8:24
things	Ether 8:26
things	Ether 9:17
things	Ether 9:29
things	Ether 10:12
things	Ether 11:3
things	Ether 11:20
things	Ether 12:3
things	Ether 12:5
things	Ether 12:6
things	Ether 12:6
things	Ether 12:8
things	Ether 12:19
things	Ether 12:21
things	Ether 12:22
things	Ether 12:23
things	Ether 12:24
things	Ether 12:27
things	Ether 12:39
things	Ether 13:2
things	Ether 13:6
things	Ether 13:9
things	Ether 13:12
things	Ether 13:13
things	Moroni 1:4
things	Moroni 1:4
things	Moroni 7:4
things	Moroni 7:12
things	Moroni 7:22
things	Moroni 7:24
things	Moroni 7:24
things	Moroni 7:35
things	Moroni 7:37
things	Moroni 7:38
things	Moroni 7:39
things	Moroni 7:45
things	Moroni 7:45
things	Moroni 7:45
things	Moroni 7:45
things	Moroni 7:46
things	Moroni 8:7
things	Moroni 9:9
things	Moroni 9:24
things	Moroni 9:25
things	Moroni 9:26
things	Moroni 10:3
things	Moroni 10:3
things	Moroni 10:4
things	Moroni 10:4
things	Moroni 10:5
things	Moroni 10:13
things	Moroni 10:23
things	Moroni 10:26
things	Moroni 10:27
things	Moroni 10:28
thinketh	1 Nephi 17:17
thinketh	1 Nephi 17:17
thinketh	2 Nephi 5:3
thinketh	Alma 20:24
thinketh	Moroni 7:45
thirsted	1 Nephi 20:21
thirsteth	2 Nephi 9:50
thistles	3 Nephi 14:16
thorns	2 Nephi 15:6
thorns	2 Nephi 17:19
thorns	2 Nephi 17:23
thorns	2 Nephi 17:24
thorns	2 Nephi 17:25
thorns	2 Nephi 19:18
thorns	2 Nephi 20:17
thorns	3 Nephi 14:16
thoughts	Jacob 2:5
thoughts	Mosiah 4:30
thoughts	Mosiah 5:13
thoughts	Mosiah 24:12
thoughts	Mosiah 28:3
thoughts	Alma 10:17
thoughts	Alma 12:3
thoughts	Alma 12:3
thoughts	Alma 12:7
thoughts	Alma 12:14
thoughts	Alma 17:30
thoughts	Alma 18:16
thoughts	Alma 18:18
thoughts	Alma 18:20
thoughts	Alma 18:32
thoughts	Alma 36:14
thoughts	Alma 37:36
thoughts	Alma 43:48
thoughts	Alma 43:48
thoughts	Helaman 9:41
thoughts	3 Nephi 28:6
thoughts	Ether 2:15
thousands	1 Nephi 4:1
thousands	Words of Mormon 1:14
thousands	Mosiah 11:19
thousands	Mosiah 13:14
thousands	Alma 3:26
thousands	Alma 3:26
thousands	Alma 23:5
thousands	Alma 23:5
thousands	Alma 26:4
thousands	Alma 26:13
thousands	Alma 26:22
thousands	Alma 28:2
thousands	Alma 28:11
thousands	Alma 28:11
thousands	Alma 28:11
thousands	Alma 28:12
thousands	Alma 37:10
thousands	Alma 37:10
thousands	Alma 37:19
thousands	Alma 43:5
thousands	Alma 50:22
thousands	Alma 51:11
thousands	Alma 60:5
thousands	Alma 60:7
thousands	Alma 60:8
thousands	Alma 60:10
thousands	Alma 60:22
thousands	Alma 60:22
thousands	Alma 60:22
thousands	Alma 62:5
thousands	Helaman 3:24
thousands	Helaman 3:26
thousands	Helaman 11:6
thousands	3 Nephi 3:22
thousands	3 Nephi 3:22
thousands	3 Nephi 4:21
thousands	3 Nephi 4:21
thousands	3 Nephi 4:27
thousands	Mormon 2:15
thousands	Mormon 4:9
thousands	Ether 14:4
threatenings	3 Nephi 3:12
threatenings	3 Nephi 4:12
threatenings	3 Nephi 5:5
threatnings	1 Nephi 18:17
threatnings	Mosiah 19:3
threatnings	Alma 26:18
threatnings	Alma 35:9
threatnings	Alma 54:16
threatnings	Alma 54:19
threatnings	Alma 54:19
thrones	2 Nephi 24:9
thrones	Alma 60:7
thrones	Alma 60:11
thrones	Alma 60:21
throwing	Alma 2:34
throwing	Alma 48:8
thunderings	1 Nephi 12:4
thunderings	1 Nephi 19:11
thunderings	2 Nephi 26:6
thunderings	Helaman 14:21
thunderings	Helaman 14:26
thunderings	3 Nephi 8:12
thunderings	3 Nephi 8:17
thunderings	3 Nephi 8:19
timbers	1 Nephi 18:1
timbers	1 Nephi 18:1
timbers	1 Nephi 18:2
timbers	Alma 50:2
timbers	Alma 50:2
timbers	Alma 50:3
timbers	Alma 50:3
timbers	Alma 53:4
timbers	Alma 53:4
timbers	Alma 53:4
times	1 Nephi 4:27
times	1 Nephi 10:17
times	1 Nephi 10:19
times	1 Nephi 10:19
times	1 Nephi 10:19
times	1 Nephi 10:19
times	2 Nephi 24:31
times	2 Nephi 25:7
times	2 Nephi 26:22
times	Jarom 1:7
times	Mosiah 18:4
times	Mosiah 18:9
times	Mosiah 22:3
times	Mosiah 28:16
times	Alma 7:23
times	Alma 9:10
times	Alma 10:6
times	Alma 10:14
times	Alma 32:23
times	Alma 38:14
times	Alma 40:10
times	Alma 50:22
times	Alma 53:20
times	Alma 55:29
times	Alma 55:30
times	Alma 55:31
times	Alma 57:9
times	Alma 57:9
times	Alma 60:20
times	Helaman 15:12
times	3 Nephi 3:19
times	Mormon 3:12
times	Mormon 9:27
times	Ether 3:26
times	Ether 6:6
timothy	3 Nephi 19:4
tires	2 Nephi 13:18
tithes	Alma 13:15
tithes	Alma 13:15
tithes	3 Nephi 24:8
tithes	3 Nephi 24:10
toiled	1 Nephi 17:20
toiled	Alma 56:16
tongues	1 Nephi 5:18
tongues	1 Nephi 11:36
tongues	1 Nephi 13:40
tongues	1 Nephi 14:11
tongues	1 Nephi 22:28
tongues	2 Nephi 13:8
tongues	2 Nephi 30:8
tongues	Omni 1:25
tongues	Mosiah 27:25
tongues	Alma 9:21
tongues	3 Nephi 26:4
tongues	3 Nephi 26:14
tongues	3 Nephi 26:14
tongues	3 Nephi 28:29
tongues	3 Nephi 29:6
tongues	Mormon 9:7
tongues	Mormon 9:7
tongues	Mormon 9:24
tongues	Moroni 10:15
tongues	Moroni 10:16
tools	1 Nephi 17:9
tools	1 Nephi 17:10
tools	1 Nephi 17:16
tools	Jarom 1:8
tools	Ether 10:25
tools	Ether 10:26
tops	2 Nephi 12:21
tops	2 Nephi 27:11
tops	Mormon 5:8
torches	3 Nephi 8:21
torments	Alma 12:17
tortureth	1 Nephi 13:5
touched	2 Nephi 16:7
touched	Alma 19:29
touched	3 Nephi 18:36
touched	3 Nephi 18:36
touched	3 Nephi 18:36
touched	3 Nephi 18:38
touched	3 Nephi 28:12
touched	Ether 3:6
towers	Alma 48:1
towers	Alma 50:4
towers	Alma 50:4
towers	Alma 51:20
towns	Mormon 4:22
towns	Mormon 5:5
tracks	Mosiah 22:16
traditions	Enos 1:14
traditions	Mosiah 1:5
traditions	Alma 3:8
traditions	Alma 8:11
traditions	Alma 9:16
traditions	Alma 9:17
traditions	Alma 17:9
traditions	Alma 17:15
traditions	Alma 19:14
traditions	Alma 21:8
traditions	Alma 23:3
traditions	Alma 23:5
traditions	Alma 24:7
traditions	Alma 25:6
traditions	Alma 26:24
traditions	Alma 30:14
traditions	Alma 30:23
traditions	Alma 30:27
traditions	Alma 30:28
traditions	Alma 30:31
traditions	Alma 31:17
traditions	Alma 47:36
traditions	Alma 56:4
traditions	Helaman 5:19
traditions	Helaman 15:7
traditions	Helaman 15:15
traditions	3 Nephi 1:9
traffic	4 Nephi 1:46
traffic	4 Nephi 1:46
traffic	Ether 10:22
traitors	Alma 60:18
trampleth	Mosiah 29:22
transformeth	2 Nephi 9:9
transgransgressions	Alma 9:19
transgresseth	2 Nephi 9:27
transgresseth	Mosiah 26:29
transgressions	2 Nephi 7:1
transgressions	2 Nephi 9:46
transgressions	Enos 1:10
transgressions	Mosiah 14:5
transgressions	Mosiah 14:8
transgressions	Mosiah 15:9
transgressions	Mosiah 15:12
transgressions	Alma 7:13
transgressions	Alma 9:14
transgressions	Alma 11:40
transgressions	Alma 34:8
transgressions	Alma 37:42
transgressions	Alma 46:18
transgressors	Mosiah 14:12
transgressors	Mosiah 14:12
transpired	1 Nephi 19:2
transpired	3 Nephi 5:8
transpired	Ether 1:3
transpired	Ether 1:4
traps	Alma 10:17
travails	Mosiah 29:33
traveleth	3 Nephi 27:33
travelled	1 Nephi 2:5
travelled	1 Nephi 2:6
travelled	1 Nephi 8:8
travelled	1 Nephi 16:13
travelled	1 Nephi 16:17
travelled	1 Nephi 16:33
travelled	Mosiah 8:8
travelled	Mosiah 24:20
travelled	Mosiah 27:35
travelled	Alma 8:6
travelled	Alma 26:28
travelled	Alma 58:23
travelled	Ether 9:3
traveller	2 Nephi 1:14
travelling	1 Nephi 16:33
travelling	Mosiah 23:35
travelling	Mosiah 27:32
travels	2 Nephi 29:4
travels	Alma 30:32
treadeth	3 Nephi 20:16
treadeth	3 Nephi 21:12
treasures	2 Nephi 9:30
treasures	2 Nephi 12:7
treasures	2 Nephi 20:13
treasures	Helaman 13:18
treasures	Helaman 13:19
treasures	Helaman 13:19
treasures	Helaman 13:19
treasures	Helaman 13:20
treasures	Helaman 13:20
treasures	Helaman 13:20
treasures	Helaman 13:35
treasures	3 Nephi 13:19
treasures	3 Nephi 13:20
treasures	Mormon 1:18
trees	2 Nephi 17:2
trees	2 Nephi 20:19
trees	2 Nephi 24:8
trees	Jacob 4:6
trees	Jacob 5:42
trees	Jacob 5:46
trees	Jacob 5:47
trees	Jacob 5:48
trees	Jacob 5:49
trees	Jacob 5:51
trees	Jacob 5:55
trees	Jacob 5:56
trees	Jacob 5:57
trees	Jacob 5:58
trees	Jacob 5:58
trees	Jacob 5:60
trees	Jacob 5:63
trees	Jacob 5:65
trees	Jacob 5:66
trees	Jacob 5:74
trees	Mosiah 18:5
trembled	Helaman 5:31
trembled	Helaman 5:32
trembleth	2 Nephi 28:28
trespasses	Mosiah 26:30
trespasses	Mosiah 26:31
trespasses	Mosiah 26:31
trespasses	3 Nephi 13:14
trespasses	3 Nephi 13:15
trespasses	3 Nephi 13:15
treusures	Helaman 8:25
trials	Mosiah 29:33
trials	Alma 10:14
trials	Alma 10:14
trials	Alma 36:3
trials	Alma 36:27
trials	Alma 38:5
trials	Alma 51:19
tribes	1 Nephi 12:9
tribes	1 Nephi 21:6
tribes	1 Nephi 22:4
tribes	2 Nephi 29:12
tribes	2 Nephi 29:13
tribes	2 Nephi 29:13
tribes	3 Nephi 7:2
tribes	3 Nephi 7:3
tribes	3 Nephi 7:3
tribes	3 Nephi 7:4
tribes	3 Nephi 7:11
tribes	3 Nephi 7:12
tribes	3 Nephi 7:14
tribes	3 Nephi 15:15
tribes	3 Nephi 15:20
tribes	3 Nephi 16:4
tribes	3 Nephi 17:4
tribes	3 Nephi 21:26
tribes	3 Nephi 28:29
tribes	Mormon 3:18
tribulations	Alma 15:3
tribulations	Alma 15:18
tribulations	Alma 53:13
tribulations	Alma 56:2
tribulations	Alma 56:7
tribulations	Alma 60:26
tried	Alma 32:33
tried	Helaman 1:8
tried	Helaman 6:24
tried	3 Nephi 6:27
trieth	Mosiah 23:21
troubles	Mosiah 29:33
troubles	Alma 36:3
troubles	Alma 36:27
troubles	Alma 38:5
troubles	Alma 40:12
tubaloth	Helaman 1:16
tubaloth	Helaman 1:16
tumults	4 Nephi 1:16
turneth	2 Nephi 19:13
types	Mosiah 3:15
types	Mosiah 13:31
unbelievers	Mosiah 27:1
unbelievers	Mosiah 27:8
unbelievers	Mosiah 27:32
unbelievers	Alma 4:11
unbelievers	3 Nephi 1:9
uncircumsised	Helaman 9:21
understandding	2 Nephi 27:35
understandings	Mosiah 8:20
undertakings	Alma 39:10
unwearyingness	Helaman 10:4
unwearyingness	Helaman 10:5
upside	2 Nephi 27:27
uriah	2 Nephi 18:2
uzziah	2 Nephi 16:1
uzziah	2 Nephi 17:1
vails	2 Nephi 13:23
valleys	2 Nephi 17:19
valleys	Helaman 14:23
valleys	3 Nephi 9:8
vapors	Mormon 8:29
vapour	1 Nephi 19:11
vapour	3 Nephi 8:20
vessels	3 Nephi 20:41
vessels	Ether 2:22
vessels	Ether 2:23
vessels	Ether 3:1
vessels	Ether 3:4
vessels	Ether 6:2
vessels	Ether 6:2
vessels	Ether 6:4
vessels	Ether 6:7
vessels	Moroni 7:31
vexation	2 Nephi 19:1
victims	Mosiah 1:14
victims	Moroni 9:17
views	2 Nephi 1:24
views	Mosiah 5:3
views	Alma 27:28
vilest	Mosiah 28:4
villages	Mosiah 27:6
villages	Alma 8:7
villages	Alma 8:7
villages	Alma 23:14
villages	Mormon 4:22
villages	Mormon 5:5
vines	2 Nephi 17:23
vineyards	Mosiah 11:15
vineyards	Alma 28:14
viols	2 Nephi 24:11
virgins	1 Nephi 11:15
visions	1 Nephi 1:16
visions	2 Nephi 4:23
visions	Alma 30:28
visitations	2 Nephi 1:12
voices	Mosiah 17:12
voices	Mosiah 24:12
voices	Mosiah 24:22
voices	Mosiah 25:10
voices	Mosiah 29:39
voices	Alma 2:6
voices	Alma 10:19
voices	Alma 51:3
voices	Helaman 5:36
vultures	Mosiah 12:2
vultures	Alma 2:38
waketh	2 Nephi 7:4
waketh	2 Nephi 7:4
walked	2 Nephi 19:2
walked	Alma 5:27
walked	3 Nephi 24:14
walketh	2 Nephi 7:10
walls	1 Nephi 4:4
walls	1 Nephi 4:5
walls	1 Nephi 4:24
walls	1 Nephi 4:27
walls	1 Nephi 21:16
walls	Mosiah 2:7
walls	Mosiah 7:10
walls	Mosiah 9:8
walls	Mosiah 9:8
walls	Mosiah 11:10
walls	Mosiah 21:19
walls	Alma 14:27
walls	Alma 14:28
walls	Alma 14:29
walls	Alma 48:8
walls	Alma 50:5
walls	Alma 52:6
walls	Alma 55:20
walls	Alma 62:23
walls	Alma 62:24
walls	Alma 62:36
walls	Helaman 1:21
walls	Helaman 5:27
walls	Helaman 5:31
walls	Helaman 5:32
walls	Helaman 5:33
walls	Helaman 5:44
walls	Helaman 14:11
walls	Helaman 16:1
wandered	1 Nephi 8:23
wandered	1 Nephi 16:35
wandered	1 Nephi 17:20
wandered	Mosiah 7:4
wandered	Mosiah 7:5
wanderers	Jacob 7:26
wanderers	Alma 13:23
wanderers	Alma 26:36
wants	Mosiah 4:26
wants	Mosiah 18:29
wants	Alma 35:9
warnings	2 Nephi 5:6
warred	Alma 1:1
warriors	Alma 51:31
wars	1 Nephi 9:4
wars	1 Nephi 9:4
wars	1 Nephi 12:2
wars	1 Nephi 12:2
wars	1 Nephi 12:3
wars	1 Nephi 12:21
wars	1 Nephi 12:21
wars	1 Nephi 12:21
wars	1 Nephi 12:21
wars	1 Nephi 14:15
wars	1 Nephi 14:15
wars	1 Nephi 14:16
wars	1 Nephi 14:16
wars	1 Nephi 19:4
wars	2 Nephi 5:34
wars	2 Nephi 25:12
wars	2 Nephi 25:12
wars	2 Nephi 26:2
wars	Jacob 3:13
wars	Jacob 7:24
wars	Jacob 7:26
wars	Enos 1:23
wars	Enos 1:24
wars	Jarom 1:13
wars	Jarom 1:14
wars	Omni 1:17
wars	Mosiah 9:13
wars	Mosiah 29:7
wars	Mosiah 29:14
wars	Mosiah 29:36
wars	Alma 3:25
wars	Alma 4:1
wars	Alma 16:1
wars	Alma 28:9
wars	Alma 28:9
wars	Alma 35:13
wars	Alma 35:15
wars	Alma 43:3
wars	Alma 43:17
wars	Alma 45:11
wars	Alma 45:21
wars	Alma 48:20
wars	Alma 48:22
wars	Alma 50:21
wars	Alma 51:22
wars	Alma 62:39
wars	Alma 62:44
wars	Helaman 3:14
wars	Helaman 3:17
wars	Helaman 3:22
wars	Helaman 6:17
wars	Helaman 11:1
wars	Helaman 12:2
wars	3 Nephi 2:11
wars	3 Nephi 7:5
wars	Mormon 8:30
wars	Mormon 8:30
wars	Ether 7:27
wars	Ether 11:7
wars	Ether 13:22
wars	Moroni 1:2
wasteth	2 Nephi 9:27
wat	3 Nephi 15:2
watchmen	Mosiah 12:22
watchmen	Mosiah 15:29
watchmen	3 Nephi 16:18
watchmen	3 Nephi 20:32
waters	1 Nephi 2:9
waters	1 Nephi 4:2
waters	1 Nephi 4:2
waters	1 Nephi 11:25
waters	1 Nephi 11:25
waters	1 Nephi 13:10
waters	1 Nephi 13:12
waters	1 Nephi 13:12
waters	1 Nephi 13:13
waters	1 Nephi 13:17
waters	1 Nephi 13:29
waters	1 Nephi 14:11
waters	1 Nephi 14:12
waters	1 Nephi 17:5
waters	1 Nephi 17:8
waters	1 Nephi 17:17
waters	1 Nephi 17:26
waters	1 Nephi 18:13
waters	1 Nephi 18:15
waters	1 Nephi 20:1
waters	1 Nephi 20:21
waters	1 Nephi 20:21
waters	2 Nephi 1:2
waters	2 Nephi 4:20
waters	2 Nephi 7:2
waters	2 Nephi 8:10
waters	2 Nephi 9:50
waters	2 Nephi 18:6
waters	2 Nephi 18:7
waters	2 Nephi 21:9
waters	2 Nephi 30:15
waters	Omni 1:16
waters	Mosiah 8:8
waters	Mosiah 10:14
waters	Mosiah 18:8
waters	Mosiah 18:16
waters	Mosiah 18:30
waters	Mosiah 18:30
waters	Mosiah 18:30
waters	Mosiah 25:18
waters	Mosiah 26:15
waters	Alma 2:34
waters	Alma 3:3
waters	Alma 4:4
waters	Alma 5:3
waters	Alma 5:34
waters	Alma 7:15
waters	Alma 17:34
waters	Alma 18:7
waters	Alma 19:20
waters	Alma 19:21
waters	Alma 19:21
waters	Alma 42:27
waters	Alma 43:40
waters	Alma 43:40
waters	Alma 43:50
waters	Alma 44:22
waters	Helaman 8:11
waters	Helaman 8:11
waters	Helaman 12:16
waters	3 Nephi 9:7
waters	3 Nephi 22:9
waters	3 Nephi 22:9
waters	4 Nephi 1:9
waters	Mormon 1:10
waters	Mormon 6:4
waters	Ether 2:2
waters	Ether 2:6
waters	Ether 6:3
waters	Ether 6:5
waters	Ether 6:7
waters	Ether 6:7
waters	Ether 6:8
waters	Ether 13:2
waters	Ether 15:8
waters	Ether 15:8
waves	1 Nephi 20:18
waves	2 Nephi 8:15
waves	Jacob 4:6
waves	Mormon 5:18
waves	Ether 2:24
waves	Ether 2:25
waves	Ether 6:5
waves	Ether 6:6
ways	1 Nephi 2:24
ways	1 Nephi 13:27
ways	1 Nephi 16:29
ways	1 Nephi 21:9
ways	1 Nephi 22:14
ways	2 Nephi 1:19
ways	2 Nephi 4:33
ways	2 Nephi 12:3
ways	2 Nephi 12:5
ways	2 Nephi 26:7
ways	Jacob 4:8
ways	Jacob 4:8
ways	Jarom 1:7
ways	Mosiah 4:15
ways	Mosiah 4:29
ways	Mosiah 6:6
ways	Mosiah 7:29
ways	Mosiah 11:1
ways	Mosiah 12:26
ways	Mosiah 12:26
ways	Mosiah 16:5
ways	Mosiah 23:14
ways	Mosiah 29:23
ways	Mosiah 29:43
ways	Alma 5:37
ways	Alma 10:5
ways	Alma 10:18
ways	Alma 14:20
ways	Alma 17:27
ways	Alma 24:27
ways	Alma 25:14
ways	Alma 26:24
ways	Alma 26:24
ways	Alma 30:22
ways	Alma 30:60
ways	Alma 31:1
ways	Alma 31:11
ways	Alma 37:8
ways	Helaman 3:20
ways	Helaman 3:37
ways	Helaman 6:31
ways	Helaman 9:19
ways	Helaman 9:21
ways	Helaman 10:1
ways	Helaman 11:36
ways	Helaman 13:26
ways	3 Nephi 18:7
ways	3 Nephi 30:2
ways	Mormon 2:18
ways	Mormon 5:22
ways	Mormon 6:17
ways	Ether 10:2
ways	Moroni 7:24
ways	Moroni 8:16
ways	Moroni 10:8
weakest	Alma 48:5
weakest	Alma 48:9
weakest	Alma 49:15
weapons	2 Nephi 23:5
weapons	Jarom 1:8
weapons	Mosiah 9:16
weapons	Mosiah 10:1
weapons	Mosiah 10:1
weapons	Alma 2:12
weapons	Alma 2:14
weapons	Alma 3:1
weapons	Alma 23:7
weapons	Alma 23:13
weapons	Alma 23:13
weapons	Alma 24:17
weapons	Alma 24:18
weapons	Alma 24:19
weapons	Alma 24:19
weapons	Alma 24:25
weapons	Alma 25:14
weapons	Alma 26:32
weapons	Alma 43:18
weapons	Alma 44:6
weapons	Alma 44:8
weapons	Alma 44:8
weapons	Alma 44:10
weapons	Alma 44:14
weapons	Alma 44:15
weapons	Alma 44:20
weapons	Alma 51:18
weapons	Alma 52:25
weapons	Alma 52:32
weapons	Alma 52:36
weapons	Alma 52:37
weapons	Alma 52:38
weapons	Alma 52:39
weapons	Alma 53:14
weapons	Alma 53:16
weapons	Alma 53:18
weapons	Alma 53:19
weapons	Alma 54:18
weapons	Alma 55:16
weapons	Alma 55:16
weapons	Alma 55:23
weapons	Alma 56:5
weapons	Alma 56:6
weapons	Alma 56:7
weapons	Alma 56:54
weapons	Alma 60:2
weapons	Alma 62:15
weapons	Alma 62:16
weapons	Helaman 5:51
weapons	Helaman 15:9
weapons	3 Nephi 3:26
weapons	Mormon 6:9
weapons	Mormon 7:4
weapons	Ether 10:27
weapons	Ether 15:15
wearied	Mosiah 7:1
wearied	Alma 52:28
wearied	Alma 52:31
wells	2 Nephi 22:3
wheels	2 Nephi 15:28
wherfore	Ether 13:18
whieh	Alma 59:10
whims	Alma 30:28
whirlwinds	2 Nephi 26:5
whirlwinds	Alma 26:6
whirlwinds	3 Nephi 8:12
whirlwinds	3 Nephi 10:14
whispereth	2 Nephi 28:22
whispereth	Words of Mormon 1:7
whiter	Jacob 3:8
whoredoms	2 Nephi 9:36
whoredoms	2 Nephi 26:32
whoredoms	2 Nephi 28:14
whoredoms	2 Nephi 28:15
whoredoms	Jacob 2:23
whoredoms	Jacob 2:28
whoredoms	Jacob 2:33
whoredoms	Jacob 3:5
whoredoms	Mosiah 11:2
whoredoms	Mosiah 11:6
whoredoms	Mosiah 11:20
whoredoms	Mosiah 12:29
whoredoms	Mosiah 29:36
whoredoms	Alma 1:32
whoredoms	Alma 30:18
whoredoms	Alma 50:21
whoredoms	Helaman 3:14
whoredoms	Helaman 6:23
whoredoms	3 Nephi 5:3
whoredoms	3 Nephi 16:10
whoredoms	3 Nephi 21:19
whoredoms	3 Nephi 30:2
whoredoms	4 Nephi 1:16
whoredoms	Mormon 8:31
whoredoms	Ether 8:16
whoredoms	Ether 10:7
whoredoms	Ether 10:11
widows	2 Nephi 19:17
widows	2 Nephi 20:2
widows	Mosiah 21:10
widows	Mosiah 21:17
widows	Alma 28:5
widows	Mormon 8:40
widows	Moroni 9:16
wildernsss	Ether 14:14
wiles	Helaman 3:29
wilfully	Mosiah 15:26
wilfully	3 Nephi 6:18
wilfully	4 Nephi 1:38
wilfully	Mormon 1:16
wilfulness	Moroni 9:23
wills	Mosiah 16:12
wills	Alma 12:31
wills	Alma 29:4
wills	Helaman 7:5
wills	Helaman 7:5
wimples	2 Nephi 13:22
windows	3 Nephi 22:12
windows	3 Nephi 24:10
windows	Ether 2:23
winds	1 Nephi 18:21
winds	Alma 26:6
winds	Helaman 5:12
winds	3 Nephi 11:40
winds	3 Nephi 14:25
winds	3 Nephi 14:27
winds	3 Nephi 18:13
winds	Ether 2:24
winds	Ether 2:25
wings	2 Nephi 4:25
wings	2 Nephi 16:2
wings	2 Nephi 18:8
wings	2 Nephi 25:13
wings	3 Nephi 10:4
wings	3 Nephi 10:5
wings	3 Nephi 10:6
wings	3 Nephi 25:2
wishes	3 Nephi 4:16
witchcrafts	3 Nephi 21:16
witchcrafts	Mormon 1:19
withdrew	Alma 1:24
withdrew	Alma 35:1
withdrew	Alma 44:1
withdrew	Alma 44:12
withdrew	Mormon 1:12
withdrew	Ether 11:13
withereth	Alma 32:38
withersoever	Moroni 9:16
withstood	Jarom 1:7
withstood	Mosiah 12:19
withstood	Mosiah 13:2
withstood	Alma 1:7
withstood	Alma 1:9
withstood	Alma 8:13
withstood	Alma 20:20
withstood	Alma 30:53
withstood	Alma 60:15
withstood	Mormon 2:9
witnesses	2 Nephi 11:3
witnesses	2 Nephi 18:2
witnesses	2 Nephi 27:12
witnesses	2 Nephi 27:14
witnesses	2 Nephi 27:22
witnesses	Jacob 4:6
witnesses	Jacob 4:13
witnesses	Mosiah 2:14
witnesses	Mosiah 7:21
witnesses	Mosiah 18:9
witnesses	Mosiah 24:14
witnesses	Mosiah 26:9
witnesses	Alma 30:45
witnesses	Alma 34:30
witnesses	Alma 34:33
witnesses	Alma 47:33
witnesses	Ether 5:4
witnesses	Moroni 6:7
witnesseth	2 Nephi 31:7
wizards	2 Nephi 18:19
wolves	Alma 5:59
wolves	3 Nephi 14:15
wondered	3 Nephi 15:2
wondereth	Mosiah 7:28
wonders	1 Nephi 19:13
wonders	2 Nephi 3:24
wonders	2 Nephi 18:18
wonders	2 Nephi 26:13
wonders	Mosiah 3:15
wonders	Alma 37:27
wonders	Helaman 14:6
wonders	Helaman 14:28
wonders	Helaman 15:3
wonders	Helaman 16:4
wonders	Helaman 16:13
wonders	Helaman 16:23
wonders	3 Nephi 1:22
wonders	3 Nephi 2:1
wonders	3 Nephi 2:3
words	1 Nephi 2:13
words	1 Nephi 2:16
words	1 Nephi 2:17
words	1 Nephi 2:18
words	1 Nephi 3:8
words	1 Nephi 3:18
words	1 Nephi 3:20
words	1 Nephi 3:28
words	1 Nephi 3:28
words	1 Nephi 4:4
words	1 Nephi 4:14
words	1 Nephi 4:14
words	1 Nephi 4:32
words	1 Nephi 4:32
words	1 Nephi 4:35
words	1 Nephi 7:4
words	1 Nephi 7:15
words	1 Nephi 7:16
words	1 Nephi 7:18
words	1 Nephi 8:2
words	1 Nephi 8:29
words	1 Nephi 8:34
words	1 Nephi 8:36
words	1 Nephi 8:37
words	1 Nephi 9:6
words	1 Nephi 10:2
words	1 Nephi 10:4
words	1 Nephi 10:11
words	1 Nephi 10:17
words	1 Nephi 11:5
words	1 Nephi 11:6
words	1 Nephi 11:24
words	1 Nephi 12:19
words	1 Nephi 13:41
words	1 Nephi 13:41
words	1 Nephi 14:8
words	1 Nephi 15:7
words	1 Nephi 15:20
words	1 Nephi 15:20
words	1 Nephi 16:39
words	1 Nephi 17:22
words	1 Nephi 17:23
words	1 Nephi 17:45
words	1 Nephi 17:48
words	1 Nephi 19:7
words	1 Nephi 19:8
words	1 Nephi 19:10
words	1 Nephi 19:10
words	1 Nephi 19:10
words	1 Nephi 19:10
words	1 Nephi 19:16
words	1 Nephi 19:24
words	1 Nephi 19:24
words	1 Nephi 22:20
words	1 Nephi 22:23
words	2 Nephi 1:12
words	2 Nephi 1:14
words	2 Nephi 2:28
words	2 Nephi 2:30
words	2 Nephi 2:30
words	2 Nephi 3:19
words	2 Nephi 3:19
words	2 Nephi 3:20
words	2 Nephi 3:21
words	2 Nephi 3:21
words	2 Nephi 3:23
words	2 Nephi 3:25
words	2 Nephi 3:25
words	2 Nephi 3:25
words	2 Nephi 4:3
words	2 Nephi 5:3
words	2 Nephi 5:4
words	2 Nephi 5:6
words	2 Nephi 5:19
words	2 Nephi 5:20
words	2 Nephi 5:25
words	2 Nephi 6:1
words	2 Nephi 6:3
words	2 Nephi 6:4
words	2 Nephi 6:4
words	2 Nephi 6:5
words	2 Nephi 6:6
words	2 Nephi 6:8
words	2 Nephi 6:9
words	2 Nephi 6:14
words	2 Nephi 8:16
words	2 Nephi 9:17
words	2 Nephi 9:40
words	2 Nephi 9:40
words	2 Nephi 9:40
words	2 Nephi 9:44
words	2 Nephi 9:51
words	2 Nephi 9:52
words	2 Nephi 9:54
words	2 Nephi 10:14
words	2 Nephi 11:2
words	2 Nephi 11:2
words	2 Nephi 11:2
words	2 Nephi 11:3
words	2 Nephi 11:3
words	2 Nephi 11:3
words	2 Nephi 11:3
words	2 Nephi 11:8
words	2 Nephi 11:8
words	2 Nephi 11:8
words	2 Nephi 25:1
words	2 Nephi 25:4
words	2 Nephi 25:4
words	2 Nephi 25:5
words	2 Nephi 25:8
words	2 Nephi 25:18
words	2 Nephi 25:18
words	2 Nephi 25:19
words	2 Nephi 25:19
words	2 Nephi 25:22
words	2 Nephi 25:28
words	2 Nephi 26:1
words	2 Nephi 26:8
words	2 Nephi 26:15
words	2 Nephi 27:6
words	2 Nephi 27:6
words	2 Nephi 27:9
words	2 Nephi 27:9
words	2 Nephi 27:9
words	2 Nephi 27:10
words	2 Nephi 27:11
words	2 Nephi 27:13
words	2 Nephi 27:14
words	2 Nephi 27:15
words	2 Nephi 27:19
words	2 Nephi 27:20
words	2 Nephi 27:22
words	2 Nephi 27:22
words	2 Nephi 27:24
words	2 Nephi 27:29
words	2 Nephi 28:8
words	2 Nephi 29:2
words	2 Nephi 29:2
words	2 Nephi 29:3
words	2 Nephi 29:8
words	2 Nephi 29:9
words	2 Nephi 29:10
words	2 Nephi 29:11
words	2 Nephi 29:13
words	2 Nephi 29:13
words	2 Nephi 29:13
words	2 Nephi 29:13
words	2 Nephi 30:1
words	2 Nephi 30:3
words	2 Nephi 31:1
words	2 Nephi 31:2
words	2 Nephi 31:15
words	2 Nephi 32:3
words	2 Nephi 32:3
words	2 Nephi 32:3
words	2 Nephi 32:4
words	2 Nephi 33:5
words	2 Nephi 33:10
words	2 Nephi 33:10
words	2 Nephi 33:10
words	2 Nephi 33:10
words	2 Nephi 33:11
words	2 Nephi 33:11
words	2 Nephi 33:14
words	2 Nephi 33:14
words	2 Nephi 33:14
words	2 Nephi 33:14
words	Jacob 1:17
words	Jacob 2:1
words	Jacob 3:14
words	Jacob 4:1
words	Jacob 4:1
words	Jacob 4:2
words	Jacob 4:3
words	Jacob 4:14
words	Jacob 5:1
words	Jacob 5:2
words	Jacob 5:12
words	Jacob 6:5
words	Jacob 6:8
words	Jacob 6:8
words	Jacob 6:8
words	Jacob 7:8
words	Jacob 7:15
words	Jacob 7:20
words	Jacob 7:23
words	Jacob 7:27
words	Enos 1:3
words	Enos 1:3
words	Enos 1:9
words	Enos 1:11
words	Jarom 1:1
words	Omni 1:6
words	Omni 1:22
words	Words of Mormon 1:3
words	Mosiah 1:10
words	Mosiah 1:18
words	Mosiah 2:1
words	Mosiah 2:6
words	Mosiah 2:7
words	Mosiah 2:8
words	Mosiah 2:8
words	Mosiah 2:8
words	Mosiah 2:9
words	Mosiah 2:9
words	Mosiah 2:9
words	Mosiah 2:40
words	Mosiah 3:3
words	Mosiah 3:22
words	Mosiah 3:23
words	Mosiah 4:1
words	Mosiah 4:3
words	Mosiah 4:3
words	Mosiah 4:4
words	Mosiah 4:30
words	Mosiah 5:1
words	Mosiah 5:2
words	Mosiah 5:6
words	Mosiah 5:6
words	Mosiah 7:14
words	Mosiah 7:17
words	Mosiah 7:25
words	Mosiah 7:27
words	Mosiah 8:3
words	Mosiah 8:3
words	Mosiah 8:19
words	Mosiah 11:7
words	Mosiah 11:11
words	Mosiah 11:26
words	Mosiah 11:27
words	Mosiah 11:29
words	Mosiah 12:1
words	Mosiah 12:19
words	Mosiah 12:20
words	Mosiah 13:1
words	Mosiah 13:5
words	Mosiah 13:6
words	Mosiah 13:8
words	Mosiah 15:11
words	Mosiah 15:11
words	Mosiah 15:22
words	Mosiah 16:1
words	Mosiah 17:2
words	Mosiah 17:4
words	Mosiah 17:8
words	Mosiah 17:9
words	Mosiah 17:10
words	Mosiah 17:20
words	Mosiah 17:20
words	Mosiah 18:1
words	Mosiah 18:3
words	Mosiah 18:6
words	Mosiah 18:7
words	Mosiah 18:11
words	Mosiah 18:13
words	Mosiah 18:14
words	Mosiah 20:21
words	Mosiah 21:30
words	Mosiah 22:3
words	Mosiah 22:4
words	Mosiah 22:4
words	Mosiah 22:9
words	Mosiah 24:5
words	Mosiah 24:9
words	Mosiah 25:18
words	Mosiah 26:1
words	Mosiah 26:6
words	Mosiah 26:15
words	Mosiah 26:16
words	Mosiah 26:33
words	Mosiah 27:8
words	Mosiah 27:12
words	Mosiah 27:17
words	Mosiah 28:7
words	Mosiah 29:4
words	Mosiah 29:37
words	Alma 1:5
words	Alma 1:7
words	Alma 1:9
words	Alma 1:20
words	Alma 2:31
words	Alma 3:14
words	Alma 3:18
words	Alma 3:27
words	Alma 5:2
words	Alma 5:11
words	Alma 5:47
words	Alma 5:61
words	Alma 7:1
words	Alma 7:26
words	Alma 8:9
words	Alma 8:13
words	Alma 8:30
words	Alma 9:3
words	Alma 9:4
words	Alma 9:13
words	Alma 9:31
words	Alma 9:34
words	Alma 9:34
words	Alma 10:1
words	Alma 10:11
words	Alma 10:12
words	Alma 10:13
words	Alma 10:16
words	Alma 10:16
words	Alma 10:25
words	Alma 10:28
words	Alma 11:46
words	Alma 11:46
words	Alma 12:1
words	Alma 12:1
words	Alma 12:2
words	Alma 12:7
words	Alma 12:14
words	Alma 12:19
words	Alma 13:7
words	Alma 13:21
words	Alma 13:26
words	Alma 13:27
words	Alma 13:31
words	Alma 14:1
words	Alma 14:2
words	Alma 14:6
words	Alma 14:6
words	Alma 14:7
words	Alma 14:18
words	Alma 14:19
words	Alma 14:24
words	Alma 14:25
words	Alma 15:1
words	Alma 15:7
words	Alma 15:9
words	Alma 15:11
words	Alma 16:14
words	Alma 17:4
words	Alma 17:29
words	Alma 17:31
words	Alma 18:4
words	Alma 18:18
words	Alma 18:22
words	Alma 18:23
words	Alma 18:36
words	Alma 18:40
words	Alma 19:12
words	Alma 19:13
words	Alma 19:30
words	Alma 19:31
words	Alma 19:31
words	Alma 19:32
words	Alma 19:35
words	Alma 20:16
words	Alma 20:19
words	Alma 20:25
words	Alma 20:27
words	Alma 20:27
words	Alma 20:30
words	Alma 21:10
words	Alma 21:11
words	Alma 21:12
words	Alma 22:3
words	Alma 22:11
words	Alma 22:12
words	Alma 22:17
words	Alma 22:18
words	Alma 24:7
words	Alma 25:6
words	Alma 25:9
words	Alma 25:12
words	Alma 26:1
words	Alma 26:10
words	Alma 27:13
words	Alma 29:17
words	Alma 30:23
words	Alma 30:28
words	Alma 30:29
words	Alma 30:31
words	Alma 30:43
words	Alma 30:47
words	Alma 30:49
words	Alma 30:50
words	Alma 30:50
words	Alma 30:53
words	Alma 30:57
words	Alma 31:36
words	Alma 32:16
words	Alma 32:23
words	Alma 32:26
words	Alma 32:27
words	Alma 32:27
words	Alma 33:1
words	Alma 33:17
words	Alma 34:1
words	Alma 34:7
words	Alma 34:7
words	Alma 35:1
words	Alma 35:3
words	Alma 35:3
words	Alma 35:4
words	Alma 35:6
words	Alma 35:9
words	Alma 36:1
words	Alma 36:3
words	Alma 36:11
words	Alma 37:9
words	Alma 37:16
words	Alma 37:20
words	Alma 37:32
words	Alma 37:45
words	Alma 38:1
words	Alma 39:2
words	Alma 39:11
words	Alma 40:2
words	Alma 40:15
words	Alma 40:19
words	Alma 42:31
words	Alma 44:10
words	Alma 44:11
words	Alma 44:12
words	Alma 44:15
words	Alma 45:2
words	Alma 45:5
words	Alma 45:9
words	Alma 45:10
words	Alma 45:17
words	Alma 45:23
words	Alma 45:24
words	Alma 46:1
words	Alma 46:7
words	Alma 46:10
words	Alma 46:19
words	Alma 46:21
words	Alma 46:21
words	Alma 46:24
words	Alma 46:28
words	Alma 47:28
words	Alma 48:15
words	Alma 48:19
words	Alma 48:20
words	Alma 50:19
words	Alma 50:19
words	Alma 50:32
words	Alma 50:35
words	Alma 52:38
words	Alma 54:4
words	Alma 54:15
words	Alma 55:3
words	Alma 55:4
words	Alma 55:9
words	Alma 56:2
words	Alma 56:48
words	Alma 57:21
words	Alma 57:30
words	Alma 57:36
words	Alma 60:1
words	Alma 61:1
words	Alma 61:2
words	Alma 61:14
words	Helaman 2:4
words	Helaman 4:3
words	Helaman 4:21
words	Helaman 5:5
words	Helaman 5:5
words	Helaman 5:6
words	Helaman 5:9
words	Helaman 5:10
words	Helaman 5:13
words	Helaman 5:14
words	Helaman 5:27
words	Helaman 5:33
words	Helaman 5:45
words	Helaman 6:22
words	Helaman 7:3
words	Helaman 7:7
words	Helaman 7:23
words	Helaman 8:1
words	Helaman 8:13
words	Helaman 8:13
words	Helaman 8:13
words	Helaman 8:13
words	Helaman 8:20
words	Helaman 9:1
words	Helaman 9:2
words	Helaman 9:4
words	Helaman 9:11
words	Helaman 9:15
words	Helaman 9:18
words	Helaman 9:37
words	Helaman 9:37
words	Helaman 9:37
words	Helaman 9:39
words	Helaman 10:12
words	Helaman 10:13
words	Helaman 10:15
words	Helaman 10:18
words	Helaman 11:5
words	Helaman 11:7
words	Helaman 11:8
words	Helaman 11:9
words	Helaman 11:13
words	Helaman 11:14
words	Helaman 11:14
words	Helaman 11:16
words	Helaman 12:4
words	Helaman 12:26
words	Helaman 13:5
words	Helaman 13:21
words	Helaman 13:21
words	Helaman 13:21
words	Helaman 13:28
words	Helaman 13:39
words	Helaman 14:10
words	Helaman 14:11
words	Helaman 16:1
words	Helaman 16:1
words	Helaman 16:2
words	Helaman 16:3
words	Helaman 16:5
words	Helaman 16:6
words	Helaman 16:13
words	Helaman 16:21
words	3 Nephi 1:5
words	3 Nephi 1:6
words	3 Nephi 1:15
words	3 Nephi 1:16
words	3 Nephi 1:20
words	3 Nephi 1:26
words	3 Nephi 1:29
words	3 Nephi 3:1
words	3 Nephi 3:7
words	3 Nephi 3:16
words	3 Nephi 3:16
words	3 Nephi 3:25
words	3 Nephi 5:1
words	3 Nephi 5:2
words	3 Nephi 6:20
words	3 Nephi 7:18
words	3 Nephi 10:8
words	3 Nephi 11:12
words	3 Nephi 11:23
words	3 Nephi 11:24
words	3 Nephi 11:41
words	3 Nephi 12:1
words	3 Nephi 12:1
words	3 Nephi 12:2
words	3 Nephi 12:2
words	3 Nephi 13:25
words	3 Nephi 13:25
words	3 Nephi 14:1
words	3 Nephi 15:2
words	3 Nephi 15:11
words	3 Nephi 16:17
words	3 Nephi 17:1
words	3 Nephi 17:2
words	3 Nephi 17:15
words	3 Nephi 17:21
words	3 Nephi 18:8
words	3 Nephi 18:17
words	3 Nephi 18:26
words	3 Nephi 18:37
words	3 Nephi 19:8
words	3 Nephi 19:8
words	3 Nephi 19:21
words	3 Nephi 19:23
words	3 Nephi 19:24
words	3 Nephi 19:28
words	3 Nephi 19:28
words	3 Nephi 19:30
words	3 Nephi 19:32
words	3 Nephi 19:32
words	3 Nephi 19:33
words	3 Nephi 19:34
words	3 Nephi 20:11
words	3 Nephi 21:11
words	3 Nephi 21:22
words	3 Nephi 23:1
words	3 Nephi 23:3
words	3 Nephi 23:4
words	3 Nephi 23:5
words	3 Nephi 23:6
words	3 Nephi 23:10
words	3 Nephi 24:1
words	3 Nephi 24:1
words	3 Nephi 24:13
words	3 Nephi 26:8
words	3 Nephi 27:18
words	3 Nephi 27:18
words	3 Nephi 28:1
words	3 Nephi 28:12
words	3 Nephi 28:33
words	3 Nephi 28:34
words	3 Nephi 28:34
words	3 Nephi 28:34
words	3 Nephi 29:2
words	3 Nephi 29:3
words	3 Nephi 30:1
words	Mormon 1:19
words	Mormon 2:17
words	Mormon 2:24
words	Mormon 4:12
words	Mormon 7:1
words	Mormon 7:1
words	Mormon 9:25
words	Mormon 9:27
words	Mormon 9:30
words	Ether 1:34
words	Ether 3:6
words	Ether 3:11
words	Ether 3:13
words	Ether 3:25
words	Ether 4:10
words	Ether 4:12
words	Ether 5:1
words	Ether 8:2
words	Ether 9:29
words	Ether 11:13
words	Ether 11:22
words	Ether 12:25
words	Ether 12:25
words	Ether 12:25
words	Ether 12:29
words	Ether 13:2
words	Ether 15:1
words	Ether 15:3
words	Ether 15:33
words	Ether 15:34
words	Moroni 2:1
words	Moroni 2:3
words	Moroni 7:1
words	Moroni 7:26
words	Moroni 7:38
words	Moroni 8:8
words	Moroni 8:29
words	Moroni 10:2
words	Moroni 10:26
words	Moroni 10:27
workers	Alma 5:32
workers	Alma 5:37
workers	Alma 37:28
workers	Alma 37:30
workers	Alma 37:31
workest	Ether 12:29
workest	Ether 12:30
worketh	1 Nephi 16:38
worketh	2 Nephi 26:23
worketh	Words of Mormon 1:7
worketh	Alma 24:27
worketh	3 Nephi 29:6
worketh	Ether 8:19
worketh	Moroni 10:7
worketh	Moroni 10:8
workings	1 Nephi 19:20
workings	2 Nephi 1:6
workings	Jacob 4:15
workings	Words of Mormon 1:7
workings	Moroni 6:9
workmen	Mosiah 11:10
workmen	Helaman 6:11
works	1 Nephi 1:14
works	1 Nephi 9:6
works	1 Nephi 15:32
works	1 Nephi 15:32
works	1 Nephi 15:33
works	1 Nephi 15:33
works	2 Nephi 1:10
works	2 Nephi 4:17
works	2 Nephi 9:9
works	2 Nephi 9:44
works	2 Nephi 10:15
works	2 Nephi 25:2
works	2 Nephi 25:2
works	2 Nephi 26:10
works	2 Nephi 26:22
works	2 Nephi 27:27
works	2 Nephi 27:27
works	2 Nephi 28:9
works	2 Nephi 28:23
works	2 Nephi 29:11
works	2 Nephi 30:17
works	Jacob 4:8
works	Jacob 4:10
works	Mosiah 3:24
works	Mosiah 5:15
works	Mosiah 8:20
works	Mosiah 16:10
works	Alma 3:26
works	Alma 5:16
works	Alma 5:16
works	Alma 5:17
works	Alma 5:17
works	Alma 5:35
works	Alma 5:36
works	Alma 5:41
works	Alma 5:41
works	Alma 5:42
works	Alma 5:54
works	Alma 7:24
works	Alma 7:27
works	Alma 9:5
works	Alma 9:28
works	Alma 9:30
works	Alma 11:41
works	Alma 11:44
works	Alma 12:8
works	Alma 12:12
works	Alma 12:15
works	Alma 12:30
works	Alma 12:32
works	Alma 13:3
works	Alma 18:39
works	Alma 19:4
works	Alma 26:22
works	Alma 33:22
works	Alma 37:12
works	Alma 37:21
works	Alma 37:21
works	Alma 37:21
works	Alma 37:23
works	Alma 37:23
works	Alma 37:23
works	Alma 37:25
works	Alma 37:34
works	Alma 37:41
works	Alma 37:41
works	Alma 40:13
works	Alma 40:21
works	Alma 40:26
works	Alma 41:3
works	Alma 41:3
works	Alma 41:4
works	Alma 42:22
works	Alma 42:23
works	Alma 45:12
works	Alma 50:2
works	Alma 50:3
works	Alma 50:4
works	Alma 50:12
works	Helaman 5:6
works	Helaman 5:6
works	Helaman 6:28
works	Helaman 6:30
works	Helaman 6:38
works	Helaman 8:4
works	Helaman 10:3
works	Helaman 10:5
works	Helaman 12:24
works	Helaman 12:24
works	Helaman 15:15
works	Helaman 15:17
works	Helaman 16:16
works	3 Nephi 3:7
works	3 Nephi 3:9
works	3 Nephi 12:16
works	3 Nephi 14:22
works	3 Nephi 21:5
works	3 Nephi 21:5
works	3 Nephi 21:17
works	3 Nephi 26:4
works	3 Nephi 27:10
works	3 Nephi 27:11
works	3 Nephi 27:11
works	3 Nephi 27:11
works	3 Nephi 27:12
works	3 Nephi 27:12
works	3 Nephi 27:14
works	3 Nephi 27:15
works	3 Nephi 27:21
works	3 Nephi 27:24
works	3 Nephi 27:25
works	3 Nephi 27:32
works	3 Nephi 28:31
works	3 Nephi 28:33
works	3 Nephi 29:5
works	4 Nephi 1:5
works	Mormon 3:18
works	Mormon 3:20
works	Mormon 6:21
works	Mormon 7:9
works	Mormon 8:19
works	Mormon 8:27
works	Mormon 9:16
works	Mormon 9:26
works	Mormon 9:26
works	Mormon 9:26
works	Ether 3:18
works	Ether 12:4
works	Moroni 7:5
works	Moroni 7:5
works	Moroni 8:23
worms	2 Nephi 24:11
worms	Ether 14:22
worshippers	4 Nephi 1:37
wouldest	1 Nephi 20:8
wouldst	2 Nephi 4:33
wouldst	Mosiah 22:4
wouldst	Alma 20:18
wouldst	Alma 30:55
wouldst	3 Nephi 27:3
woundedness	1 Nephi 13:32
wounds	Jacob 2:9
wounds	Jacob 2:9
wounds	Jacob 2:35
wounds	Mosiah 20:13
wounds	Alma 2:38
wounds	Alma 44:7
wounds	Alma 49:24
wounds	Alma 57:24
wounds	Alma 57:25
wounds	Alma 58:40
wounds	Ether 14:30
wounds	Ether 15:1
wrent	Alma 14:27
wrists	1 Nephi 18:15
writen	3 Nephi 20:36
writeth	2 Nephi 4:15
writings	Jarom 1:14
wrongs	Alma 54:24
wrongs	Alma 61:6
wrongs	Helaman 5:17
wrongs	3 Nephi 3:4
wrongs	3 Nephi 3:10
wrongs	3 Nephi 3:11
years	1 Nephi 10:4
years	1 Nephi 15:13
years	1 Nephi 17:4
years	1 Nephi 17:4
years	1 Nephi 17:20
years	1 Nephi 17:21
years	1 Nephi 18:17
years	1 Nephi 19:8
years	1 Nephi 22:26
years	2 Nephi 5:28
years	2 Nephi 5:34
years	2 Nephi 17:8
years	2 Nephi 25:19
years	Jacob 1:1
years	Jacob 4:4
years	Jacob 7:1
years	Jacob 7:7
years	Enos 1:8
years	Enos 1:25
years	Jarom 1:5
years	Jarom 1:13
years	Omni 1:3
years	Omni 1:3
years	Omni 1:5
years	Words of Mormon 1:2
years	Mosiah 6:4
years	Mosiah 6:5
years	Mosiah 6:7
years	Mosiah 7:1
years	Mosiah 9:11
years	Mosiah 10:3
years	Mosiah 10:3
years	Mosiah 10:5
years	Mosiah 10:18
years	Mosiah 12:1
years	Mosiah 19:29
years	Mosiah 29:45
years	Mosiah 29:46
years	Mosiah 29:46
years	Alma 1:9
years	Alma 13:7
years	Alma 13:9
years	Alma 16:1
years	Alma 16:11
years	Alma 16:12
years	Alma 17:4
years	Alma 19:16
years	Alma 43:17
years	Alma 45:10
years	Alma 46:38
years	Alma 48:20
years	Alma 48:22
years	Alma 62:39
years	Helaman 4:8
years	Helaman 4:26
years	Helaman 6:32
years	Helaman 7:6
years	Helaman 8:18
years	Helaman 11:24
years	Helaman 11:26
years	Helaman 13:5
years	Helaman 13:9
years	Helaman 14:2
years	3 Nephi 1:1
years	3 Nephi 1:18
years	3 Nephi 1:29
years	3 Nephi 2:5
years	3 Nephi 2:6
years	3 Nephi 2:7
years	3 Nephi 2:8
years	3 Nephi 4:4
years	3 Nephi 5:7
years	3 Nephi 5:8
years	3 Nephi 6:4
years	3 Nephi 6:16
years	3 Nephi 7:8
years	3 Nephi 24:4
years	3 Nephi 28:3
years	4 Nephi 1:6
years	4 Nephi 1:6
years	4 Nephi 1:14
years	4 Nephi 1:18
years	4 Nephi 1:20
years	4 Nephi 1:21
years	4 Nephi 1:22
years	4 Nephi 1:27
years	4 Nephi 1:34
years	4 Nephi 1:40
years	4 Nephi 1:41
years	4 Nephi 1:41
years	4 Nephi 1:45
years	4 Nephi 1:47
years	4 Nephi 1:48
years	Mormon 1:2
years	Mormon 1:3
years	Mormon 1:6
years	Mormon 1:12
years	Mormon 1:15
years	Mormon 2:2
years	Mormon 2:9
years	Mormon 2:15
years	Mormon 3:1
years	Mormon 3:4
years	Mormon 5:5
years	Mormon 6:5
years	Mormon 8:6
years	Ether 2:13
years	Ether 2:14
years	Ether 3:3
years	Ether 7:4
years	Ether 9:12
years	Ether 9:15
years	Ether 9:16
years	Ether 9:22
years	Ether 9:24
years	Ether 9:24
years	Ether 9:25
years	Ether 10:8
years	Ether 10:9
years	Ether 10:9
years	Ether 10:13
years	Ether 10:15
years	Ether 10:29
years	Ether 10:30
years	Ether 10:30
years	Ether 10:32
years	Ether 10:32
years	Ether 11:15
years	Ether 13:31
years	Ether 14:3
years	Ether 14:7
years	Ether 15:14
years	Moroni 9:12
years	Moroni 10:1
yieldeth	1 Nephi 19:10
yieldeth	2 Nephi 26:10
yieldeth	Mosiah 3:19
yieldeth	Mosiah 15:5
yieldeth	Alma 11:23
yoketh	1 Nephi 13:5
yours	Jacob 3:8
yourselves	1 Nephi 19:24
yourselves	1 Nephi 20:14
yourselves	1 Nephi 21:9
yourselves	2 Nephi 6:3
yourselves	2 Nephi 7:1
yourselves	2 Nephi 7:11
yourselves	2 Nephi 10:23
yourselves	2 Nephi 10:24
yourselves	2 Nephi 18:9
yourselves	2 Nephi 18:9
yourselves	2 Nephi 18:9
yourselves	2 Nephi 27:4
yourselves	Jacob 2:3
yourselves	Jacob 2:17
yourselves	Jacob 3:11
yourselves	Jacob 3:11
yourselves	Jacob 4:10
yourselves	Mosiah 2:9
yourselves	Mosiah 2:11
yourselves	Mosiah 2:14
yourselves	Mosiah 2:25
yourselves	Mosiah 2:26
yourselves	Mosiah 2:27
yourselves	Mosiah 2:28
yourselves	Mosiah 2:29
yourselves	Mosiah 2:36
yourselves	Mosiah 4:10
yourselves	Mosiah 4:11
yourselves	Mosiah 4:16
yourselves	Mosiah 4:30
yourselves	Alma 5:16
yourselves	Alma 5:17
yourselves	Alma 5:18
yourselves	Alma 5:20
yourselves	Alma 5:27
yourselves	Alma 5:27
yourselves	Alma 7:3
yourselves	Alma 10:25
yourselves	Alma 13:13
yourselves	Alma 13:14
yourselves	Alma 13:28
yourselves	Alma 14:15
yourselves	Alma 14:20
yourselves	Alma 14:24
yourselves	Alma 30:13
yourselves	Alma 30:27
yourselves	Alma 32:25
yourselves	Alma 32:28
yourselves	Alma 34:19
yourselves	Alma 34:38
yourselves	Alma 43:46
yourselves	Alma 54:18
yourselves	Alma 60:2
yourselves	Alma 60:10
yourselves	Alma 60:18
yourselves	Alma 60:29
yourselves	Helaman 5:8
yourselves	Helaman 7:13
yourselves	Helaman 7:15
yourselves	Helaman 7:25
yourselves	Helaman 8:12
yourselves	Helaman 8:25
yourselves	Helaman 8:25
yourselves	Helaman 13:29
yourselves	Helaman 14:19
yourselves	Helaman 14:30
yourselves	Helaman 15:7
yourselves	Helaman 15:8
yourselves	Helaman 15:15
yourselves	3 Nephi 3:7
yourselves	3 Nephi 12:30
yourselves	3 Nephi 13:19
yourselves	3 Nephi 13:20
yourselves	3 Nephi 20:38
yourselves	Mormon 5:24
yourselves	Mormon 8:33
yourselves	Mormon 8:38
yourselves	Mormon 8:39
yourselves	Mormon 9:10
yourselves	Mormon 9:10
yourselves	Mormon 9:15
yourselves	Mormon 9:28
yourselves	Moroni 10:32
yourselves	Moroni 10:32
zarahemla	Omni 1:12
zarahemla	Omni 1:13
zarahemla	Omni 1:14
zarahemla	Omni 1:14
zarahemla	Omni 1:14
zarahemla	Omni 1:15
zarahemla	Omni 1:18
zarahemla	Omni 1:19
zarahemla	Omni 1:21
zarahemla	Omni 1:24
zarahemla	Omni 1:28
zarahemla	Mosiah 1:1
zarahemla	Mosiah 1:10
zarahemla	Mosiah 1:18
zarahemla	Mosiah 2:4
zarahemla	Mosiah 7:1
zarahemla	Mosiah 7:3
zarahemla	Mosiah 7:9
zarahemla	Mosiah 7:13
zarahemla	Mosiah 7:13
zarahemla	Mosiah 7:14
zarahemla	Mosiah 8:1
zarahemla	Mosiah 8:5
zarahemla	Mosiah 8:7
zarahemla	Mosiah 8:8
zarahemla	Mosiah 8:14
zarahemla	Mosiah 9:2
zarahemla	Mosiah 21:24
zarahemla	Mosiah 21:25
zarahemla	Mosiah 21:26
zarahemla	Mosiah 22:11
zarahemla	Mosiah 22:13
zarahemla	Mosiah 24:25
zarahemla	Mosiah 25:2
zarahemla	Mosiah 25:3
zarahemla	Mosiah 25:4
zarahemla	Mosiah 25:5
zarahemla	Mosiah 25:6
zarahemla	Mosiah 25:13
zarahemla	Mosiah 25:19
zarahemla	Mosiah 25:23
zarahemla	Mosiah 27:35
zarahemla	Mosiah 29:44
zarahemla	Alma 2:15
zarahemla	Alma 2:24
zarahemla	Alma 2:26
zarahemla	Alma 3:20
zarahemla	Alma 4:1
zarahemla	Alma 5:1
zarahemla	Alma 5:2
zarahemla	Alma 6:1
zarahemla	Alma 6:4
zarahemla	Alma 6:7
zarahemla	Alma 7:3
zarahemla	Alma 7:5
zarahemla	Alma 8:1
zarahemla	Alma 8:1
zarahemla	Alma 15:18
zarahemla	Alma 16:1
zarahemla	Alma 17:1
zarahemla	Alma 17:7
zarahemla	Alma 22:27
zarahemla	Alma 22:27
zarahemla	Alma 22:28
zarahemla	Alma 22:30
zarahemla	Alma 22:32
zarahemla	Alma 25:2
zarahemla	Alma 26:1
zarahemla	Alma 26:9
zarahemla	Alma 26:23
zarahemla	Alma 27:5
zarahemla	Alma 27:14
zarahemla	Alma 27:15
zarahemla	Alma 27:20
zarahemla	Alma 28:1
zarahemla	Alma 30:6
zarahemla	Alma 30:29
zarahemla	Alma 31:3
zarahemla	Alma 31:6
zarahemla	Alma 35:14
zarahemla	Alma 45:18
zarahemla	Alma 46:33
zarahemla	Alma 47:29
zarahemla	Alma 48:6
zarahemla	Alma 50:7
zarahemla	Alma 50:9
zarahemla	Alma 50:11
zarahemla	Alma 51:11
zarahemla	Alma 52:12
zarahemla	Alma 53:10
zarahemla	Alma 53:12
zarahemla	Alma 56:25
zarahemla	Alma 56:28
zarahemla	Alma 56:57
zarahemla	Alma 57:6
zarahemla	Alma 57:11
zarahemla	Alma 57:15
zarahemla	Alma 57:16
zarahemla	Alma 57:16
zarahemla	Alma 57:28
zarahemla	Alma 57:30
zarahemla	Alma 58:3
zarahemla	Alma 58:4
zarahemla	Alma 58:23
zarahemla	Alma 58:24
zarahemla	Alma 59:4
zarahemla	Alma 60:1
zarahemla	Alma 60:30
zarahemla	Alma 61:8
zarahemla	Alma 61:8
zarahemla	Alma 61:18
zarahemla	Alma 62:6
zarahemla	Alma 62:7
zarahemla	Alma 62:11
zarahemla	Alma 62:14
zarahemla	Alma 62:42
zarahemla	Alma 63:4
zarahemla	Helaman 1:15
zarahemla	Helaman 1:17
zarahemla	Helaman 1:18
zarahemla	Helaman 1:18
zarahemla	Helaman 1:22
zarahemla	Helaman 1:23
zarahemla	Helaman 1:27
zarahemla	Helaman 1:29
zarahemla	Helaman 1:33
zarahemla	Helaman 3:3
zarahemla	Helaman 3:31
zarahemla	Helaman 4:5
zarahemla	Helaman 5:16
zarahemla	Helaman 5:19
zarahemla	Helaman 6:4
zarahemla	Helaman 7:1
zarahemla	Helaman 7:10
zarahemla	Helaman 13:2
zarahemla	Helaman 13:12
zarahemla	3 Nephi 1:2
zarahemla	3 Nephi 2:9
zarahemla	3 Nephi 3:23
zarahemla	3 Nephi 3:23
zarahemla	3 Nephi 6:25
zarahemla	3 Nephi 8:8
zarahemla	3 Nephi 8:24
zarahemla	3 Nephi 9:3
zarahemla	4 Nephi 1:8
zarahemla	Mormon 1:6
zarahemla	Mormon 1:10
zarahemla	Ether 9:31
zebulun	2 Nephi 19:1
zechariah	2 Nephi 18:2
zedekiah	1 Nephi 1:4
zedekiah	1 Nephi 5:12
zedekiah	1 Nephi 5:13
zedekiah	Omni 1:15
zedekiah	Helaman 6:10
zedekiah	Helaman 8:21
zedekiah	Helaman 8:21
zedekiah	3 Nephi 19:4
zeezrom	Alma 10:31
zeezrom	Alma 11:21
zeezrom	Alma 11:21
zeezrom	Alma 11:22
zeezrom	Alma 11:26
zeezrom	Alma 11:28
zeezrom	Alma 11:30
zeezrom	Alma 11:32
zeezrom	Alma 11:34
zeezrom	Alma 11:35
zeezrom	Alma 11:38
zeezrom	Alma 11:46
zeezrom	Alma 12:1
zeezrom	Alma 12:2
zeezrom	Alma 12:3
zeezrom	Alma 12:7
zeezrom	Alma 12:8
zeezrom	Alma 14:2
zeezrom	Alma 14:6
zeezrom	Alma 15:3
zeezrom	Alma 15:5
zeezrom	Alma 15:11
zeezrom	Alma 15:12
zeezrom	Alma 31:6
zeezrom	Alma 31:32
zeezrom	Alma 56:14
zeezrom	Helaman 5:10
zeezrom	Helaman 5:41
zemnarihah	3 Nephi 4:17
zemnarihah	3 Nephi 4:17
zemnarihah	3 Nephi 4:22
zemnarihah	3 Nephi 4:23
zemnarihah	3 Nephi 4:28
zenas	Helaman 8:19
zenephi	Moroni 9:16
zeniff	Mosiah 7:9
zeniff	Mosiah 7:13
zeniff	Mosiah 7:21
zeniff	Mosiah 7:21
zeniff	Mosiah 8:2
zeniff	Mosiah 9:1
zeniff	Mosiah 10:19
zeniff	Mosiah 11:1
zeniff	Mosiah 25:5
zeniff	Mosiah 25:5
zenoch	Helaman 8:20
zenock	1 Nephi 19:10
zenock	Alma 33:15
zenock	Alma 34:7
zenock	3 Nephi 10:16
zenos	1 Nephi 19:10
zenos	1 Nephi 19:12
zenos	1 Nephi 19:16
zenos	Jacob 5:1
zenos	Jacob 6:1
zenos	Alma 33:3
zenos	Alma 33:13
zenos	Alma 33:15
zenos	Alma 34:7
zenos	Helaman 15:11
zenos	3 Nephi 10:16
zerahemnah	Alma 43:5
zerahemnah	Alma 43:6
zerahemnah	Alma 43:20
zerahemnah	Alma 43:44
zerahemnah	Alma 43:53
zerahemnah	Alma 44:1
zerahemnah	Alma 44:1
zerahemnah	Alma 44:5
zerahemnah	Alma 44:8
zerahemnah	Alma 44:10
zerahemnah	Alma 44:10
zerahemnah	Alma 44:12
zerahemnah	Alma 44:12
zerahemnah	Alma 44:12
zerahemnah	Alma 44:13
zerahemnah	Alma 44:16
zerahemnah	Alma 44:19
zeram	Alma 2:22
zerin	Ether 12:30
ziff	Mosiah 11:3
ziff	Mosiah 11:8
zion	1 Nephi 13:37
zion	1 Nephi 21:14
zion	1 Nephi 22:14
zion	1 Nephi 22:19
zion	2 Nephi 6:12
zion	2 Nephi 6:13
zion	2 Nephi 8:3
zion	2 Nephi 8:11
zion	2 Nephi 8:16
zion	2 Nephi 8:24
zion	2 Nephi 8:25
zion	2 Nephi 10:13
zion	2 Nephi 10:16
zion	2 Nephi 12:3
zion	2 Nephi 13:16
zion	2 Nephi 13:17
zion	2 Nephi 14:3
zion	2 Nephi 14:4
zion	2 Nephi 14:5
zion	2 Nephi 14:5
zion	2 Nephi 18:18
zion	2 Nephi 20:12
zion	2 Nephi 20:24
zion	2 Nephi 20:32
zion	2 Nephi 22:6
zion	2 Nephi 24:32
zion	2 Nephi 26:29
zion	2 Nephi 26:30
zion	2 Nephi 26:31
zion	2 Nephi 26:31
zion	2 Nephi 27:3
zion	2 Nephi 27:3
zion	2 Nephi 28:21
zion	2 Nephi 28:21
zion	2 Nephi 28:24
zion	Mosiah 12:21
zion	Mosiah 12:22
zion	Mosiah 15:14
zion	Mosiah 15:29
zion	3 Nephi 16:18
zion	3 Nephi 20:36
zion	3 Nephi 20:37
zion	3 Nephi 20:40
zion	3 Nephi 21:1
zion	Moroni 10:31
zoram	1 Nephi 4:35
zoram	1 Nephi 4:35
zoram	1 Nephi 4:37
zoram	1 Nephi 16:7
zoram	2 Nephi 1:30
zoram	2 Nephi 5:6
zoram	Alma 16:5
zoram	Alma 16:5
zoram	Alma 16:7
zoram	Alma 30:59
zoram	Alma 31:1
zoram	Alma 54:23
zoramite	Alma 52:20
zoramite	Alma 52:33
zoramites	Jacob 1:13
zoramites	Alma 30:59
zoramites	Alma 31:1
zoramites	Alma 31:2
zoramites	Alma 31:3
zoramites	Alma 31:4
zoramites	Alma 31:7
zoramites	Alma 31:8
zoramites	Alma 31:12
zoramites	Alma 35:2
zoramites	Alma 35:3
zoramites	Alma 35:8
zoramites	Alma 35:8
zoramites	Alma 35:9
zoramites	Alma 35:10
zoramites	Alma 35:11
zoramites	Alma 35:13
zoramites	Alma 35:14
zoramites	Alma 38:3
zoramites	Alma 38:13
zoramites	Alma 39:2
zoramites	Alma 39:11
zoramites	Alma 43:4
zoramites	Alma 43:5
zoramites	Alma 43:6
zoramites	Alma 43:13
zoramites	Alma 43:20
zoramites	Alma 43:44
zoramites	Alma 48:5
zoramites	3 Nephi 1:29
zoramites	4 Nephi 1:36
zoramites	4 Nephi 1:37
zoramites	Mormon 1:8
